Age,CGPA,Attendance,10th_Percentage,12th_Percentage,Backlogs,Internship,Projects,Communication_Score,Aptitude_Score,Placement_Status,Gender_Female,Gender_Male,Department_CE,Department_CSE,Department_ECE,Department_EEE,Department_IT,Department_ME
23,7.16,87.2,73.07,81.21,2,0,1,76,80,0,0,1,0,1,0,0,0,0
24,6.26,74.31,97.98,93.74,4,0,1,50,78,0,0,1,0,0,0,0,0,1
22,6.63,65.89,59.25,65.14,2,0,1,51,48,0,1,0,0,0,1,0,0,0
24,5.39,56.99,57.9,56.6,3,1,1,60,71,0,0,1,0,0,0,0,0,1
24,7.49,53.76,85.67,90.98,3,0,1,54,95,0,0,1,0,0,0,1,0,0
21,5.74,52.24,53.73,69.13,2,0,5,51,92,0,0,1,0,0,0,1,0,0
22,9.06,58.09,74.14,82.55,0,1,1,61,46,1,0,1,0,0,0,1,0,0
22,7.1,51.51,74.2,86.87,3,1,0,78,51,0,0,1,0,0,0,0,0,1
22,8.83,86.63,65.5,66.34,1,0,0,95,62,1,0,1,0,0,0,0,0,1
24,9.77,62.43,96.52,75.26,0,0,0,74,56,1,0,1,0,0,0,0,0,1
23,9.25,68.44,64.13,94.75,2,0,5,81,91,1,1,0,0,1,0,0,0,0
22,9.76,91.14,64.42,93.99,0,0,4,55,60,1,1,0,0,0,0,0,0,1
24,7.84,55.73,61.71,87.47,1,1,2,72,51,1,1,0,0,0,0,1,0,0
21,5.83,91.78,57.29,88.14,3,1,4,92,61,0,0,1,0,0,0,0,1,0
23,9.68,81.98,68.2,94.88,3,0,1,82,62,1,0,1,0,0,0,0,0,1
21,9.34,67.1,84.04,86.82,3,1,2,88,44,1,0,1,0,0,0,0,1,0
23,9.32,55.89,87.11,66.98,1,1,0,53,57,1,0,1,0,0,0,1,0,0
24,8.47,54.57,90.67,56.04,0,0,0,57,76,0,0,1,0,0,0,0,0,1
20,8.12,66.78,59.88,71.09,2,1,3,83,76,1,1,0,0,1,0,0,0,0
23,5.07,57.02,51.78,54.37,2,1,1,55,46,0,0,1,0,1,0,0,0,0
21,8.74,63.39,98.73,55.79,0,0,1,79,100,1,0,1,0,0,0,0,1,0
24,5.46,52.65,50.72,97.51,3,1,3,42,42,0,0,1,1,0,0,0,0,0
23,6.3,79.75,98.03,83.79,2,1,4,82,40,1,1,0,0,1,0,0,0,0
20,7.76,57.26,91.44,92.58,3,1,3,65,99,1,0,1,0,1,0,0,0,0
20,7.26,87.84,95.6,82.14,4,0,5,54,45,0,1,0,0,1,0,0,0,0
22,5.08,60.91,69.36,70.93,4,1,1,75,99,0,0,1,0,0,0,1,0,0
22,9.12,89.9,59.86,51.26,2,1,5,66,46,1,1,0,0,1,0,0,0,0
21,9.39,59.49,80.32,97.79,0,0,5,87,66,1,1,0,0,0,1,0,0,0
23,8.41,86.07,87.06,53.55,0,1,5,93,97,1,0,1,0,0,0,0,0,1
23,7.71,66.65,56.54,80.51,0,1,0,95,70,1,0,1,0,1,0,0,0,0
22,9.8,79.16,89.88,55.11,3,0,3,56,47,1,0,1,1,0,0,0,0,0
23,5.6,51.93,60.43,64.21,4,1,2,53,53,0,0,1,1,0,0,0,0,0
23,8.69,74.76,74.58,59.29,3,1,0,41,94,0,1,0,0,1,0,0,0,0
20,5.64,57.43,92.82,77.69,1,0,4,66,54,0,1,0,0,1,0,0,0,0
22,6.91,74.32,59.67,94.35,1,0,0,93,46,0,1,0,0,0,1,0,0,0
24,7.93,57.07,62.09,81.78,2,0,4,86,46,0,1,0,0,1,0,0,0,0
22,8.69,71.85,53.14,83.21,1,0,0,63,72,0,0,1,0,1,0,0,0,0
24,5.02,55.53,57.33,95.45,0,0,1,99,80,0,0,1,0,0,0,0,0,1
20,6.3,61.0,57.33,87.47,2,0,5,79,96,0,1,0,1,0,0,0,0,0
21,7.69,79.75,60.17,93.3,4,1,4,84,46,1,0,1,0,0,1,0,0,0
23,7.66,98.83,64.31,70.82,4,1,4,74,96,1,1,0,1,0,0,0,0,0
20,8.19,72.46,90.75,93.27,1,0,3,43,98,1,0,1,0,0,1,0,0,0
23,6.52,84.36,95.79,82.29,1,1,0,65,59,0,0,1,1,0,0,0,0,0
21,7.7,76.97,70.31,56.78,4,0,4,75,46,0,1,0,0,1,0,0,0,0
21,5.95,74.92,56.41,51.94,1,1,4,43,89,0,0,1,1,0,0,0,0,0
20,5.93,53.24,61.19,62.2,1,1,0,73,53,0,1,0,1,0,0,0,0,0
21,7.88,57.21,86.81,68.92,3,0,0,52,93,0,1,0,0,0,1,0,0,0
24,8.43,94.15,83.87,91.88,4,1,2,93,54,1,1,0,0,0,0,0,1,0
21,5.6,70.51,98.36,87.06,4,0,3,79,57,0,1,0,0,0,1,0,0,0
23,5.61,80.72,50.72,97.77,1,1,4,80,49,0,1,0,0,0,1,0,0,0
23,7.83,76.41,87.54,77.96,0,1,0,100,74,1,1,0,0,0,1,0,0,0
23,6.35,68.94,75.29,87.39,3,1,4,40,66,0,0,1,0,0,0,1,0,0
23,6.96,69.39,95.13,63.76,0,1,2,40,100,1,0,1,0,0,0,1,0,0
24,7.0,77.77,78.81,83.98,1,0,2,48,82,0,1,0,0,0,0,1,0,0
22,5.89,57.06,72.33,85.31,4,0,4,50,40,0,0,1,0,0,1,0,0,0
20,5.01,69.36,83.29,92.42,0,0,3,55,94,0,0,1,0,0,0,0,1,0
23,9.27,72.35,91.68,76.82,2,0,1,68,67,1,0,1,0,0,1,0,0,0
21,8.58,99.26,64.12,82.45,0,0,4,75,73,1,1,0,0,1,0,0,0,0
23,8.45,67.57,55.38,60.15,4,1,2,54,87,0,1,0,0,0,0,0,1,0
21,7.73,82.23,71.65,86.84,1,1,3,98,42,1,0,1,0,0,0,1,0,0
21,8.5,56.87,60.73,91.92,0,0,5,78,99,1,1,0,1,0,0,0,0,0
23,9.68,53.27,71.48,79.69,1,1,0,41,88,1,1,0,1,0,0,0,0,0
24,8.33,93.58,99.55,55.78,3,1,5,49,42,1,1,0,0,0,0,0,0,1
21,6.33,86.54,78.71,65.64,2,0,3,88,50,0,1,0,0,0,0,0,1,0
21,7.85,65.87,84.68,73.78,4,1,3,50,43,0,1,0,0,0,0,1,0,0
23,7.21,75.23,83.9,83.86,4,1,4,69,69,1,0,1,0,0,0,0,1,0
21,7.78,56.79,91.04,66.02,1,1,3,62,78,1,1,0,0,0,0,0,1,0
21,7.59,85.36,97.21,92.01,2,0,0,61,93,0,0,1,1,0,0,0,0,0
23,9.29,53.52,82.94,68.59,4,1,5,90,71,1,1,0,0,0,1,0,0,0
23,8.26,87.85,73.8,52.14,0,0,4,81,55,1,1,0,0,1,0,0,0,0
20,5.94,77.34,65.89,89.7,4,1,2,75,56,0,0,1,0,0,0,0,0,1
24,5.32,63.94,68.01,82.21,0,0,0,68,50,0,0,1,0,0,0,1,0,0
24,7.12,93.13,66.72,90.1,4,1,4,84,75,1,1,0,0,0,0,0,1,0
21,5.08,99.3,66.22,67.44,0,0,4,71,71,0,0,1,0,0,0,0,0,1
24,6.59,62.72,84.73,50.88,3,0,1,72,96,0,1,0,0,0,0,0,1,0
21,6.84,90.31,79.39,53.69,1,0,0,78,74,0,0,1,1,0,0,0,0,0
20,6.88,87.51,60.1,55.59,3,0,3,48,93,0,0,1,0,1,0,0,0,0
23,9.9,87.36,98.48,90.26,0,0,0,40,66,1,1,0,1,0,0,0,0,0
23,6.52,97.86,71.39,65.07,1,1,0,57,87,0,1,0,0,0,0,0,0,1
23,6.33,74.33,78.3,99.89,2,0,1,89,73,0,1,0,0,0,0,1,0,0
24,5.65,83.71,85.13,87.92,0,0,3,87,44,0,0,1,0,0,0,0,1,0
20,7.56,91.19,80.68,80.06,4,0,5,61,64,0,1,0,0,1,0,0,0,0
24,5.77,73.98,65.55,99.18,4,1,1,87,67,0,1,0,1,0,0,0,0,0
24,8.08,74.07,89.89,65.82,2,1,1,76,57,1,1,0,0,0,0,0,0,1
20,5.78,65.93,55.51,58.28,3,1,1,53,42,0,1,0,1,0,0,0,0,0
20,7.88,89.04,78.45,86.86,0,1,0,61,67,1,1,0,0,0,0,0,1,0
20,9.13,84.31,63.67,63.9,4,0,5,72,41,1,0,1,0,0,0,0,1,0
20,5.21,72.56,80.79,98.05,1,1,1,45,73,0,0,1,0,0,0,1,0,0
23,7.1,70.97,60.9,99.4,2,1,2,66,61,0,1,0,0,1,0,0,0,0
22,7.31,53.63,88.61,96.32,3,0,3,45,61,0,0,1,0,0,1,0,0,0
22,8.96,50.33,61.38,97.24,3,0,5,94,92,1,1,0,1,0,0,0,0,0
20,7.34,76.44,94.52,80.78,1,0,3,83,69,1,0,1,0,0,0,0,1,0
22,7.84,70.87,93.08,84.61,1,1,5,89,73,1,1,0,0,0,0,0,0,1
22,8.96,89.8,68.12,54.71,2,1,1,93,87,1,1,0,1,0,0,0,0,0
20,7.8,77.13,69.29,88.15,1,1,5,80,40,1,0,1,0,0,0,1,0,0
22,6.79,96.84,85.08,60.1,4,1,0,55,68,0,0,1,0,0,0,1,0,0
24,5.43,59.81,54.52,92.02,3,1,5,86,100,0,0,1,0,0,0,0,1,0
21,8.65,99.51,54.05,98.08,1,1,4,96,58,1,1,0,0,0,0,0,1,0
21,9.36,64.9,56.82,60.62,0,0,4,41,58,1,1,0,0,0,0,0,1,0
20,9.85,82.12,78.12,53.9,1,1,0,76,80,1,0,1,0,0,1,0,0,0
23,9.63,75.09,57.45,74.19,3,1,1,68,91,1,1,0,0,0,0,0,1,0
20,8.99,67.98,63.88,89.58,4,0,1,62,80,0,0,1,1,0,0,0,0,0
23,8.22,56.97,82.35,88.53,1,0,2,60,68,1,0,1,1,0,0,0,0,0
21,8.91,56.74,50.78,84.84,4,1,4,52,82,1,1,0,0,1,0,0,0,0
20,7.16,85.58,59.01,91.03,0,1,4,90,72,1,0,1,0,0,0,0,0,1
24,7.97,68.88,96.5,58.75,3,0,3,40,90,0,0,1,0,0,0,0,1,0
22,6.74,98.06,83.18,82.6,2,1,1,68,56,0,0,1,1,0,0,0,0,0
23,6.63,66.28,65.28,80.28,3,0,0,87,77,0,0,1,1,0,0,0,0,0
22,8.78,99.18,52.27,57.67,2,0,1,46,40,0,0,1,1,0,0,0,0,0
22,7.27,60.27,79.3,70.72,2,1,1,70,89,0,0,1,0,0,1,0,0,0
20,6.06,55.14,61.14,92.63,3,0,2,84,80,0,1,0,0,0,0,0,0,1
22,6.01,65.63,98.01,98.59,2,0,5,95,98,1,0,1,0,0,0,1,0,0
24,9.3,94.28,84.35,83.27,4,0,5,61,72,1,0,1,1,0,0,0,0,0
22,8.39,76.09,98.71,96.1,0,1,0,55,75,1,0,1,0,0,0,0,1,0
20,7.73,56.78,92.44,56.6,1,0,2,67,61,0,0,1,1,0,0,0,0,0
24,7.0,60.12,74.15,98.75,2,0,2,83,57,0,1,0,0,0,0,0,0,1
21,7.15,65.56,83.48,51.68,2,0,2,78,56,0,1,0,0,0,0,1,0,0
22,5.29,79.51,90.61,76.36,3,0,5,64,71,0,0,1,0,0,1,0,0,0
20,7.27,66.62,78.91,64.55,4,1,2,53,59,0,1,0,0,1,0,0,0,0
21,8.98,87.35,53.07,90.7,1,1,1,89,90,1,1,0,0,0,0,0,1,0
21,6.94,80.81,73.52,60.88,2,1,5,60,94,1,1,0,0,1,0,0,0,0
23,6.92,93.69,56.53,50.58,4,1,5,58,62,0,0,1,0,0,1,0,0,0
24,5.08,75.05,85.74,70.73,1,1,3,99,67,0,0,1,0,0,0,0,0,1
22,7.29,66.56,84.03,53.21,3,1,1,52,85,0,0,1,0,0,0,0,0,1
20,5.13,99.81,99.65,64.5,2,1,2,41,65,0,1,0,0,0,1,0,0,0
23,7.85,67.78,81.44,82.19,3,0,2,90,98,0,0,1,1,0,0,0,0,0
24,7.53,71.43,90.01,64.74,3,0,3,75,46,0,1,0,0,0,1,0,0,0
23,9.2,90.46,63.41,62.29,2,0,4,53,80,1,0,1,0,0,0,0,1,0
24,7.91,54.43,67.0,57.77,4,0,0,73,96,0,0,1,0,0,0,1,0,0
24,6.62,69.32,95.85,56.76,4,1,2,57,59,0,1,0,0,1,0,0,0,0
22,7.58,54.29,87.76,76.29,3,0,2,63,80,0,0,1,0,1,0,0,0,0
24,8.5,56.97,82.76,84.08,3,0,1,69,86,0,0,1,0,0,0,0,0,1
23,5.47,50.23,62.7,72.64,0,0,2,90,50,0,1,0,1,0,0,0,0,0
24,8.11,50.48,84.93,56.18,1,1,2,58,46,1,1,0,0,0,0,0,0,1
22,9.58,69.01,94.34,82.39,3,0,0,75,77,1,1,0,0,0,0,0,1,0
22,6.5,90.46,61.54,77.86,3,0,1,98,66,0,1,0,0,0,1,0,0,0
23,8.13,79.35,85.31,69.06,1,0,4,60,48,1,1,0,0,1,0,0,0,0
21,9.11,81.75,69.68,66.5,2,1,2,58,43,1,1,0,0,0,0,0,1,0
21,7.56,75.96,55.94,59.16,4,0,2,93,88,0,0,1,0,0,0,0,0,1
24,8.59,90.99,88.17,57.31,2,0,4,65,77,1,0,1,0,0,0,0,0,1
20,6.56,94.02,58.36,66.94,1,0,3,74,68,0,0,1,0,1,0,0,0,0
24,6.53,92.49,62.64,52.08,1,0,4,79,88,1,0,1,0,0,0,0,0,1
23,8.34,90.61,89.15,71.83,0,1,4,43,65,1,1,0,1,0,0,0,0,0
23,8.53,59.14,87.11,80.08,0,1,1,60,64,1,1,0,0,0,0,0,0,1
23,9.69,79.69,62.71,97.08,4,1,5,42,53,1,1,0,0,0,0,1,0,0
23,6.12,79.11,97.05,81.29,3,1,4,44,76,0,0,1,0,0,1,0,0,0
23,7.34,76.4,60.76,81.2,1,1,1,82,89,1,1,0,0,0,0,0,0,1
22,6.25,74.04,99.68,68.72,0,1,5,68,67,1,0,1,0,0,0,1,0,0
21,5.4,54.46,86.89,56.67,2,1,4,94,47,0,1,0,0,0,0,0,1,0
23,7.02,55.11,69.63,72.35,0,0,2,58,81,0,1,0,0,0,0,0,0,1
20,6.87,95.11,56.52,79.93,2,0,2,90,50,0,0,1,1,0,0,0,0,0
20,6.35,81.51,66.03,86.2,0,1,5,56,93,1,0,1,0,0,0,0,1,0
20,6.48,63.12,59.69,91.3,2,1,3,73,100,1,0,1,0,0,0,0,0,1
20,6.8,63.97,81.09,62.8,0,0,5,59,74,1,1,0,0,1,0,0,0,0
22,9.94,80.51,67.84,62.06,0,0,4,67,98,1,1,0,0,0,0,1,0,0
20,8.91,70.35,64.75,78.26,4,1,0,48,70,0,1,0,0,0,0,1,0,0
23,5.36,72.07,87.86,78.3,3,0,4,42,73,0,0,1,0,1,0,0,0,0
24,9.36,53.03,61.53,60.9,1,1,5,49,97,1,0,1,0,0,1,0,0,0
20,8.17,56.94,79.34,79.37,3,0,0,60,98,0,1,0,1,0,0,0,0,0
22,9.45,69.67,59.73,67.29,4,0,5,80,85,1,1,0,0,0,0,1,0,0
22,6.71,84.98,85.74,81.97,2,1,4,91,75,1,0,1,0,0,0,0,1,0
20,7.32,52.4,81.26,64.55,3,0,1,43,56,0,0,1,1,0,0,0,0,0
24,9.48,66.73,89.91,79.61,1,1,2,61,88,1,1,0,0,0,0,1,0,0
20,6.36,84.75,53.42,88.42,1,0,0,46,60,0,0,1,0,0,1,0,0,0
22,9.58,89.6,60.51,99.01,2,0,0,51,65,1,0,1,0,0,0,0,1,0
21,9.14,59.51,57.72,95.55,1,0,4,50,80,1,0,1,1,0,0,0,0,0
23,9.9,86.57,59.53,75.18,4,1,2,61,67,1,0,1,0,0,0,0,1,0
22,6.62,97.77,55.15,74.42,3,0,3,68,92,0,1,0,0,1,0,0,0,0
20,6.18,95.34,78.1,71.89,1,0,0,100,61,0,1,0,0,0,0,0,0,1
23,6.65,89.47,79.67,51.39,3,0,2,100,97,0,1,0,0,1,0,0,0,0
20,9.77,85.62,92.17,58.3,0,1,2,66,80,1,0,1,1,0,0,0,0,0
20,6.67,61.76,70.89,52.96,3,1,0,86,42,0,0,1,0,0,0,0,0,1
21,7.83,81.7,76.62,84.82,2,0,1,59,67,0,0,1,0,1,0,0,0,0
23,7.02,82.16,99.57,70.66,4,0,5,53,75,0,0,1,0,0,0,0,0,1
23,6.98,70.34,76.59,53.19,1,1,1,46,41,0,1,0,0,0,0,1,0,0
21,5.97,74.65,78.68,84.53,4,0,4,54,85,0,0,1,0,0,0,0,1,0
22,7.69,84.7,99.8,82.22,3,1,5,85,59,1,0,1,0,0,0,0,0,1
20,9.25,97.61,99.71,86.0,1,1,5,67,79,1,0,1,0,0,0,1,0,0
24,5.25,64.77,71.2,79.99,4,1,4,82,89,0,0,1,0,0,1,0,0,0
20,9.45,62.32,81.75,58.08,2,0,2,49,75,1,0,1,0,1,0,0,0,0
20,8.33,80.09,74.04,53.07,0,0,0,90,47,0,0,1,0,0,1,0,0,0
22,8.08,56.54,86.04,90.86,0,0,1,42,78,1,1,0,1,0,0,0,0,0
20,8.13,79.13,96.92,60.79,2,1,2,51,64,1,0,1,0,0,0,1,0,0
21,6.48,54.44,65.48,77.13,0,0,1,52,54,0,0,1,0,0,1,0,0,0
21,7.08,74.53,90.94,74.26,2,1,0,78,69,0,1,0,0,0,1,0,0,0
23,9.0,81.02,82.74,96.05,3,1,1,83,86,1,1,0,0,0,0,1,0,0
24,6.53,53.51,64.01,77.62,2,1,3,93,73,0,1,0,0,0,0,0,1,0
20,7.35,60.35,89.86,79.0,0,1,4,73,43,1,1,0,0,0,0,0,0,1
20,5.1,66.77,71.36,65.98,3,0,5,40,96,0,0,1,1,0,0,0,0,0
22,8.67,68.43,56.02,97.93,2,0,1,77,61,0,0,1,1,0,0,0,0,0
21,7.09,83.81,99.67,80.62,2,0,0,64,64,0,0,1,0,1,0,0,0,0
24,7.63,76.45,71.28,50.25,3,1,0,58,48,0,1,0,0,0,0,0,0,1
23,5.57,69.11,77.08,77.8,1,1,3,64,62,0,1,0,0,1,0,0,0,0
21,9.96,72.53,90.4,68.19,0,1,0,45,78,1,0,1,1,0,0,0,0,0
23,6.51,50.65,98.04,51.61,1,1,3,84,95,1,0,1,0,0,0,0,0,1
22,8.17,88.53,93.64,71.58,3,0,2,43,89,0,1,0,0,0,1,0,0,0
22,7.91,52.05,76.25,88.68,3,1,1,65,97,0,0,1,0,0,0,0,1,0
20,8.93,91.47,77.28,75.19,4,0,0,65,51,0,1,0,0,0,1,0,0,0
24,6.47,77.05,64.04,81.97,4,1,4,65,53,0,1,0,0,0,0,0,1,0
23,8.78,76.39,73.14,81.99,3,1,1,53,46,0,1,0,0,0,0,1,0,0
21,6.91,85.23,97.34,83.55,4,1,3,71,70,0,1,0,0,1,0,0,0,0
22,7.06,92.98,86.35,69.38,2,0,1,87,45,0,1,0,0,1,0,0,0,0
20,8.36,97.13,50.59,68.5,1,1,1,67,62,1,0,1,0,0,0,1,0,0
20,8.92,77.17,55.83,50.23,3,0,0,100,93,0,1,0,0,0,0,0,0,1
23,8.33,57.53,96.19,57.71,2,1,4,41,98,1,1,0,0,0,0,1,0,0
22,9.5,93.93,92.44,97.54,0,1,2,80,58,1,0,1,1,0,0,0,0,0
24,6.43,52.03,74.31,92.12,0,0,4,84,60,1,0,1,0,0,0,1,0,0
22,9.5,90.37,80.85,63.76,4,1,5,60,58,1,0,1,0,0,0,0,1,0
23,5.65,84.02,64.48,70.06,4,1,3,85,93,0,0,1,1,0,0,0,0,0
23,8.3,95.24,89.64,97.0,2,0,5,53,86,1,1,0,0,0,0,1,0,0
22,7.74,94.87,80.17,62.52,0,1,4,76,58,1,1,0,0,1,0,0,0,0
23,7.47,52.66,84.74,76.63,3,0,4,41,83,0,0,1,0,0,1,0,0,0
22,6.55,80.47,68.75,51.1,1,1,3,44,73,0,0,1,0,0,0,0,1,0
21,7.52,56.23,71.52,80.99,4,1,4,77,82,0,1,0,0,0,0,0,1,0
22,5.81,53.92,60.38,96.5,2,1,2,41,52,0,0,1,0,0,0,0,0,1
22,6.85,72.41,97.4,94.24,4,0,1,40,75,0,0,1,0,0,1,0,0,0
23,5.49,54.88,97.33,75.1,2,0,2,87,64,0,1,0,0,0,0,0,1,0
23,7.86,86.4,90.89,82.48,0,0,5,61,72,1,0,1,0,0,0,1,0,0
20,5.48,98.45,96.78,78.49,4,0,1,80,95,0,0,1,0,0,0,0,1,0
20,5.8,78.48,83.27,53.35,2,1,1,64,60,0,0,1,0,0,0,0,1,0
21,5.43,61.76,61.73,57.94,2,1,4,85,73,0,0,1,0,0,0,0,1,0
20,6.91,92.16,88.01,98.19,4,1,1,69,85,0,1,0,0,0,0,0,0,1
22,9.21,92.66,66.26,62.8,1,0,3,48,64,1,0,1,0,0,0,0,1,0
23,9.53,86.64,72.02,69.22,3,0,2,100,57,1,0,1,0,0,0,0,1,0
20,5.36,80.76,63.72,75.45,0,1,1,76,82,0,1,0,0,0,0,0,0,1
20,8.17,93.39,71.18,98.96,4,1,4,86,50,1,1,0,1,0,0,0,0,0
21,8.42,58.16,83.97,84.5,4,0,4,49,58,0,0,1,0,0,1,0,0,0
21,7.67,96.58,55.53,81.48,1,0,4,54,88,1,0,1,1,0,0,0,0,0
22,8.33,97.36,55.26,76.22,0,0,0,88,88,1,1,0,0,1,0,0,0,0
23,6.17,93.6,84.19,85.03,4,1,2,42,73,0,0,1,0,0,0,0,0,1
21,7.45,62.53,88.98,83.2,1,0,4,47,41,1,0,1,0,0,0,0,0,1
20,6.95,92.91,77.57,95.14,3,0,3,64,69,0,1,0,0,0,0,0,1,0
23,5.45,74.88,59.08,77.09,2,1,4,75,84,0,1,0,0,0,0,0,1,0
23,8.13,79.75,71.54,71.08,3,0,0,82,77,0,1,0,0,1,0,0,0,0
20,7.48,92.03,87.91,90.36,3,1,2,99,54,1,1,0,0,0,0,0,1,0
21,6.38,51.48,84.29,89.99,3,1,1,90,50,0,1,0,0,0,0,1,0,0
20,7.37,68.15,55.49,58.49,3,0,2,85,63,0,0,1,0,0,0,0,1,0
23,8.88,90.78,98.46,61.84,2,0,1,89,99,1,1,0,0,0,0,0,1,0
24,9.01,90.7,61.17,97.93,0,1,1,60,43,1,0,1,0,0,0,1,0,0
24,8.25,92.43,61.02,72.21,0,1,4,73,58,1,0,1,0,1,0,0,0,0
22,7.34,58.46,72.99,75.98,1,0,5,66,68,1,1,0,0,0,0,1,0,0
20,7.88,85.29,66.36,65.51,1,1,3,48,53,1,1,0,0,0,0,0,0,1
20,6.93,57.33,99.2,74.05,4,1,3,49,89,0,0,1,0,0,0,1,0,0
22,5.63,89.25,53.82,87.17,3,1,5,66,56,0,1,0,0,0,1,0,0,0
22,6.93,62.26,65.32,74.12,3,0,4,64,47,0,0,1,0,0,0,0,0,1
22,7.65,86.89,69.14,65.74,2,1,0,52,52,0,0,1,0,0,0,0,1,0
23,7.99,72.75,74.67,54.8,3,0,1,90,62,0,0,1,0,0,0,0,0,1
20,9.68,99.31,50.82,96.41,2,1,5,43,68,1,1,0,0,1,0,0,0,0
23,8.89,78.99,54.12,93.58,4,0,3,99,86,1,1,0,0,1,0,0,0,0
22,5.76,81.63,62.89,89.57,1,0,2,55,50,0,0,1,0,0,0,1,0,0
20,5.87,68.41,77.7,84.7,1,0,0,51,55,0,1,0,0,0,0,0,0,1
23,5.5,86.73,88.39,75.78,4,0,4,64,89,0,0,1,0,0,0,0,1,0
23,8.69,74.74,84.32,94.87,4,1,0,87,83,1,1,0,0,1,0,0,0,0
22,8.53,50.9,78.35,89.59,3,0,3,88,62,1,0,1,1,0,0,0,0,0
20,9.93,80.43,69.86,90.8,1,0,5,55,51,1,0,1,0,0,0,0,1,0
22,7.61,91.52,93.53,65.48,0,1,4,78,77,1,1,0,1,0,0,0,0,0
20,9.13,61.84,72.99,71.17,4,0,3,41,63,0,0,1,0,0,1,0,0,0
24,7.88,61.05,64.96,85.34,1,1,1,48,70,1,0,1,1,0,0,0,0,0
21,9.37,80.44,81.47,68.55,1,1,0,98,77,1,1,0,0,1,0,0,0,0
21,8.61,90.9,84.61,74.7,2,1,5,83,75,1,1,0,0,0,0,1,0,0
21,8.21,62.48,69.92,82.33,1,0,1,52,100,1,0,1,0,0,1,0,0,0
22,7.83,96.61,51.41,71.89,4,1,2,53,95,0,0,1,0,0,0,0,0,1
24,8.61,96.37,54.71,89.65,3,0,1,51,40,0,0,1,0,0,0,0,1,0
20,7.1,60.03,92.28,55.81,1,0,0,74,65,0,0,1,0,1,0,0,0,0
23,5.48,63.19,52.83,85.9,0,0,2,61,56,0,0,1,0,0,1,0,0,0
20,5.2,85.03,79.6,57.26,4,0,3,60,75,0,1,0,0,0,1,0,0,0
23,7.4,97.59,59.19,96.89,3,1,5,87,56,1,1,0,0,1,0,0,0,0
20,8.0,85.49,61.45,65.7,3,0,2,89,76,0,0,1,0,0,0,0,0,1
24,5.39,72.25,63.67,89.77,4,1,0,96,66,0,0,1,0,0,0,0,0,1
23,6.43,58.45,51.91,76.07,3,0,4,42,64,0,0,1,0,0,0,1,0,0
22,6.61,73.05,58.86,54.55,0,1,2,61,69,0,0,1,1,0,0,0,0,0
20,7.81,80.34,82.52,79.13,1,1,3,48,80,1,1,0,0,0,0,0,0,1
20,6.39,66.55,74.94,95.61,4,1,2,86,64,0,0,1,0,0,0,1,0,0
23,5.48,75.51,89.87,57.86,1,1,5,79,77,1,0,1,1,0,0,0,0,0
22,5.82,56.51,53.06,66.07,1,1,1,81,71,0,1,0,0,0,1,0,0,0
22,5.87,72.61,94.44,71.96,3,0,4,92,51,0,0,1,0,1,0,0,0,0
24,9.21,54.54,99.82,63.75,4,1,0,93,88,1,1,0,0,0,0,0,0,1
22,6.42,52.45,50.79,97.19,1,0,4,42,97,0,0,1,0,0,0,1,0,0
22,8.57,92.86,98.38,68.88,2,1,1,70,60,1,1,0,0,0,1,0,0,0
22,7.84,60.25,61.79,82.9,0,0,4,76,81,1,1,0,0,0,0,0,0,1
21,9.89,78.76,84.63,61.2,3,0,1,45,73,1,1,0,0,0,0,0,1,0
24,6.36,57.45,64.62,60.99,4,0,5,53,99,0,1,0,0,0,1,0,0,0
20,5.79,63.13,76.09,58.79,4,1,2,58,40,0,0,1,0,0,0,0,0,1
23,5.26,68.07,75.52,71.74,3,1,0,97,52,0,0,1,0,0,1,0,0,0
20,6.2,57.18,68.06,76.64,1,1,1,57,92,0,1,0,0,1,0,0,0,0
24,8.42,52.3,85.88,50.54,3,0,1,97,60,0,1,0,0,1,0,0,0,0
23,5.43,93.86,79.98,91.65,4,0,2,96,40,0,0,1,0,1,0,0,0,0
24,6.22,50.59,75.41,75.64,2,0,1,46,52,0,0,1,1,0,0,0,0,0
22,9.28,53.07,99.14,57.86,1,1,0,75,70,1,0,1,0,0,0,0,1,0
23,7.91,90.25,97.0,53.36,3,0,3,68,100,1,0,1,0,1,0,0,0,0
22,5.35,64.1,97.77,53.16,4,0,4,42,62,0,0,1,0,0,0,0,1,0
20,5.24,86.14,94.07,62.88,4,1,5,52,42,0,1,0,0,1,0,0,0,0
20,5.31,57.31,62.76,74.96,4,1,5,75,50,0,0,1,1,0,0,0,0,0
23,9.71,61.86,67.5,93.01,2,0,1,80,68,1,0,1,0,0,1,0,0,0
23,9.25,78.64,61.55,95.15,1,1,4,64,93,1,1,0,0,0,0,0,0,1
24,9.22,99.43,99.31,91.62,3,0,5,67,87,1,1,0,0,0,0,0,0,1
24,9.62,53.67,57.63,66.43,1,0,4,77,57,1,1,0,0,1,0,0,0,0
22,7.53,70.03,68.33,65.33,4,0,5,50,64,0,1,0,0,0,0,0,0,1
23,6.24,52.15,59.95,99.37,2,0,3,99,73,0,0,1,0,1,0,0,0,0
20,7.01,59.96,61.17,84.06,2,0,1,80,57,0,1,0,0,1,0,0,0,0
24,8.59,95.37,62.35,65.25,4,1,0,48,88,0,0,1,0,0,0,1,0,0
24,9.38,54.82,81.98,66.45,1,1,1,61,40,1,0,1,0,0,0,1,0,0
20,7.18,92.84,53.8,71.73,1,0,4,60,67,1,1,0,0,0,0,1,0,0
24,7.68,58.89,78.63,81.09,2,0,2,98,43,0,1,0,0,0,0,0,1,0
22,9.66,93.09,90.96,94.9,0,0,3,58,94,1,0,1,0,0,0,1,0,0
23,5.54,76.9,88.33,59.92,2,1,0,72,91,0,0,1,0,1,0,0,0,0
20,9.31,93.91,57.56,54.22,2,1,0,43,60,1,0,1,1,0,0,0,0,0
23,5.8,57.59,95.74,70.29,3,1,4,72,45,0,0,1,1,0,0,0,0,0
24,7.42,88.1,88.5,62.27,2,1,0,84,60,0,0,1,0,0,1,0,0,0
24,6.09,84.03,50.27,78.8,0,0,4,55,76,0,1,0,0,0,0,1,0,0
20,8.01,77.15,86.87,84.96,2,0,0,83,69,0,0,1,1,0,0,0,0,0
22,7.79,90.53,86.87,65.54,1,1,0,40,59,1,1,0,0,0,0,1,0,0
21,6.9,82.41,74.84,84.27,3,0,5,54,80,0,1,0,0,0,1,0,0,0
20,9.32,93.85,52.3,67.16,3,0,5,61,71,1,1,0,1,0,0,0,0,0
21,8.3,69.05,79.0,81.75,2,0,4,71,92,1,1,0,0,1,0,0,0,0
21,8.61,79.5,88.29,81.65,3,0,3,98,96,1,0,1,0,0,0,0,1,0
22,5.75,93.53,63.54,63.91,3,1,0,76,70,0,0,1,0,0,0,1,0,0
21,9.42,60.74,83.35,81.79,2,0,1,62,75,1,1,0,1,0,0,0,0,0
21,5.84,74.29,67.7,69.05,0,1,2,72,64,0,1,0,1,0,0,0,0,0
22,6.11,98.04,78.69,66.82,2,0,5,88,44,0,1,0,0,0,1,0,0,0
21,5.64,73.68,69.23,64.46,1,0,4,79,47,0,0,1,0,1,0,0,0,0
21,7.2,62.64,65.19,67.28,4,0,0,61,56,0,1,0,0,0,0,0,0,1
21,9.44,67.55,92.8,89.34,0,0,5,79,54,1,0,1,1,0,0,0,0,0
20,6.26,94.25,87.69,62.26,2,0,3,93,59,0,1,0,0,0,0,0,1,0
20,6.87,97.74,67.27,84.1,0,1,5,93,84,1,1,0,0,0,1,0,0,0
20,9.23,97.51,71.73,95.03,4,1,1,97,86,1,0,1,1,0,0,0,0,0
22,8.09,84.95,84.59,67.52,3,1,4,86,68,1,1,0,1,0,0,0,0,0
24,8.76,75.48,90.55,51.48,3,1,1,94,75,1,0,1,0,0,1,0,0,0
21,6.07,59.13,84.22,51.23,4,1,5,51,89,0,0,1,0,0,1,0,0,0
21,8.58,56.16,77.05,56.98,3,0,2,87,90,0,0,1,0,0,0,1,0,0
22,6.14,52.99,97.72,55.5,0,1,3,57,95,1,1,0,1,0,0,0,0,0
21,9.94,50.89,88.71,87.4,3,0,4,71,67,1,1,0,0,0,0,0,0,1
20,7.8,93.91,55.78,64.74,4,0,4,42,47,0,1,0,0,0,0,0,1,0
24,8.48,90.45,77.91,82.63,4,0,0,99,53,0,0,1,0,1,0,0,0,0
23,5.59,78.39,70.48,52.12,4,0,1,100,72,0,1,0,0,1,0,0,0,0
21,6.25,99.94,89.75,64.79,1,1,4,75,73,1,1,0,0,0,0,0,0,1
20,5.7,97.65,52.23,61.71,0,0,1,86,91,0,0,1,0,0,1,0,0,0
23,6.95,82.76,70.54,63.84,4,1,2,85,98,0,1,0,0,0,1,0,0,0
24,6.42,73.23,65.91,59.54,0,0,0,40,68,0,0,1,0,0,1,0,0,0
23,8.66,57.61,57.06,80.9,1,0,2,96,61,1,1,0,1,0,0,0,0,0
20,5.54,75.78,68.94,83.13,0,1,0,64,42,0,0,1,0,0,1,0,0,0
23,8.76,57.89,83.64,57.42,2,1,0,59,87,1,0,1,0,0,1,0,0,0
22,5.23,69.92,68.08,87.06,1,0,1,56,62,0,0,1,1,0,0,0,0,0
23,6.01,97.13,79.0,62.5,1,0,5,88,42,1,1,0,1,0,0,0,0,0
21,8.96,67.1,79.64,64.15,3,0,0,61,95,0,0,1,0,0,0,0,0,1
21,8.71,57.64,79.36,91.44,4,1,2,89,45,0,0,1,0,0,0,1,0,0
22,7.38,79.12,76.48,95.06,1,1,5,72,79,1,1,0,1,0,0,0,0,0
20,5.25,80.12,55.85,91.24,0,1,2,65,62,0,1,0,0,0,0,0,1,0
21,8.05,59.69,60.92,57.39,2,0,5,66,51,0,0,1,0,0,1,0,0,0
24,7.03,59.83,90.0,99.96,0,0,2,99,44,1,0,1,0,0,0,1,0,0
21,6.58,99.48,75.12,83.61,0,1,1,73,44,1,0,1,0,1,0,0,0,0
21,8.2,62.16,85.3,75.53,2,1,1,62,42,0,0,1,0,0,0,0,0,1
20,7.18,91.91,78.5,97.74,3,0,3,55,43,0,1,0,0,0,0,1,0,0
23,5.46,73.52,51.93,90.87,4,1,4,53,63,0,1,0,1,0,0,0,0,0
21,9.58,71.75,89.81,84.59,1,0,3,91,44,1,1,0,0,0,1,0,0,0
22,8.89,64.75,53.22,91.92,4,0,3,94,100,1,0,1,0,0,1,0,0,0
23,5.28,88.69,97.16,69.27,3,1,0,94,70,0,1,0,0,0,1,0,0,0
24,7.63,94.03,60.77,84.22,2,1,0,91,96,1,1,0,0,0,0,1,0,0
20,5.42,63.06,75.62,59.53,4,0,3,100,74,0,1,0,0,0,1,0,0,0
24,9.19,54.75,53.18,99.4,0,1,4,89,81,1,1,0,1,0,0,0,0,0
23,8.07,56.85,94.75,79.45,1,0,3,80,58,1,1,0,0,0,0,1,0,0
23,5.86,89.64,99.0,90.71,1,1,1,53,95,1,1,0,0,0,1,0,0,0
23,5.1,71.79,57.31,70.37,3,1,2,84,47,0,0,1,0,1,0,0,0,0
24,5.16,56.6,64.79,87.93,3,0,3,65,67,0,1,0,0,1,0,0,0,0
23,7.54,67.01,50.79,69.37,2,0,0,85,94,0,0,1,0,0,0,0,1,0
24,8.67,75.71,89.35,79.5,3,1,4,97,77,1,1,0,0,0,1,0,0,0
23,5.6,92.6,65.57,88.91,4,1,0,90,62,0,0,1,0,0,1,0,0,0
22,6.11,82.09,79.44,55.82,1,0,1,88,46,0,1,0,0,0,0,1,0,0
23,6.64,58.8,51.96,67.84,2,0,5,66,77,0,1,0,0,0,0,1,0,0
24,6.09,57.94,85.77,77.25,3,1,0,79,52,0,0,1,0,0,1,0,0,0
21,6.96,70.62,76.47,66.7,0,0,5,43,84,1,0,1,0,0,0,0,1,0
23,7.8,53.76,86.25,65.46,1,1,0,48,96,0,1,0,0,0,1,0,0,0
21,8.42,87.78,89.48,64.08,2,1,4,95,60,1,1,0,1,0,0,0,0,0
22,9.82,70.07,54.46,61.39,1,0,5,66,76,1,0,1,0,0,0,1,0,0
20,9.65,67.15,78.9,92.45,4,0,4,82,45,1,0,1,0,0,1,0,0,0
22,7.85,75.46,82.5,96.18,3,1,0,78,49,0,1,0,0,0,0,1,0,0
23,8.67,85.45,75.84,85.01,3,1,0,54,66,1,0,1,0,0,1,0,0,0
21,9.75,78.47,59.12,51.5,3,1,3,64,100,1,0,1,0,0,0,0,0,1
21,5.42,90.12,89.78,89.31,0,0,1,57,91,0,0,1,0,0,0,1,0,0
24,5.03,81.47,99.87,76.6,4,1,5,91,65,0,0,1,0,0,0,0,1,0
21,5.15,89.4,98.46,87.91,0,1,3,100,81,1,0,1,0,0,0,0,0,1
24,7.82,84.84,88.88,71.87,4,1,4,69,96,1,0,1,1,0,0,0,0,0
20,8.81,59.66,70.91,52.06,4,1,3,76,67,0,0,1,0,0,1,0,0,0
23,6.84,52.62,66.87,84.09,4,0,3,55,55,0,0,1,1,0,0,0,0,0
24,7.73,95.17,53.43,72.21,3,1,5,92,89,1,0,1,0,0,0,1,0,0
20,7.58,97.28,70.81,93.7,3,0,0,51,98,0,0,1,0,0,0,0,0,1
21,5.47,86.35,57.8,86.91,3,1,0,56,67,0,0,1,1,0,0,0,0,0
21,6.61,86.21,62.72,67.98,0,0,5,64,42,1,1,0,0,0,0,0,1,0
20,5.1,63.51,94.59,86.2,2,1,1,54,96,0,0,1,0,0,0,1,0,0
21,5.55,77.12,98.43,74.76,4,1,2,64,40,0,0,1,0,0,0,0,0,1
20,9.06,99.61,97.43,59.97,0,1,2,60,92,1,0,1,1,0,0,0,0,0
24,9.15,92.81,59.67,70.99,3,0,5,97,42,1,0,1,0,0,0,0,0,1
24,9.01,65.22,95.04,61.13,3,0,5,58,69,1,1,0,0,0,0,0,0,1
20,8.63,65.05,57.08,50.25,2,1,3,63,58,1,1,0,1,0,0,0,0,0
24,8.97,74.18,75.38,62.34,3,1,1,46,72,1,1,0,0,1,0,0,0,0
24,8.35,70.23,82.18,60.48,4,1,1,92,47,0,1,0,0,0,1,0,0,0
24,8.35,68.56,73.12,50.22,1,0,4,51,58,1,1,0,0,0,0,1,0,0
22,8.34,81.35,97.59,89.2,3,0,0,88,75,0,0,1,0,0,0,1,0,0
23,7.57,50.57,66.66,53.85,2,0,5,78,87,1,0,1,0,0,0,1,0,0
21,6.82,88.17,76.37,72.45,1,0,5,50,76,1,0,1,0,0,0,0,0,1
22,8.65,87.0,53.77,70.89,4,1,5,72,44,1,0,1,1,0,0,0,0,0
24,6.49,91.52,92.61,59.07,4,0,5,88,99,0,0,1,0,0,1,0,0,0
20,7.71,92.07,70.67,98.34,4,1,4,64,73,1,1,0,0,0,0,0,1,0
24,7.17,78.32,85.03,80.19,2,0,2,93,94,1,0,1,0,0,0,1,0,0
23,6.38,89.0,84.11,90.68,1,1,1,78,77,1,1,0,1,0,0,0,0,0
24,9.87,74.62,83.81,74.81,4,1,2,73,66,1,1,0,0,0,1,0,0,0
20,6.29,97.58,75.35,86.14,3,1,0,50,78,0,0,1,0,0,1,0,0,0
23,6.55,59.53,63.88,98.49,1,1,0,55,86,0,0,1,0,1,0,0,0,0
24,5.81,95.78,81.25,67.42,4,0,5,71,81,0,0,1,1,0,0,0,0,0
23,9.11,62.93,98.09,75.21,1,0,0,54,81,1,0,1,0,0,0,1,0,0
21,7.93,55.14,91.7,75.73,3,0,2,79,90,0,0,1,0,0,0,0,0,1
21,8.07,71.96,55.44,99.6,0,0,1,54,63,1,0,1,0,0,1,0,0,0
24,9.1,80.75,51.16,61.65,4,1,4,46,87,1,0,1,0,0,1,0,0,0
23,6.71,61.55,74.95,83.77,3,0,1,76,70,0,0,1,0,0,0,0,1,0
20,5.97,77.79,88.79,56.91,2,0,1,79,61,0,1,0,0,1,0,0,0,0
24,5.99,90.39,65.7,96.35,4,0,3,41,62,0,1,0,0,0,1,0,0,0
21,8.66,62.85,85.06,79.52,0,1,1,45,80,1,1,0,0,0,1,0,0,0
21,8.07,79.02,96.6,92.97,3,1,4,75,63,1,0,1,0,0,0,0,0,1
24,6.03,66.97,72.95,94.76,3,1,3,78,79,0,0,1,0,0,0,0,0,1
23,5.73,76.49,62.21,77.86,1,0,1,77,71,0,1,0,0,0,0,0,1,0
21,5.6,83.35,95.89,84.1,4,0,3,67,90,0,0,1,1,0,0,0,0,0
23,8.14,67.52,73.61,84.94,0,1,1,61,72,1,0,1,0,0,0,0,1,0
21,5.0,99.72,70.39,73.02,2,0,0,76,67,0,1,0,0,0,0,0,1,0
21,5.09,78.19,67.67,71.74,1,1,0,98,56,0,1,0,0,0,0,0,0,1
22,6.95,91.22,71.15,59.31,4,1,1,44,65,0,0,1,1,0,0,0,0,0
21,8.46,86.26,83.68,69.2,0,0,3,57,57,1,0,1,0,0,0,0,0,1
20,8.48,92.64,71.69,99.54,1,1,4,50,95,1,0,1,0,1,0,0,0,0
24,7.15,58.69,66.21,63.49,0,1,0,94,97,1,0,1,0,0,0,1,0,0
24,8.46,61.13,87.18,88.12,0,0,3,94,54,1,0,1,0,0,0,1,0,0
23,7.61,74.37,60.15,52.97,1,0,4,47,77,1,0,1,0,1,0,0,0,0
21,9.88,92.62,60.1,73.37,1,0,3,59,61,1,0,1,0,0,0,1,0,0
20,5.81,59.88,84.82,52.92,4,1,1,50,88,0,1,0,1,0,0,0,0,0
23,8.0,98.55,93.34,73.79,1,1,0,98,57,1,1,0,0,0,0,0,0,1
22,7.46,56.38,62.06,51.38,4,1,0,66,60,0,1,0,0,0,0,1,0,0
23,5.97,58.75,59.56,80.66,0,0,0,68,58,0,0,1,1,0,0,0,0,0
23,8.75,58.36,83.52,79.33,1,1,1,64,41,1,0,1,0,0,0,0,0,1
21,6.38,79.3,81.04,89.89,4,1,4,97,69,0,0,1,1,0,0,0,0,0
22,6.91,95.88,72.36,79.16,4,1,4,90,64,1,0,1,0,1,0,0,0,0
23,6.87,62.76,54.79,96.3,2,0,5,58,65,0,0,1,0,0,0,0,1,0
20,6.22,77.65,54.59,89.16,4,1,5,100,78,0,1,0,0,1,0,0,0,0
20,7.15,58.79,88.87,56.63,4,1,0,41,56,0,1,0,0,0,0,1,0,0
24,7.37,81.56,72.59,63.27,2,1,5,81,86,1,0,1,0,0,0,0,0,1
22,8.72,56.16,92.9,51.31,3,1,4,78,55,1,0,1,1,0,0,0,0,0
22,8.83,74.57,78.74,69.31,1,1,5,83,66,1,1,0,0,0,0,1,0,0
24,5.79,82.76,80.94,75.48,2,1,5,97,88,1,0,1,0,0,0,1,0,0
23,7.96,78.96,96.71,97.3,4,0,0,41,42,0,0,1,0,0,0,0,1,0
22,9.48,57.0,58.23,76.11,4,1,4,46,81,1,0,1,0,0,0,1,0,0
20,5.54,58.07,77.15,89.05,1,1,0,90,77,0,1,0,0,0,0,0,1,0
20,7.36,83.57,52.91,63.4,0,1,4,70,68,1,1,0,0,0,0,0,0,1
21,8.75,90.45,67.95,57.66,2,0,3,72,41,1,0,1,0,0,0,0,0,1
22,8.06,95.4,57.4,90.54,3,1,0,50,82,0,1,0,1,0,0,0,0,0
23,5.5,90.68,59.39,62.37,1,0,5,79,79,0,1,0,0,0,0,0,1,0
24,6.98,98.7,96.74,93.57,1,0,5,79,53,1,0,1,0,1,0,0,0,0
24,7.54,70.41,80.53,58.49,2,1,0,85,51,0,0,1,0,0,0,0,0,1
23,9.98,66.56,94.61,92.58,4,1,5,52,91,1,0,1,1,0,0,0,0,0
21,5.89,51.41,72.18,88.64,4,0,2,49,63,0,1,0,0,1,0,0,0,0
24,9.91,72.49,79.88,80.56,3,0,0,88,67,1,0,1,0,0,0,0,0,1
22,6.88,82.57,51.6,92.51,2,0,4,98,78,1,1,0,0,0,0,0,0,1
21,6.0,90.77,73.48,66.54,1,0,3,77,57,0,0,1,1,0,0,0,0,0
22,7.07,63.37,78.2,58.3,2,1,3,59,64,0,1,0,1,0,0,0,0,0
20,8.07,75.68,50.84,57.85,0,0,4,60,76,1,0,1,0,0,1,0,0,0
21,6.07,83.1,89.47,63.52,1,1,1,53,45,0,1,0,0,0,0,1,0,0
24,6.46,77.58,64.77,72.31,3,0,5,63,84,0,1,0,0,0,0,1,0,0
21,9.27,63.7,72.62,93.8,3,0,0,79,69,0,1,0,0,1,0,0,0,0
21,10.0,89.81,76.78,54.48,1,1,3,46,70,1,1,0,0,0,0,1,0,0
21,6.59,58.67,99.61,95.76,4,1,4,44,73,0,0,1,0,1,0,0,0,0
21,5.74,95.25,54.96,96.27,1,1,3,45,58,0,1,0,0,0,0,0,0,1
22,8.97,97.63,77.76,86.36,1,1,3,79,97,1,0,1,0,0,1,0,0,0
20,8.0,68.28,76.53,95.01,0,0,4,92,67,1,0,1,0,0,1,0,0,0
23,5.5,68.81,53.45,88.5,1,0,2,74,47,0,0,1,0,0,0,0,0,1
21,9.73,87.16,81.7,76.42,2,0,3,48,50,1,0,1,1,0,0,0,0,0
24,5.39,72.81,64.34,80.04,2,1,3,96,92,0,0,1,0,0,0,0,1,0
21,8.13,51.43,55.19,81.41,3,1,1,81,55,0,1,0,0,0,0,0,1,0
24,7.12,95.99,58.93,56.34,4,1,2,40,65,0,0,1,0,0,0,1,0,0
22,7.78,71.54,91.18,59.65,3,1,1,78,40,0,1,0,1,0,0,0,0,0
24,6.07,60.17,55.21,76.17,0,0,4,59,96,0,0,1,0,1,0,0,0,0
23,8.44,77.78,73.35,55.76,1,0,5,45,70,1,0,1,0,0,1,0,0,0
20,9.8,60.95,59.76,98.25,3,1,0,71,100,1,0,1,0,0,0,1,0,0
24,7.29,60.3,58.12,75.36,1,0,4,52,66,0,1,0,0,0,0,0,0,1
24,7.61,77.29,60.29,69.0,3,1,2,78,87,0,1,0,1,0,0,0,0,0
20,6.2,69.55,74.64,57.88,1,1,5,79,83,1,1,0,0,0,1,0,0,0
23,9.46,78.65,61.89,70.83,3,1,4,98,88,1,1,0,0,1,0,0,0,0
21,9.86,99.84,54.84,65.12,2,0,2,60,48,1,0,1,0,1,0,0,0,0
24,8.93,92.95,90.07,54.4,0,0,5,76,65,1,0,1,0,0,0,0,1,0
20,7.71,50.38,76.99,98.35,3,1,1,51,45,0,1,0,0,0,0,1,0,0
22,9.78,52.53,57.84,63.25,2,0,3,45,46,1,0,1,0,0,0,0,0,1
20,5.77,80.5,73.57,84.52,4,0,4,94,52,0,0,1,0,0,1,0,0,0
22,7.39,81.31,53.42,54.57,3,1,4,54,88,1,0,1,0,1,0,0,0,0
23,7.69,93.91,79.02,95.66,1,0,5,60,49,1,1,0,0,0,1,0,0,0
21,7.46,81.45,67.02,79.54,0,0,3,60,82,1,1,0,0,0,0,0,0,1
20,9.01,61.39,55.18,82.84,2,1,4,67,85,1,0,1,0,0,1,0,0,0
24,8.35,73.43,59.18,89.09,2,0,4,75,88,1,0,1,0,0,0,1,0,0
23,5.63,90.45,67.29,80.3,0,1,5,56,70,1,1,0,0,0,0,0,1,0
20,6.73,96.14,90.32,53.55,3,0,0,85,87,0,1,0,0,0,1,0,0,0
24,6.7,61.85,58.69,71.48,1,0,5,46,76,0,0,1,1,0,0,0,0,0
20,7.83,76.98,55.48,63.1,4,1,5,62,57,0,1,0,0,0,0,0,1,0
22,6.46,57.95,75.8,74.34,3,1,5,84,50,0,0,1,0,0,0,0,0,1
20,5.59,74.85,77.93,70.22,0,1,0,61,49,0,0,1,0,0,0,0,1,0
20,8.27,54.51,54.51,91.33,3,1,3,49,67,1,1,0,0,0,1,0,0,0
20,9.26,97.09,64.22,62.35,3,1,1,57,60,1,1,0,0,0,1,0,0,0
23,9.66,81.9,63.14,60.07,0,0,4,41,92,1,0,1,1,0,0,0,0,0
20,9.86,92.71,59.31,97.9,0,1,5,93,93,1,1,0,0,1,0,0,0,0
24,8.91,99.91,65.78,97.48,4,1,4,51,64,1,1,0,1,0,0,0,0,0
22,5.7,59.13,51.86,99.67,0,0,1,84,45,0,1,0,0,0,1,0,0,0
22,9.27,84.71,82.58,78.42,0,0,4,96,81,1,1,0,0,0,0,0,1,0
20,7.0,94.35,99.42,55.66,0,1,1,92,50,1,1,0,1,0,0,0,0,0
23,8.65,78.8,81.7,94.01,2,0,3,78,72,1,0,1,1,0,0,0,0,0
23,7.66,81.98,68.05,57.26,0,0,3,89,44,1,0,1,0,1,0,0,0,0
24,9.14,70.38,83.4,57.78,0,1,1,61,73,1,0,1,0,0,1,0,0,0
20,7.13,83.74,78.58,59.67,0,1,1,82,71,1,0,1,0,0,1,0,0,0
22,5.31,69.78,92.34,82.67,4,0,2,61,82,0,1,0,0,0,0,0,0,1
23,7.78,73.83,81.09,55.36,3,0,0,81,85,0,0,1,0,1,0,0,0,0
20,5.86,55.15,81.7,88.91,0,1,0,61,63,0,0,1,0,0,0,0,0,1
23,9.83,50.39,61.08,52.91,0,1,5,45,52,1,0,1,0,0,0,0,0,1
23,7.63,52.76,70.78,55.52,4,0,4,85,94,0,0,1,0,0,0,0,0,1
22,7.77,59.63,67.22,71.72,3,0,4,91,82,0,0,1,0,0,0,1,0,0
21,9.54,72.83,50.57,68.96,4,0,1,76,45,0,1,0,0,0,0,0,0,1
24,8.12,51.05,65.66,99.49,1,0,5,59,73,1,0,1,1,0,0,0,0,0
24,6.51,57.8,74.3,98.34,1,0,1,45,90,0,1,0,0,0,0,0,1,0
22,6.48,89.07,79.99,59.48,1,0,0,48,64,0,1,0,1,0,0,0,0,0
23,7.51,88.11,96.73,97.33,0,0,5,68,80,1,0,1,1,0,0,0,0,0
20,9.33,89.49,61.96,84.61,4,0,5,76,62,1,0,1,0,0,1,0,0,0
23,8.97,96.08,57.62,70.44,0,1,4,44,89,1,0,1,0,0,0,1,0,0
22,9.81,55.95,93.47,86.98,1,0,0,90,85,1,1,0,0,0,0,0,0,1
24,5.36,58.16,97.09,95.01,3,1,3,52,52,0,1,0,0,0,1,0,0,0
23,6.34,66.68,74.4,59.01,3,1,0,66,67,0,0,1,0,1,0,0,0,0
24,5.4,95.76,55.76,59.8,4,0,0,62,83,0,0,1,0,1,0,0,0,0
20,8.76,88.77,74.27,70.44,3,1,1,76,83,1,1,0,0,0,1,0,0,0
24,5.7,66.21,55.47,58.46,1,1,4,85,52,0,0,1,0,0,0,0,1,0
24,5.5,54.38,94.16,68.02,4,0,3,73,46,0,0,1,0,0,1,0,0,0
21,7.81,80.82,85.41,82.28,4,0,0,64,87,0,1,0,0,0,1,0,0,0
21,7.06,62.84,62.06,90.64,1,0,0,76,56,0,1,0,0,0,0,1,0,0
21,8.58,76.56,94.33,65.1,1,0,1,62,48,1,1,0,0,1,0,0,0,0
24,7.44,97.09,81.9,64.09,1,1,5,67,53,1,1,0,0,1,0,0,0,0
22,7.13,78.63,97.66,88.99,1,1,2,94,69,1,1,0,0,0,0,0,0,1
24,7.13,96.19,99.02,69.05,4,1,4,65,80,1,0,1,1,0,0,0,0,0
22,9.36,69.65,50.16,90.92,3,0,4,51,77,1,1,0,0,0,1,0,0,0
22,6.98,81.67,56.01,99.67,1,0,4,95,97,1,1,0,0,0,1,0,0,0
21,6.67,94.69,77.35,98.98,2,0,0,91,69,0,1,0,0,0,0,0,1,0
23,6.69,79.4,97.79,83.13,4,1,0,78,72,0,0,1,0,1,0,0,0,0
20,5.98,80.74,99.71,68.76,0,1,0,42,95,0,0,1,0,0,0,0,1,0
21,9.3,85.82,78.37,53.27,3,1,5,48,93,1,0,1,0,0,0,1,0,0
21,5.73,94.11,58.69,86.9,4,1,2,86,96,0,0,1,0,0,0,0,0,1
23,9.54,54.41,58.15,98.9,1,0,0,54,64,1,0,1,0,0,0,0,1,0
20,6.42,66.84,88.19,53.4,2,1,4,47,70,0,1,0,0,1,0,0,0,0
24,9.5,69.88,79.6,50.31,0,1,5,67,62,1,1,0,0,0,0,1,0,0
24,8.95,95.49,77.44,91.59,3,1,4,65,91,1,0,1,0,0,1,0,0,0
21,7.91,97.8,73.29,55.11,1,0,1,55,66,0,1,0,0,0,0,1,0,0
20,8.35,56.02,86.26,54.08,4,1,2,96,72,0,0,1,1,0,0,0,0,0
21,6.63,55.96,92.9,95.52,4,1,3,73,90,0,0,1,0,0,0,0,1,0
22,7.87,96.74,65.15,53.98,3,0,0,59,93,0,0,1,0,1,0,0,0,0
21,6.46,64.79,61.05,55.7,2,0,3,40,86,0,0,1,0,0,0,0,1,0
21,7.01,62.09,83.51,78.48,1,0,0,63,88,0,0,1,0,0,1,0,0,0
24,8.82,51.78,95.74,87.84,3,1,2,68,59,1,0,1,0,0,1,0,0,0
24,6.22,63.78,67.41,69.98,3,0,2,43,95,0,0,1,0,1,0,0,0,0
24,9.19,84.68,63.62,71.03,4,1,4,43,67,1,1,0,1,0,0,0,0,0
22,6.88,71.3,61.31,81.63,3,1,2,94,47,0,0,1,0,0,0,0,0,1
24,7.66,75.84,62.72,75.27,0,0,5,77,61,1,1,0,0,0,0,1,0,0
20,9.71,95.86,56.75,50.93,0,1,5,42,93,1,1,0,0,0,0,1,0,0
23,8.41,55.73,79.84,55.68,1,0,3,79,74,1,1,0,0,0,1,0,0,0
20,8.23,53.56,64.04,79.08,3,0,3,41,94,0,1,0,0,0,0,0,1,0
20,8.56,92.6,80.75,89.68,4,1,2,68,70,1,0,1,0,0,0,0,1,0
24,9.59,88.74,54.15,88.16,1,1,3,88,83,1,0,1,1,0,0,0,0,0
23,6.24,63.19,55.77,87.0,2,1,5,67,63,0,1,0,0,0,0,0,0,1
23,8.07,66.21,76.81,88.56,4,0,0,51,54,0,0,1,0,0,0,0,1,0
23,7.0,65.51,75.58,52.22,2,0,1,100,89,0,1,0,0,0,0,1,0,0
22,5.06,82.39,63.58,94.76,1,0,5,83,84,0,1,0,0,0,0,0,1,0
24,5.63,53.06,91.36,94.46,0,0,4,54,70,0,1,0,0,0,0,0,0,1
23,6.62,74.47,59.35,76.6,4,1,1,89,44,0,1,0,0,0,0,1,0,0
22,7.82,56.69,68.03,62.43,4,0,3,80,61,0,1,0,0,0,0,0,1,0
21,9.41,90.99,77.78,79.61,1,1,4,70,56,1,1,0,0,0,0,1,0,0
21,8.96,69.03,93.36,77.89,4,0,1,92,67,0,0,1,0,0,1,0,0,0
22,7.77,76.38,70.93,61.15,4,1,1,76,92,0,1,0,0,0,1,0,0,0
22,5.37,51.47,69.93,80.16,1,0,3,71,42,0,0,1,1,0,0,0,0,0
24,6.43,52.91,78.98,89.86,3,1,4,61,58,0,0,1,0,0,1,0,0,0
24,6.83,83.75,65.83,90.31,1,1,5,42,77,1,1,0,0,0,0,0,1,0
21,8.11,88.34,85.46,52.98,4,0,5,56,66,1,0,1,0,0,0,0,0,1
23,5.32,85.5,62.43,59.86,1,0,4,68,56,0,0,1,0,0,0,1,0,0
21,7.65,86.85,91.16,83.41,4,0,1,95,71,0,0,1,0,1,0,0,0,0
23,9.51,55.23,63.62,92.99,2,0,4,94,76,1,1,0,0,0,1,0,0,0
23,8.53,84.67,99.64,76.06,2,1,5,51,60,1,0,1,0,0,1,0,0,0
24,8.99,59.09,65.82,85.38,0,0,4,53,76,1,1,0,0,1,0,0,0,0
20,8.41,54.9,93.94,51.05,1,0,0,47,90,0,0,1,0,1,0,0,0,0
20,6.03,87.86,69.87,80.42,1,1,3,80,93,1,1,0,0,0,0,0,1,0
22,5.55,94.47,62.3,98.1,2,0,5,41,50,0,1,0,0,0,0,1,0,0
24,9.15,85.84,61.31,83.05,2,0,3,92,40,1,0,1,0,0,1,0,0,0
23,8.48,90.28,92.51,96.11,2,0,0,73,69,1,0,1,0,0,0,0,0,1
20,7.88,99.55,65.44,78.3,0,1,1,100,65,1,0,1,0,0,0,0,1,0
23,5.95,56.74,66.93,92.17,0,0,2,63,84,0,1,0,0,0,0,0,1,0
20,8.02,98.26,59.85,56.21,3,1,5,87,88,1,1,0,0,0,0,0,0,1
20,5.16,80.06,98.07,56.18,1,0,1,59,82,0,1,0,0,0,0,0,0,1
20,5.59,90.66,62.24,56.01,0,0,0,82,89,0,0,1,1,0,0,0,0,0
24,6.56,82.51,62.37,74.44,4,0,4,91,75,0,1,0,0,0,0,0,0,1
21,7.22,78.5,97.19,66.51,1,0,0,49,65,0,1,0,0,1,0,0,0,0
23,5.6,85.18,95.04,85.96,3,1,3,79,96,0,1,0,0,0,1,0,0,0
24,5.6,66.01,62.45,95.13,2,0,4,46,81,0,1,0,1,0,0,0,0,0
24,8.63,96.21,93.24,80.97,3,1,1,40,95,1,0,1,0,1,0,0,0,0
24,7.85,55.76,62.49,60.66,1,1,4,94,66,1,0,1,1,0,0,0,0,0
24,7.67,65.9,54.22,96.54,2,1,3,49,65,1,1,0,0,0,1,0,0,0
24,7.26,51.56,91.02,76.39,3,1,0,90,82,0,1,0,1,0,0,0,0,0
22,9.88,63.57,88.58,86.0,3,0,1,44,57,1,1,0,0,1,0,0,0,0
23,5.25,60.91,64.73,94.53,1,0,2,95,72,0,0,1,0,0,0,1,0,0
24,5.9,52.48,54.51,99.49,0,0,2,93,75,0,0,1,0,0,1,0,0,0
23,8.24,74.59,60.32,75.3,4,1,0,79,76,0,0,1,0,0,0,0,1,0
22,5.68,73.43,88.55,90.4,3,0,1,60,73,0,0,1,0,0,1,0,0,0
22,7.95,53.89,98.24,78.34,4,0,1,97,99,0,1,0,0,0,1,0,0,0
23,7.84,63.09,62.95,74.32,1,1,4,48,65,1,1,0,0,0,1,0,0,0
20,9.86,97.67,90.91,76.89,1,0,5,68,61,1,0,1,0,0,0,1,0,0
21,9.42,55.54,61.4,74.21,0,0,0,70,63,1,0,1,0,1,0,0,0,0
20,9.73,65.25,83.98,71.05,2,0,4,84,51,1,0,1,0,0,0,0,1,0
20,5.57,51.79,54.18,86.19,4,1,0,85,50,0,0,1,0,1,0,0,0,0
20,9.34,57.44,79.26,62.48,3,1,3,66,99,1,1,0,1,0,0,0,0,0
24,5.65,84.97,63.46,80.82,2,0,0,45,60,0,1,0,1,0,0,0,0,0
22,8.16,68.34,96.29,85.65,4,0,4,82,55,1,0,1,1,0,0,0,0,0
20,8.6,72.6,64.49,94.6,4,0,1,70,75,0,1,0,0,1,0,0,0,0
22,5.8,57.85,69.92,66.59,2,0,0,80,46,0,1,0,0,0,0,0,0,1
23,8.16,84.11,92.03,93.03,2,0,1,84,100,1,1,0,0,0,0,1,0,0
21,5.26,87.58,71.91,97.26,0,0,3,75,92,0,0,1,0,0,0,0,0,1
23,6.47,59.06,61.92,82.43,3,1,2,41,67,0,1,0,1,0,0,0,0,0
23,9.61,52.25,77.38,88.57,3,0,2,95,63,1,0,1,0,0,0,1,0,0
24,5.86,54.05,92.0,70.29,3,1,4,60,94,0,0,1,0,1,0,0,0,0
21,5.33,82.85,71.66,97.61,2,1,0,73,92,0,0,1,1,0,0,0,0,0
23,7.22,56.78,56.64,83.54,0,0,3,61,52,0,0,1,0,1,0,0,0,0
23,9.25,74.7,69.15,65.51,1,1,3,52,53,1,0,1,0,0,0,1,0,0
21,5.38,57.63,97.72,70.21,0,1,1,58,82,0,0,1,0,1,0,0,0,0
21,6.78,58.51,53.6,80.89,2,1,5,72,70,1,0,1,0,1,0,0,0,0
23,9.5,50.22,70.42,61.71,0,1,4,99,47,1,1,0,0,0,0,0,1,0
21,5.59,66.04,82.4,87.7,2,1,3,77,40,0,1,0,0,0,0,0,0,1
23,6.55,54.49,53.93,61.23,4,1,0,98,79,0,0,1,0,0,0,0,0,1
23,8.89,69.7,67.25,79.59,4,0,3,79,90,1,1,0,0,0,0,0,0,1
24,7.72,79.89,97.03,84.85,1,0,2,88,56,1,1,0,0,0,1,0,0,0
20,9.16,68.38,51.53,92.99,4,0,4,42,80,1,1,0,0,0,0,0,1,0
23,5.56,85.25,87.59,86.7,1,0,1,77,98,0,0,1,1,0,0,0,0,0
22,9.6,87.07,92.07,89.94,3,0,0,97,52,1,1,0,1,0,0,0,0,0
20,9.67,84.83,63.85,95.65,2,1,2,100,93,1,1,0,1,0,0,0,0,0
20,5.78,96.84,60.74,79.89,3,1,3,58,86,0,1,0,0,0,0,0,0,1
20,5.17,61.86,95.74,92.31,3,0,4,46,66,0,0,1,0,0,0,0,0,1
24,9.95,59.47,88.2,61.59,1,0,4,54,52,1,0,1,0,0,0,0,1,0
23,7.41,80.49,55.67,90.74,2,1,0,77,98,0,1,0,0,1,0,0,0,0
24,7.86,79.74,60.61,61.08,1,1,1,64,79,1,0,1,0,0,0,0,0,1
23,8.08,75.5,81.07,96.73,0,0,2,100,66,1,0,1,1,0,0,0,0,0
24,8.95,50.22,70.97,66.5,3,0,5,61,71,1,0,1,0,1,0,0,0,0
24,9.06,77.76,75.21,58.59,2,0,1,62,97,1,1,0,0,0,0,0,0,1
22,5.97,96.64,97.58,57.41,3,1,0,89,51,0,1,0,0,0,0,1,0,0
24,6.18,66.73,71.01,59.36,0,0,0,49,82,0,0,1,0,0,1,0,0,0
21,9.38,98.38,94.08,72.38,0,0,2,75,91,1,1,0,0,0,0,0,0,1
22,9.1,67.84,83.04,76.11,2,0,4,76,52,1,0,1,0,0,0,1,0,0
24,8.09,56.99,56.08,95.69,2,0,4,89,55,1,1,0,0,0,0,0,1,0
20,9.97,69.92,87.23,69.05,0,0,2,98,73,1,1,0,0,0,0,1,0,0
21,8.68,74.73,76.01,60.87,3,0,1,81,45,0,1,0,0,0,0,0,1,0
21,6.08,81.47,61.25,87.19,4,0,2,81,87,0,1,0,0,0,0,0,0,1
21,9.23,75.24,64.48,56.73,3,1,5,81,57,1,0,1,0,0,0,0,1,0
22,7.07,76.84,77.87,94.61,4,0,4,46,56,0,1,0,0,0,0,1,0,0
24,5.18,51.2,80.09,70.47,1,0,1,91,86,0,0,1,0,0,1,0,0,0
24,6.61,62.68,98.41,80.69,2,0,3,85,78,0,1,0,0,1,0,0,0,0
20,8.82,65.53,92.74,59.31,0,0,1,64,53,1,1,0,0,1,0,0,0,0
20,9.8,99.35,60.29,57.28,1,0,4,79,46,1,1,0,0,0,1,0,0,0
21,6.38,64.78,88.7,89.94,3,0,0,97,45,0,0,1,1,0,0,0,0,0
20,6.23,94.83,50.41,71.49,4,1,1,80,51,0,1,0,0,1,0,0,0,0
22,7.82,65.24,56.49,99.34,2,1,1,63,73,0,0,1,0,0,0,0,0,1
24,9.06,54.81,59.99,76.21,4,0,0,44,92,0,0,1,1,0,0,0,0,0
21,8.73,62.38,79.86,92.28,3,1,4,96,40,1,1,0,0,0,0,0,0,1
20,7.8,63.64,59.73,99.0,3,0,3,60,89,0,0,1,0,0,0,1,0,0
22,8.16,98.91,68.26,64.06,0,1,3,79,68,1,1,0,0,0,0,1,0,0
22,6.21,83.71,62.14,90.04,1,0,2,59,67,0,0,1,1,0,0,0,0,0
20,7.16,96.58,66.87,51.1,2,0,3,68,44,0,0,1,1,0,0,0,0,0
24,6.28,91.75,97.12,83.99,0,1,3,76,60,1,1,0,1,0,0,0,0,0
20,9.42,78.93,99.87,87.26,4,0,1,98,78,1,0,1,1,0,0,0,0,0
21,5.56,83.77,84.29,73.87,1,0,2,59,86,0,0,1,0,0,0,0,1,0
20,8.4,81.24,78.62,58.11,2,1,3,57,92,1,1,0,1,0,0,0,0,0
22,6.3,83.31,85.42,80.84,4,1,1,43,98,0,0,1,1,0,0,0,0,0
20,7.38,63.24,88.58,94.88,2,0,2,50,77,0,1,0,0,0,0,1,0,0
24,6.5,70.41,86.95,96.57,2,1,1,92,73,0,0,1,0,0,0,0,0,1
23,6.62,79.63,54.09,87.31,1,0,0,61,60,0,1,0,0,0,0,1,0,0
20,6.3,51.8,65.51,63.19,4,1,4,91,63,0,1,0,0,1,0,0,0,0
24,8.76,74.14,67.17,93.52,0,1,4,82,88,1,1,0,0,0,0,0,1,0
24,6.83,92.99,68.46,94.44,0,1,4,53,98,1,0,1,0,0,0,0,1,0
22,8.63,74.62,67.22,68.36,0,1,3,97,52,1,1,0,0,0,0,0,0,1
24,7.28,77.62,89.35,59.15,2,1,4,84,84,1,1,0,1,0,0,0,0,0
24,7.74,60.1,87.38,93.73,3,0,4,67,85,1,1,0,0,0,0,1,0,0
24,7.72,89.72,50.23,94.25,1,1,2,43,97,1,0,1,0,1,0,0,0,0
24,9.88,67.94,64.82,55.05,0,1,2,55,62,1,1,0,0,0,0,1,0,0
21,6.84,97.83,81.18,98.35,1,1,5,77,71,1,1,0,1,0,0,0,0,0
21,6.04,99.69,56.01,76.65,2,0,2,62,47,0,0,1,1,0,0,0,0,0
22,9.56,95.8,53.56,99.69,1,0,3,52,86,1,0,1,0,0,1,0,0,0
20,5.87,54.24,91.42,72.25,0,0,5,94,50,1,1,0,0,0,0,1,0,0
24,9.17,66.66,72.63,76.66,0,1,5,59,52,1,0,1,0,0,0,0,0,1
20,5.75,97.26,92.78,63.3,2,0,4,44,92,0,1,0,0,0,0,1,0,0
20,8.29,90.23,91.18,94.95,2,0,3,58,59,1,1,0,0,0,0,0,1,0
22,5.75,95.56,94.67,72.19,4,0,3,60,40,0,1,0,0,1,0,0,0,0
24,9.62,78.63,52.41,90.73,2,1,3,81,96,1,0,1,0,0,0,0,0,1
24,7.83,74.02,59.31,53.99,3,0,3,44,41,0,0,1,0,0,1,0,0,0
23,6.65,55.32,64.81,89.41,3,1,3,53,50,0,1,0,0,1,0,0,0,0
20,5.7,91.97,56.81,74.51,0,1,3,75,85,1,0,1,0,1,0,0,0,0
20,6.86,87.26,74.27,50.27,2,1,5,45,69,1,1,0,0,0,0,0,1,0
21,8.53,52.94,89.95,61.31,3,1,4,44,44,1,0,1,0,0,0,0,1,0
23,6.92,60.47,97.56,59.69,3,1,2,63,46,0,0,1,0,0,0,0,1,0
21,6.23,77.86,94.48,87.59,4,0,5,68,63,0,0,1,0,0,0,0,0,1
21,7.89,84.22,72.87,73.86,2,0,1,68,70,0,0,1,0,0,0,1,0,0
21,7.09,56.88,81.82,57.99,4,0,1,41,87,0,1,0,0,1,0,0,0,0
22,5.83,62.24,61.53,62.84,1,1,1,45,69,0,0,1,0,0,0,1,0,0
22,5.77,59.66,70.15,75.2,4,0,0,73,82,0,0,1,0,0,0,1,0,0
21,8.54,61.0,93.56,50.98,1,0,2,51,97,1,0,1,0,0,0,0,1,0
23,9.87,96.04,51.46,71.21,1,1,4,61,54,1,0,1,0,0,0,1,0,0
20,6.17,85.79,76.64,83.9,2,0,3,43,75,0,0,1,0,1,0,0,0,0
23,8.87,86.86,93.64,75.89,1,0,1,84,49,1,1,0,0,1,0,0,0,0
24,5.44,89.7,56.1,79.9,1,1,2,88,40,0,0,1,1,0,0,0,0,0
22,6.91,67.83,99.13,66.33,4,1,4,45,46,0,0,1,0,0,1,0,0,0
20,7.53,88.36,50.62,59.15,2,1,1,42,83,0,0,1,0,0,0,0,0,1
20,6.34,98.92,94.31,90.49,2,0,2,52,100,0,1,0,0,0,0,1,0,0
24,7.65,84.92,67.68,95.28,1,1,5,62,65,1,0,1,0,0,0,0,0,1
24,9.41,70.84,56.63,75.54,4,1,4,74,82,1,0,1,0,0,0,0,0,1
21,9.72,85.82,57.87,65.25,4,0,5,65,82,1,1,0,0,0,0,0,0,1
22,5.5,95.04,85.06,75.56,4,0,2,91,96,0,1,0,1,0,0,0,0,0
22,6.36,56.44,93.54,93.95,4,1,3,48,88,0,0,1,0,0,0,0,0,1
23,9.9,63.26,82.05,84.57,0,0,2,62,69,1,0,1,1,0,0,0,0,0
21,6.35,95.96,96.44,92.93,1,0,2,43,40,0,1,0,0,1,0,0,0,0
21,8.46,97.31,92.12,66.42,1,0,0,73,54,1,0,1,0,0,0,1,0,0
21,6.27,74.21,50.45,85.6,1,0,3,76,94,0,1,0,1,0,0,0,0,0
21,6.78,68.73,83.47,82.65,2,1,5,47,96,1,1,0,0,0,1,0,0,0
22,5.96,64.14,65.23,78.58,2,0,2,73,92,0,0,1,0,0,0,0,0,1
22,9.28,74.94,72.73,76.41,4,0,3,96,59,1,0,1,0,0,1,0,0,0
21,9.41,96.73,54.7,77.55,2,0,2,76,61,1,0,1,0,1,0,0,0,0
23,6.48,57.49,64.1,92.48,3,0,3,45,64,0,1,0,0,1,0,0,0,0
20,9.12,70.99,81.63,95.8,1,0,4,46,89,1,0,1,0,0,0,0,1,0
20,6.79,95.58,60.92,55.64,1,1,1,84,92,1,0,1,0,0,0,0,0,1
23,5.5,67.46,82.38,78.44,0,1,0,80,75,0,1,0,0,0,0,0,1,0
21,8.79,88.4,96.15,95.92,0,1,1,78,100,1,1,0,0,0,1,0,0,0
22,7.98,69.46,50.25,56.74,3,1,2,75,90,0,0,1,0,0,0,1,0,0
20,6.37,90.25,89.29,70.64,0,0,2,44,76,0,1,0,0,0,0,0,1,0
24,6.26,99.05,82.07,54.45,4,1,4,99,85,0,0,1,0,1,0,0,0,0
24,9.88,69.39,52.33,55.67,4,1,2,42,94,1,0,1,0,0,0,0,0,1
23,9.31,92.25,89.51,95.21,1,0,5,56,84,1,0,1,0,0,1,0,0,0
21,9.05,99.42,61.23,72.31,4,0,3,58,66,1,0,1,1,0,0,0,0,0
20,5.64,99.19,63.29,84.44,0,0,5,84,58,1,0,1,0,1,0,0,0,0
21,8.78,71.69,54.68,56.95,3,0,1,40,58,0,0,1,1,0,0,0,0,0
20,6.07,74.29,76.72,51.1,4,0,2,76,55,0,1,0,0,0,0,1,0,0
23,9.89,65.17,74.91,94.52,1,0,4,94,93,1,1,0,0,0,0,0,0,1
23,5.26,65.7,67.36,78.73,1,0,0,48,60,0,1,0,0,0,0,1,0,0
24,6.76,74.62,58.44,51.0,0,0,5,43,90,1,0,1,0,0,0,1,0,0
21,7.14,60.03,91.9,99.62,4,1,1,81,72,0,0,1,0,0,0,0,0,1
24,9.12,85.56,93.82,74.61,0,0,4,85,81,1,0,1,0,0,0,0,0,1
21,8.83,76.82,77.03,73.79,1,0,4,49,70,1,1,0,1,0,0,0,0,0
24,6.87,94.9,62.21,81.05,3,0,1,71,73,0,1,0,0,0,0,1,0,0
22,7.83,90.53,54.81,50.4,4,0,4,40,54,0,0,1,0,0,1,0,0,0
22,9.18,66.12,93.43,78.46,3,0,0,62,90,0,0,1,1,0,0,0,0,0
22,5.09,75.29,54.8,81.47,4,0,0,90,75,0,0,1,0,0,0,0,0,1
22,9.01,87.53,50.66,64.85,1,1,2,56,92,1,0,1,0,1,0,0,0,0
20,9.73,59.66,73.47,86.34,4,1,3,91,65,1,0,1,1,0,0,0,0,0
22,5.16,51.58,86.56,68.87,1,1,2,69,69,0,1,0,0,0,0,0,1,0
23,5.23,92.62,72.88,85.89,2,1,3,66,70,0,1,0,0,0,1,0,0,0
23,6.72,56.88,52.57,57.19,1,1,1,96,64,0,0,1,1,0,0,0,0,0
20,5.44,94.47,84.5,95.68,1,0,4,54,43,0,0,1,0,0,0,0,0,1
22,7.4,95.68,82.12,93.97,4,0,2,93,51,0,1,0,0,0,0,0,0,1
22,8.64,73.04,84.08,57.53,3,0,4,77,96,1,0,1,0,0,1,0,0,0
22,7.83,90.34,60.56,96.92,1,0,2,46,92,1,0,1,0,0,0,0,1,0
24,5.98,68.16,89.78,77.89,4,0,2,72,100,0,0,1,1,0,0,0,0,0
21,8.27,92.91,73.96,85.08,1,1,0,44,58,1,0,1,1,0,0,0,0,0
24,8.42,91.23,76.82,92.01,0,0,3,91,94,1,0,1,0,0,0,1,0,0
21,9.66,53.93,77.29,54.18,0,0,1,91,95,1,1,0,0,1,0,0,0,0
22,5.73,79.13,64.34,58.46,0,1,4,78,48,1,0,1,0,0,0,0,0,1
22,8.46,82.0,62.51,64.52,0,1,2,73,64,1,0,1,1,0,0,0,0,0
24,9.56,50.04,50.24,73.86,3,1,4,92,93,1,1,0,1,0,0,0,0,0
24,7.51,99.0,69.83,67.3,1,0,0,94,87,0,0,1,1,0,0,0,0,0
21,6.81,70.33,74.26,75.29,0,0,1,42,86,0,1,0,0,0,0,0,1,0
23,5.85,75.87,87.14,59.3,4,0,3,71,80,0,1,0,0,1,0,0,0,0
21,9.33,59.74,53.33,84.11,0,1,3,41,90,1,0,1,1,0,0,0,0,0
24,6.97,80.55,96.2,52.79,2,1,2,55,89,1,1,0,0,0,1,0,0,0
24,9.62,90.53,63.2,68.07,2,1,1,99,92,1,0,1,0,0,0,0,0,1
20,9.24,79.29,68.34,58.95,3,1,3,56,46,1,1,0,0,0,0,1,0,0
24,6.88,89.4,52.42,86.5,2,1,1,92,66,0,0,1,0,0,1,0,0,0
20,7.87,86.56,82.66,94.18,4,1,4,51,87,1,1,0,0,0,0,0,0,1
23,5.14,61.88,85.45,53.94,0,0,0,99,86,0,1,0,0,0,0,0,1,0
21,6.32,71.79,96.44,89.25,2,1,1,44,94,0,0,1,0,1,0,0,0,0
21,8.55,57.43,66.84,94.79,2,1,1,43,82,1,0,1,0,1,0,0,0,0
20,8.39,52.1,62.87,98.7,3,0,3,95,45,0,1,0,0,0,0,0,0,1
21,6.77,53.15,86.3,78.97,2,0,5,55,74,0,1,0,0,0,1,0,0,0
24,9.04,97.12,85.34,66.37,0,0,2,57,71,1,0,1,0,0,0,1,0,0
22,6.18,99.23,96.86,66.1,1,1,2,84,53,1,1,0,0,0,0,0,1,0
20,7.31,54.75,60.27,68.95,0,0,5,99,45,1,0,1,0,0,0,0,0,1
21,7.36,66.76,85.26,80.63,2,0,5,59,88,1,0,1,0,0,0,0,1,0
20,6.7,55.72,53.34,74.51,2,1,5,92,90,1,0,1,0,1,0,0,0,0
20,9.77,91.71,74.02,82.68,2,1,4,48,57,1,0,1,1,0,0,0,0,0
22,8.48,74.81,55.97,51.97,3,0,3,55,70,0,1,0,1,0,0,0,0,0
24,7.7,81.06,82.66,55.29,4,0,3,74,91,0,0,1,0,0,0,1,0,0
20,7.55,77.0,80.07,98.83,0,1,0,68,55,1,1,0,0,0,0,0,1,0
21,5.8,85.51,52.44,99.77,2,1,2,88,95,0,0,1,0,0,0,0,0,1
23,6.86,65.96,65.98,87.33,1,0,3,69,42,0,0,1,0,0,0,1,0,0
20,8.36,56.87,69.75,62.82,3,1,5,59,70,1,0,1,0,0,1,0,0,0
20,9.62,50.88,62.4,97.67,4,0,4,81,77,1,0,1,1,0,0,0,0,0
22,9.08,72.28,51.93,60.69,2,1,0,61,97,1,0,1,0,0,0,0,0,1
24,6.5,95.39,65.94,86.57,0,0,2,62,56,0,0,1,0,0,0,0,1,0
23,7.17,65.26,89.63,55.76,1,1,2,91,91,1,1,0,0,0,0,1,0,0
21,5.41,59.8,68.01,82.45,3,1,2,75,44,0,0,1,0,0,0,0,0,1
23,5.51,96.3,66.17,87.98,0,0,0,61,92,0,0,1,0,0,0,1,0,0
21,7.35,55.27,97.09,92.98,0,1,4,40,55,1,0,1,0,0,0,1,0,0
24,7.65,52.59,52.08,86.72,3,1,4,60,56,0,1,0,0,0,0,1,0,0
21,6.32,93.97,88.36,96.17,0,0,3,87,70,1,1,0,0,0,0,0,1,0
22,8.21,85.05,74.15,76.05,1,1,3,82,55,1,0,1,0,0,0,0,0,1
22,8.52,71.1,97.22,83.87,1,1,2,58,96,1,0,1,0,1,0,0,0,0
22,6.5,87.62,69.67,68.48,0,1,5,47,60,1,0,1,0,1,0,0,0,0
22,8.79,87.07,85.4,50.52,2,0,1,44,80,0,1,0,0,0,0,0,1,0
23,6.03,52.0,53.5,87.83,0,0,3,94,78,0,0,1,0,0,0,0,1,0
24,7.72,83.81,96.44,93.49,2,0,4,95,76,1,0,1,1,0,0,0,0,0
21,9.02,82.04,67.23,58.7,0,0,2,79,80,1,0,1,0,0,0,1,0,0
21,7.69,98.19,76.2,51.43,4,1,4,68,92,1,0,1,0,0,0,0,0,1
22,9.54,98.33,56.92,58.23,1,1,2,57,49,1,0,1,0,0,0,0,0,1
22,5.29,68.89,97.28,94.76,0,0,0,68,71,0,1,0,0,0,1,0,0,0
20,7.94,79.49,83.65,64.78,1,0,3,54,64,1,0,1,0,0,1,0,0,0
24,7.81,57.07,52.7,61.69,3,0,5,89,92,1,1,0,0,1,0,0,0,0
23,8.3,53.32,57.76,50.73,4,0,0,84,72,0,0,1,0,0,1,0,0,0
21,9.17,71.64,69.99,64.85,2,1,3,70,78,1,0,1,0,0,1,0,0,0
20,8.63,84.49,60.84,85.78,3,0,5,54,92,1,1,0,0,1,0,0,0,0
20,8.95,78.39,65.23,97.95,4,0,5,97,76,1,0,1,1,0,0,0,0,0
21,6.44,71.48,99.87,65.64,3,1,5,92,77,1,1,0,0,1,0,0,0,0
23,6.94,90.91,82.93,62.03,1,1,4,84,77,1,0,1,0,0,1,0,0,0
20,8.13,89.72,96.11,94.4,4,0,4,42,94,1,0,1,0,0,0,0,0,1
20,7.77,86.6,71.79,92.63,3,0,1,83,67,0,1,0,0,0,1,0,0,0
24,9.81,53.85,85.51,66.41,2,0,4,83,54,1,0,1,0,0,0,1,0,0
23,5.93,89.82,72.98,53.44,4,0,2,81,47,0,1,0,0,0,0,1,0,0
20,6.76,95.97,66.41,99.6,4,0,1,72,40,0,0,1,0,0,0,1,0,0
23,7.86,52.97,75.96,84.04,3,1,2,63,49,0,1,0,1,0,0,0,0,0
21,9.34,70.08,71.37,96.33,0,0,1,77,98,1,0,1,0,0,0,0,1,0
22,9.65,99.42,99.03,67.09,2,0,2,90,74,1,0,1,0,0,0,1,0,0
20,6.68,79.96,74.81,82.38,2,0,1,63,93,0,1,0,0,0,0,0,0,1
24,5.34,75.68,90.56,83.72,3,0,3,52,87,0,1,0,1,0,0,0,0,0
21,7.11,58.87,83.34,93.65,1,0,5,66,72,1,1,0,0,0,0,0,1,0
23,6.97,78.27,73.98,99.65,1,1,3,72,55,1,1,0,0,0,0,0,1,0
21,9.93,71.95,73.71,55.43,0,0,1,58,53,1,1,0,0,0,0,1,0,0
20,7.16,56.37,67.09,81.56,0,0,0,64,44,0,0,1,0,0,1,0,0,0
23,6.53,73.22,55.35,66.82,3,0,1,45,55,0,0,1,0,1,0,0,0,0
22,6.83,58.22,88.07,90.58,1,1,0,72,60,0,0,1,0,0,1,0,0,0
21,6.98,86.53,95.9,87.71,2,1,5,64,97,1,0,1,0,0,1,0,0,0
20,9.11,98.68,60.9,94.63,1,0,2,62,96,1,0,1,0,0,0,0,1,0
24,5.41,73.48,96.28,67.19,3,0,1,88,50,0,0,1,0,0,0,0,1,0
23,6.58,81.62,61.62,59.23,1,1,0,56,89,0,0,1,1,0,0,0,0,0
21,9.83,71.55,76.5,51.09,4,0,5,60,46,1,1,0,1,0,0,0,0,0
21,5.77,56.92,67.18,62.78,3,0,1,82,96,0,0,1,0,0,0,0,1,0
22,8.71,98.53,55.73,68.36,4,1,3,59,47,1,0,1,0,0,0,0,0,1
22,6.78,56.48,52.64,97.3,3,1,3,51,56,0,0,1,0,0,0,0,0,1
24,7.91,55.58,68.27,74.57,2,1,1,95,69,0,1,0,0,1,0,0,0,0
24,5.5,72.96,52.37,77.82,3,1,1,52,53,0,1,0,0,0,0,0,1,0
20,6.53,82.94,55.21,94.01,3,1,4,57,88,1,1,0,0,0,0,1,0,0
20,7.5,67.75,57.11,94.25,3,0,5,61,83,1,0,1,1,0,0,0,0,0
24,6.16,59.63,50.1,76.4,3,1,3,63,89,0,0,1,0,0,0,0,1,0
24,7.71,90.95,57.66,55.69,0,1,2,72,72,1,0,1,0,0,0,0,0,1
23,6.1,68.16,78.86,63.53,4,0,1,42,63,0,0,1,0,0,0,0,1,0
22,8.25,59.72,90.98,72.84,3,0,4,56,46,0,0,1,0,0,0,0,0,1
20,9.52,68.25,59.67,87.56,3,1,5,78,77,1,0,1,0,0,0,0,1,0
22,5.43,60.73,54.04,85.58,0,0,1,71,54,0,0,1,0,0,0,1,0,0
22,6.08,75.97,86.48,82.14,1,1,3,56,89,1,1,0,0,1,0,0,0,0
24,9.22,83.41,50.41,94.01,0,1,0,87,82,1,1,0,0,0,0,1,0,0
23,8.16,89.98,86.71,90.13,0,0,5,83,64,1,0,1,0,0,0,0,0,1
21,5.39,61.38,56.56,99.11,0,0,0,64,100,0,0,1,1,0,0,0,0,0
23,7.43,58.35,61.41,94.46,3,0,3,47,56,0,0,1,1,0,0,0,0,0
23,6.05,50.98,56.0,59.78,0,0,2,82,72,0,0,1,0,0,1,0,0,0
22,6.0,61.4,62.37,52.88,0,1,5,74,41,1,1,0,0,0,0,1,0,0
23,9.7,51.2,89.91,70.73,0,0,4,99,78,1,0,1,0,0,0,0,1,0
20,8.81,67.27,56.63,80.88,3,0,1,68,49,0,1,0,0,1,0,0,0,0
22,8.48,57.28,99.71,82.16,2,0,1,51,53,0,0,1,0,0,0,0,1,0
20,6.19,78.99,66.35,63.38,2,1,1,75,51,0,1,0,0,0,0,0,1,0
21,5.59,69.19,96.1,92.99,1,1,4,48,56,1,0,1,0,0,0,1,0,0
22,9.35,54.68,59.5,66.46,3,0,4,65,53,1,1,0,0,1,0,0,0,0
21,5.03,69.99,59.39,95.96,0,0,3,61,90,0,0,1,0,0,1,0,0,0
22,6.94,60.47,78.27,73.58,0,1,4,92,49,1,1,0,0,0,0,0,1,0
24,6.39,84.01,52.53,50.52,0,1,1,100,95,1,0,1,0,1,0,0,0,0
23,7.85,68.22,90.05,58.1,2,1,5,70,83,1,0,1,0,0,1,0,0,0
24,6.25,57.35,71.98,55.12,0,0,1,92,78,0,1,0,0,0,0,0,1,0
21,6.56,67.48,84.96,52.2,0,1,4,88,79,1,1,0,0,1,0,0,0,0
23,9.25,61.22,58.73,85.7,2,1,4,87,68,1,1,0,0,0,0,1,0,0
22,8.02,89.79,82.12,59.62,0,0,3,83,84,1,1,0,1,0,0,0,0,0
23,5.73,99.17,79.7,91.93,1,1,0,69,99,0,1,0,1,0,0,0,0,0
20,8.63,51.27,87.78,63.22,4,1,4,54,45,0,0,1,0,0,0,0,1,0
23,6.04,84.5,64.87,51.62,1,1,0,86,79,0,0,1,0,0,0,0,1,0
20,7.17,63.2,96.66,91.03,3,1,2,72,70,0,0,1,0,1,0,0,0,0
23,8.23,53.32,98.07,73.31,1,1,0,42,76,1,1,0,1,0,0,0,0,0
20,6.36,50.72,93.41,79.98,1,1,4,73,48,1,0,1,0,0,0,0,1,0
21,6.92,94.05,78.6,66.81,2,1,1,97,97,1,0,1,0,0,1,0,0,0
24,8.67,67.68,71.01,52.3,3,0,1,56,82,0,1,0,0,0,0,0,1,0
22,9.69,99.73,52.9,68.51,1,1,4,83,84,1,1,0,1,0,0,0,0,0
23,7.65,72.12,97.36,75.91,4,0,3,44,72,0,0,1,0,0,0,0,0,1
24,5.05,59.38,97.59,50.58,1,1,5,69,46,0,0,1,1,0,0,0,0,0
22,6.69,88.86,50.93,78.71,0,1,4,82,77,1,0,1,0,0,1,0,0,0
22,6.99,96.32,67.84,94.65,2,0,4,90,47,1,0,1,0,1,0,0,0,0
20,6.7,90.78,94.0,60.89,0,1,5,54,73,1,0,1,0,0,1,0,0,0
21,7.18,87.26,54.04,96.34,3,1,3,78,56,1,1,0,0,0,0,0,0,1
21,8.16,66.73,59.83,54.88,3,0,3,47,56,0,1,0,0,0,0,0,0,1
24,5.61,53.22,98.93,91.27,2,0,2,81,69,0,1,0,0,0,0,0,1,0
21,6.36,60.06,92.36,92.02,1,0,2,77,57,0,0,1,0,0,0,0,1,0
23,7.54,72.34,95.6,62.89,3,0,2,67,92,0,1,0,1,0,0,0,0,0
21,6.58,97.81,57.11,97.89,4,1,3,60,78,0,0,1,0,0,0,1,0,0
24,9.96,86.14,60.57,70.83,2,0,0,86,54,1,0,1,0,0,1,0,0,0
21,7.16,91.41,80.27,57.06,0,0,4,49,84,1,1,0,1,0,0,0,0,0
23,9.35,63.86,75.09,79.59,4,1,2,67,96,1,0,1,0,0,0,1,0,0
20,9.48,84.19,64.93,99.83,2,0,0,60,59,1,0,1,1,0,0,0,0,0
24,9.18,93.12,94.19,94.96,4,1,4,88,100,1,1,0,0,0,0,0,0,1
20,5.23,73.97,95.07,63.93,2,0,5,67,64,0,0,1,0,0,0,0,1,0
20,9.74,71.49,64.58,78.85,0,1,5,61,53,1,1,0,0,0,0,0,1,0
20,5.64,85.97,57.79,55.77,1,0,5,77,66,0,0,1,1,0,0,0,0,0
22,5.17,78.0,57.45,73.09,2,1,0,58,86,0,1,0,0,0,0,0,1,0
22,7.07,99.66,74.22,76.15,3,0,5,91,74,1,0,1,0,1,0,0,0,0
20,5.97,71.26,56.65,65.76,0,1,1,91,67,0,0,1,1,0,0,0,0,0
24,5.92,58.8,73.67,74.21,0,0,1,77,45,0,1,0,0,0,0,0,0,1
23,6.44,73.6,73.1,96.0,4,0,5,85,80,0,0,1,1,0,0,0,0,0
23,6.24,61.76,94.21,75.01,3,0,4,63,98,0,0,1,1,0,0,0,0,0
21,8.42,78.06,64.81,91.55,4,1,0,67,70,0,0,1,0,0,0,0,1,0
24,5.93,56.29,78.03,65.87,0,0,0,84,53,0,0,1,0,0,0,0,0,1
22,7.72,97.5,87.17,98.57,2,1,5,52,100,1,0,1,1,0,0,0,0,0
20,9.93,92.99,79.8,54.67,3,0,3,48,55,1,0,1,0,0,0,0,1,0
21,7.16,57.78,97.7,79.28,0,0,2,48,88,1,1,0,0,0,1,0,0,0
23,8.21,58.62,80.11,89.49,3,0,4,60,83,1,0,1,0,0,0,0,0,1
22,9.85,75.62,95.09,90.7,2,0,0,63,75,1,0,1,0,0,0,1,0,0
22,5.69,88.64,62.25,59.91,1,0,2,70,44,0,0,1,0,1,0,0,0,0
20,7.09,60.95,78.04,70.08,4,1,5,68,71,0,0,1,0,0,0,1,0,0
23,9.25,53.05,77.17,81.21,4,0,4,79,50,1,1,0,0,0,0,0,0,1
24,9.66,77.28,99.47,65.79,0,0,0,49,61,1,0,1,1,0,0,0,0,0
22,8.01,84.58,60.23,82.91,0,1,5,91,82,1,1,0,0,0,0,0,1,0
20,5.72,62.22,57.05,68.94,2,1,1,43,79,0,0,1,0,0,0,0,0,1
24,9.51,86.99,80.58,67.54,0,0,0,42,67,1,1,0,0,1,0,0,0,0
23,5.87,97.53,61.18,55.4,0,0,1,52,89,0,0,1,0,0,0,0,0,1
22,6.76,56.85,81.96,51.96,0,1,5,60,45,1,1,0,0,0,0,0,1,0
24,6.88,75.55,98.62,91.76,3,0,1,47,78,0,1,0,0,0,0,1,0,0
24,7.24,52.84,97.33,74.48,3,1,3,95,45,0,0,1,0,0,1,0,0,0
24,8.95,60.33,61.56,78.14,1,0,5,48,85,1,0,1,0,0,0,1,0,0
22,9.01,54.49,58.54,68.61,3,0,5,85,59,1,0,1,0,0,0,0,1,0
22,8.6,70.2,78.04,56.84,4,1,3,40,77,1,1,0,0,0,0,0,1,0
21,5.11,91.04,79.34,72.48,1,1,2,53,43,0,0,1,0,1,0,0,0,0
23,7.82,78.86,83.11,61.45,0,0,4,51,64,1,0,1,0,0,0,0,0,1
20,8.74,61.13,87.07,91.88,4,0,2,75,52,0,1,0,0,0,0,0,0,1
24,7.22,52.01,80.05,99.34,1,0,3,61,88,1,0,1,0,0,0,1,0,0
21,9.72,77.67,55.59,94.45,1,0,2,92,51,1,1,0,0,0,1,0,0,0
20,9.12,56.64,89.51,76.41,4,0,4,75,48,1,1,0,0,0,1,0,0,0
21,8.19,67.14,53.98,81.41,1,0,4,84,98,1,1,0,0,1,0,0,0,0
22,5.31,75.51,51.0,97.41,4,0,0,55,91,0,1,0,0,0,0,0,1,0
24,8.26,95.19,88.48,76.93,1,0,2,50,42,1,0,1,0,1,0,0,0,0
20,9.56,54.09,77.42,81.93,1,0,3,42,71,1,0,1,0,0,0,0,0,1
20,6.9,83.43,84.93,81.46,1,0,0,73,50,0,0,1,1,0,0,0,0,0
20,9.19,50.7,69.14,85.41,4,1,2,64,44,0,0,1,1,0,0,0,0,0
20,6.57,81.5,50.55,82.01,1,0,5,65,74,1,1,0,1,0,0,0,0,0
20,7.85,77.58,66.55,83.54,3,0,4,42,88,1,1,0,0,0,0,0,1,0
21,8.24,90.59,80.41,86.29,3,0,3,59,63,1,0,1,0,1,0,0,0,0
24,8.39,76.58,61.29,90.45,3,0,5,70,80,1,0,1,0,0,0,1,0,0
22,9.41,67.63,84.39,70.15,3,0,2,88,45,1,1,0,0,0,0,0,0,1
22,6.17,62.14,89.72,87.29,3,1,4,40,57,0,0,1,1,0,0,0,0,0
22,6.31,54.26,72.71,55.01,0,0,4,65,100,0,0,1,0,0,1,0,0,0
22,8.52,76.73,93.79,93.81,1,1,5,64,77,1,0,1,0,1,0,0,0,0
21,5.89,94.42,92.74,64.5,2,1,2,50,45,0,1,0,0,0,0,0,0,1
23,7.32,75.74,93.9,70.17,0,0,2,55,61,1,1,0,0,0,0,0,0,1
24,5.1,86.96,83.05,90.18,4,1,3,59,81,0,1,0,0,0,1,0,0,0
20,5.7,64.92,65.24,81.85,0,1,0,81,82,0,1,0,0,0,1,0,0,0
23,8.39,72.41,74.06,65.43,2,0,4,91,53,1,0,1,0,0,1,0,0,0
22,8.74,66.23,85.53,61.27,0,1,0,77,51,1,0,1,1,0,0,0,0,0
23,5.58,55.46,60.53,97.89,1,1,0,41,64,0,1,0,1,0,0,0,0,0
24,6.14,70.85,86.94,54.39,3,0,4,93,59,0,0,1,0,1,0,0,0,0
20,5.49,88.21,77.4,50.22,1,0,2,68,57,0,1,0,0,0,1,0,0,0
20,7.17,69.75,54.8,83.65,0,1,4,46,63,1,1,0,0,0,0,1,0,0
24,5.63,82.51,77.86,80.72,2,1,5,88,93,1,1,0,0,0,0,0,0,1
24,7.19,87.93,53.34,86.88,4,0,0,79,54,0,1,0,0,0,1,0,0,0
22,8.66,66.14,50.72,86.58,1,1,3,84,70,1,1,0,0,0,0,0,0,1
20,8.42,89.88,94.48,93.16,2,0,4,93,81,1,1,0,0,0,0,0,1,0
23,6.4,66.95,74.5,96.11,4,0,3,64,40,0,0,1,0,0,0,0,1,0
21,8.37,62.81,77.16,88.75,3,0,2,100,54,0,0,1,0,0,1,0,0,0
21,9.64,61.12,64.0,61.61,1,0,2,43,93,1,0,1,0,0,0,0,0,1
24,6.74,60.0,77.14,73.17,1,1,5,82,73,1,1,0,0,0,0,0,1,0
22,6.65,86.86,58.44,82.09,3,1,3,73,91,0,0,1,0,0,1,0,0,0
21,7.86,94.38,87.28,76.97,3,0,3,64,41,0,1,0,0,0,0,0,0,1
20,6.23,61.53,91.17,57.94,0,0,4,47,75,0,0,1,0,0,1,0,0,0
24,8.26,54.26,92.79,79.46,4,0,2,71,62,0,1,0,1,0,0,0,0,0
23,9.16,65.69,55.33,94.33,2,0,3,57,63,1,0,1,0,0,0,0,0,1
24,7.3,82.89,77.89,70.93,3,0,1,79,85,0,1,0,0,0,0,0,1,0
23,8.4,68.43,90.44,83.45,0,1,4,50,71,1,0,1,0,0,1,0,0,0
24,8.26,77.46,56.41,80.8,4,1,4,95,90,1,0,1,0,0,0,0,1,0
24,5.19,87.22,54.98,68.85,4,1,1,76,85,0,0,1,0,0,1,0,0,0
24,5.92,70.42,90.85,78.26,1,1,2,78,52,0,1,0,0,1,0,0,0,0
23,9.47,99.98,89.84,60.51,0,0,3,94,72,1,0,1,0,0,0,0,1,0
23,9.69,64.9,72.43,77.31,0,0,3,75,81,1,0,1,0,0,0,0,1,0
24,8.9,98.91,55.49,89.94,1,0,2,93,53,1,1,0,0,0,0,1,0,0
21,9.61,60.15,75.81,87.95,2,0,1,49,56,1,1,0,1,0,0,0,0,0
22,6.53,55.55,69.74,67.9,3,1,1,45,97,0,1,0,0,0,0,0,1,0
22,6.24,87.54,75.93,55.6,1,0,1,84,55,0,0,1,0,0,0,0,0,1
22,6.92,85.12,71.99,90.0,3,0,4,55,71,0,0,1,0,0,1,0,0,0
23,5.28,90.56,78.43,63.25,0,0,3,93,54,0,1,0,0,1,0,0,0,0
23,9.05,67.18,86.36,52.65,1,1,0,64,82,1,0,1,0,0,0,0,0,1
21,9.92,96.54,88.74,72.26,2,0,4,73,94,1,1,0,0,0,0,0,0,1
22,9.12,55.97,82.45,86.97,3,1,4,70,70,1,0,1,0,0,0,0,0,1
22,7.77,51.51,59.95,90.42,3,0,3,97,51,0,0,1,0,0,0,0,0,1
24,6.48,65.03,69.86,99.11,3,1,2,95,72,0,0,1,0,1,0,0,0,0
23,5.99,89.87,53.56,59.47,0,1,5,86,42,1,0,1,0,0,0,1,0,0
22,6.82,83.65,72.58,64.69,3,1,3,47,50,0,0,1,1,0,0,0,0,0
21,8.33,71.81,98.52,80.47,4,0,2,56,92,0,0,1,0,0,0,0,1,0
21,7.24,62.81,82.09,90.57,3,0,3,98,82,0,1,0,0,0,0,0,0,1
22,9.67,52.96,57.73,61.7,0,0,4,100,44,1,0,1,0,0,0,0,1,0
23,9.27,66.88,63.43,70.5,1,0,5,53,86,1,1,0,0,0,0,0,1,0
21,5.51,73.0,53.23,70.42,3,1,1,69,66,0,1,0,0,0,0,0,0,1
24,5.66,84.35,59.12,88.65,3,0,4,57,91,0,1,0,0,0,0,1,0,0
21,8.38,82.3,74.39,62.05,1,0,4,100,95,1,0,1,0,0,0,0,1,0
20,6.15,97.37,67.24,98.44,4,1,0,85,55,0,1,0,0,0,1,0,0,0
20,8.96,55.02,60.2,75.52,0,0,4,75,74,1,1,0,0,0,0,0,1,0
23,7.96,66.82,57.33,64.1,1,1,4,60,79,1,1,0,1,0,0,0,0,0
22,6.15,74.08,82.8,64.21,0,1,4,92,55,1,1,0,0,0,0,0,0,1
23,7.39,83.53,77.91,50.91,1,0,5,70,55,1,1,0,0,1,0,0,0,0
23,7.03,74.77,92.13,84.62,2,0,0,93,61,0,1,0,0,0,0,0,1,0
23,9.37,95.64,59.16,88.8,4,0,2,94,43,1,0,1,0,0,0,1,0,0
23,5.16,80.43,92.4,51.62,2,1,5,72,97,1,1,0,0,0,1,0,0,0
24,9.48,51.98,78.9,79.3,1,0,5,62,71,1,0,1,0,0,1,0,0,0
24,8.26,55.68,63.31,89.08,1,0,0,77,66,0,1,0,0,1,0,0,0,0
21,8.69,87.67,63.68,68.81,0,0,1,44,54,1,0,1,1,0,0,0,0,0
20,5.01,85.79,69.52,71.64,1,0,2,54,58,0,0,1,0,1,0,0,0,0
23,8.14,57.67,73.01,68.08,0,0,5,69,65,1,1,0,1,0,0,0,0,0
21,7.94,52.95,54.13,65.78,0,1,5,55,54,1,1,0,0,0,0,0,1,0
20,7.69,78.94,92.1,74.56,1,0,0,93,84,1,0,1,0,0,0,0,0,1
22,8.93,81.79,56.08,58.31,0,0,1,98,99,1,0,1,0,0,0,1,0,0
24,7.78,56.76,74.17,72.03,4,1,1,79,49,0,1,0,0,0,1,0,0,0
20,9.29,73.68,69.15,97.09,2,0,3,68,73,1,0,1,0,1,0,0,0,0
22,6.16,65.29,75.61,51.37,1,0,3,67,77,0,1,0,0,0,0,1,0,0
20,9.03,96.57,94.37,58.24,0,0,5,45,88,1,0,1,1,0,0,0,0,0
24,5.9,60.96,99.45,88.89,0,1,5,44,65,1,1,0,0,0,0,0,0,1
24,9.07,86.66,51.01,56.6,0,1,4,77,47,1,1,0,0,0,1,0,0,0
21,9.7,75.91,69.66,63.56,0,1,2,64,55,1,0,1,0,0,1,0,0,0
23,6.68,50.58,90.88,72.74,4,0,0,67,68,0,0,1,1,0,0,0,0,0
20,7.65,75.85,66.33,97.16,1,1,4,40,71,1,0,1,0,0,0,0,0,1
20,8.29,54.97,82.45,59.18,1,1,2,53,60,1,1,0,0,0,1,0,0,0
22,5.4,82.95,99.61,96.15,4,0,5,58,71,0,0,1,0,0,0,0,0,1
24,7.47,78.28,82.34,85.93,4,1,3,70,84,1,1,0,0,0,1,0,0,0
20,6.8,50.52,55.56,83.56,4,0,0,90,94,0,0,1,0,0,0,0,1,0
24,9.36,60.23,92.15,86.18,1,0,1,96,99,1,0,1,1,0,0,0,0,0
20,9.38,88.81,98.33,51.56,3,0,1,54,51,0,0,1,0,0,0,0,0,1
21,8.5,63.79,85.63,54.95,2,0,4,58,87,1,0,1,0,0,0,1,0,0
23,8.28,74.96,70.95,66.74,4,0,4,77,78,0,1,0,0,0,0,0,1,0
20,8.67,65.6,97.42,53.7,4,0,0,71,98,0,1,0,0,0,0,1,0,0
24,6.83,96.08,98.43,99.38,1,0,1,96,49,1,1,0,1,0,0,0,0,0
21,7.02,76.83,96.76,79.02,1,1,4,70,45,1,0,1,0,0,1,0,0,0
20,7.77,84.81,70.59,74.37,2,0,1,97,76,0,1,0,0,0,0,1,0,0
22,9.69,54.17,89.49,89.28,0,0,3,76,57,1,1,0,0,0,0,0,1,0
23,8.62,52.02,82.71,98.85,1,0,4,65,87,1,1,0,0,0,0,0,0,1
20,7.75,62.96,58.99,97.76,2,0,5,87,70,1,0,1,0,1,0,0,0,0
21,8.85,65.46,76.78,89.65,1,0,2,98,74,1,0,1,0,0,0,1,0,0
22,6.85,84.38,87.38,68.86,1,0,4,80,42,1,0,1,0,1,0,0,0,0
21,8.65,78.46,94.8,53.3,1,1,3,64,44,1,1,0,1,0,0,0,0,0
21,7.05,68.73,93.13,54.92,3,1,0,86,73,0,0,1,0,0,0,1,0,0
22,6.4,82.71,57.73,50.06,3,0,1,93,98,0,0,1,0,0,0,1,0,0
21,8.05,58.18,74.4,50.1,4,1,5,79,72,1,0,1,0,0,0,0,0,1
22,8.43,53.17,73.91,96.82,3,1,0,96,75,0,1,0,0,0,1,0,0,0
20,7.3,92.73,94.94,96.35,2,0,4,96,49,1,1,0,0,0,0,0,1,0
22,7.83,78.2,50.1,83.38,1,1,2,47,84,1,0,1,0,0,0,0,1,0
22,8.47,82.45,86.94,86.33,3,0,0,100,42,0,0,1,0,0,0,0,1,0
23,8.84,65.36,80.93,75.66,1,1,2,43,50,1,1,0,1,0,0,0,0,0
22,9.48,68.6,96.08,61.89,0,0,4,70,42,1,1,0,0,0,1,0,0,0
22,6.77,54.12,72.85,95.72,4,0,2,95,67,0,1,0,0,1,0,0,0,0
20,9.76,92.85,82.88,63.88,3,1,2,71,81,1,1,0,0,0,0,0,1,0
23,8.19,79.62,98.64,86.98,1,0,3,73,98,1,1,0,0,1,0,0,0,0
24,8.94,54.18,87.2,62.27,0,0,0,87,93,1,1,0,0,0,1,0,0,0
20,8.5,90.23,53.37,93.51,4,1,4,42,67,1,0,1,1,0,0,0,0,0
20,6.03,72.21,58.38,82.56,4,0,3,80,48,0,1,0,0,0,1,0,0,0
24,5.36,88.26,91.07,82.13,0,0,2,65,65,0,1,0,0,0,0,0,0,1
22,8.63,50.63,66.74,54.87,3,1,3,43,68,0,1,0,0,0,0,0,1,0
21,7.56,51.44,85.3,70.97,3,0,3,41,49,0,0,1,1,0,0,0,0,0
23,8.51,58.54,84.99,76.25,1,1,2,58,66,1,0,1,0,0,0,0,0,1
21,7.38,60.55,99.69,64.7,2,1,4,62,84,1,0,1,0,0,0,0,1,0
24,6.56,88.2,73.49,94.05,1,1,1,64,71,1,0,1,0,0,1,0,0,0
20,6.43,85.33,86.89,91.88,1,1,3,86,57,1,0,1,0,0,1,0,0,0
20,8.65,80.8,52.44,74.68,1,1,0,46,92,1,1,0,0,0,0,1,0,0
23,6.38,94.24,73.13,67.0,0,1,2,47,57,1,0,1,0,0,0,1,0,0
20,8.57,62.36,59.33,90.08,4,1,1,42,61,0,0,1,0,0,1,0,0,0
20,6.92,95.22,92.03,59.84,4,0,3,62,56,0,0,1,0,0,1,0,0,0
23,8.85,95.47,92.0,53.58,2,0,2,86,88,1,1,0,0,1,0,0,0,0
23,5.71,71.71,61.82,52.29,3,0,2,72,64,0,0,1,0,1,0,0,0,0
24,6.02,54.72,65.91,51.93,1,1,3,87,65,0,0,1,0,0,0,0,0,1
20,8.43,86.33,85.12,74.44,0,0,5,67,44,1,1,0,0,0,0,1,0,0
20,7.8,66.85,86.91,62.77,0,1,5,61,48,1,0,1,0,0,0,1,0,0
24,6.02,89.75,82.88,84.52,1,1,0,74,83,0,1,0,0,0,1,0,0,0
22,9.51,58.18,99.83,82.69,0,0,2,73,83,1,1,0,0,0,1,0,0,0
22,6.38,76.98,93.43,77.1,0,0,2,69,63,0,0,1,0,0,0,0,0,1
22,7.11,75.4,70.85,67.64,1,1,3,86,96,1,0,1,1,0,0,0,0,0
24,6.01,55.02,66.35,92.52,2,1,1,75,96,0,1,0,1,0,0,0,0,0
20,6.94,68.17,79.84,85.49,0,0,2,98,95,1,0,1,1,0,0,0,0,0
24,7.46,54.24,90.88,63.58,4,0,2,53,90,0,0,1,0,0,0,1,0,0
24,6.48,73.24,73.77,75.08,4,1,3,48,46,0,0,1,0,1,0,0,0,0
22,8.85,92.15,86.88,57.81,4,0,5,61,59,1,1,0,1,0,0,0,0,0
21,6.97,63.51,50.96,66.44,1,1,2,67,95,0,0,1,0,0,0,0,1,0
20,8.65,88.24,96.29,99.86,4,0,3,80,94,1,1,0,0,0,0,0,0,1
22,6.04,59.17,88.69,61.19,3,1,0,53,83,0,1,0,1,0,0,0,0,0
21,6.89,83.69,69.71,84.92,0,1,3,54,80,1,0,1,0,0,0,0,1,0
21,5.04,95.78,69.2,61.92,2,1,5,95,47,0,0,1,1,0,0,0,0,0
23,8.79,66.2,55.14,96.91,4,0,1,76,58,0,1,0,0,1,0,0,0,0
20,8.13,95.02,90.81,65.51,1,1,2,63,92,1,0,1,0,1,0,0,0,0
21,9.09,75.27,88.43,67.33,2,0,0,73,74,1,1,0,1,0,0,0,0,0
22,7.28,65.84,81.51,79.69,1,0,2,95,82,1,0,1,0,0,0,0,1,0
23,9.0,94.83,55.07,79.41,2,0,2,88,83,1,0,1,0,0,0,0,0,1
20,8.24,51.6,63.12,78.95,2,1,5,82,64,1,0,1,0,0,0,0,1,0
24,5.02,51.4,72.95,78.66,0,1,3,84,56,0,0,1,0,0,0,0,0,1
22,6.27,79.99,63.3,65.61,2,0,2,83,78,0,0,1,1,0,0,0,0,0
21,7.47,89.84,71.7,71.72,3,1,5,42,64,1,1,0,0,0,0,0,0,1
21,8.09,87.58,61.3,79.67,3,0,0,62,74,0,0,1,0,0,1,0,0,0
22,5.33,53.97,67.48,83.56,3,0,5,59,78,0,0,1,0,0,0,1,0,0
21,8.53,97.51,82.61,62.66,1,1,5,84,78,1,0,1,0,0,0,1,0,0
23,7.72,85.15,94.62,85.07,0,1,5,54,98,1,1,0,0,1,0,0,0,0
20,7.63,97.46,69.25,96.16,1,0,4,82,85,1,0,1,0,0,1,0,0,0
23,6.46,66.45,84.6,87.9,4,0,5,55,41,0,1,0,0,0,0,1,0,0
21,7.97,84.7,56.74,54.21,3,0,2,46,55,0,0,1,1,0,0,0,0,0
24,5.14,93.0,77.04,73.46,0,1,5,72,92,1,0,1,0,0,0,0,0,1
20,5.32,69.02,96.09,71.76,3,1,3,94,81,0,0,1,0,0,0,0,0,1
20,8.67,98.24,51.4,66.83,0,0,1,58,53,1,1,0,0,0,0,0,1,0
22,6.61,63.25,63.38,74.57,1,1,2,57,68,0,0,1,0,0,0,0,1,0
22,6.73,65.78,56.62,71.98,1,0,5,80,78,1,0,1,0,0,0,0,0,1
24,6.04,96.02,76.66,50.31,3,1,5,57,41,0,0,1,1,0,0,0,0,0
20,7.23,98.48,83.98,61.83,2,0,3,42,97,1,1,0,0,0,0,0,0,1
24,5.26,64.26,52.89,60.69,0,0,2,42,49,0,0,1,0,0,0,0,1,0
22,6.5,56.82,53.51,67.46,4,1,4,75,41,0,0,1,0,0,0,1,0,0
22,7.64,87.95,93.48,58.72,2,1,4,55,66,1,0,1,0,1,0,0,0,0
20,7.33,96.48,72.81,53.39,1,0,0,82,52,0,0,1,0,0,0,0,1,0
23,10.0,80.04,73.15,59.83,0,1,4,62,93,1,1,0,1,0,0,0,0,0
21,6.94,81.73,97.23,92.71,2,0,3,62,41,0,1,0,0,0,0,1,0,0
22,6.93,88.15,66.01,89.85,4,1,4,54,81,0,0,1,0,0,0,1,0,0
22,7.52,57.65,94.85,72.1,2,1,3,48,53,1,0,1,0,0,0,1,0,0
23,5.95,98.67,98.71,93.89,4,0,2,97,56,0,0,1,0,0,1,0,0,0
23,9.38,68.22,62.08,61.63,1,0,0,79,90,1,0,1,0,0,1,0,0,0
24,7.86,81.41,75.7,79.21,0,0,5,93,83,1,0,1,0,0,0,1,0,0
24,5.96,73.43,76.72,57.15,1,0,5,77,88,0,1,0,1,0,0,0,0,0
21,8.97,73.41,93.31,91.67,0,0,5,92,77,1,1,0,0,0,0,0,0,1
21,5.17,85.14,65.2,56.53,2,0,0,57,75,0,1,0,1,0,0,0,0,0
20,9.91,99.73,89.9,51.59,1,1,5,77,73,1,1,0,0,0,1,0,0,0
24,9.33,82.95,98.55,63.67,0,1,4,45,68,1,1,0,0,0,0,0,1,0
22,7.9,89.7,92.02,95.05,4,1,5,83,86,1,1,0,0,0,1,0,0,0
24,5.56,51.38,95.46,56.47,0,0,5,76,99,1,0,1,0,0,0,0,0,1
22,6.08,90.52,85.42,66.53,1,0,1,85,62,0,1,0,0,1,0,0,0,0
23,6.4,65.0,95.2,65.82,1,1,4,45,62,1,0,1,0,0,1,0,0,0
24,6.21,56.34,58.24,90.08,2,0,5,60,95,0,0,1,1,0,0,0,0,0
23,7.49,55.67,85.62,71.08,4,1,1,98,55,0,1,0,1,0,0,0,0,0
21,9.72,83.99,86.59,80.58,0,0,4,69,83,1,0,1,0,0,0,1,0,0
21,7.22,99.88,71.96,70.22,1,1,3,67,99,1,0,1,0,0,0,1,0,0
20,8.31,83.31,53.99,77.57,0,0,3,59,46,1,1,0,0,0,0,1,0,0
24,8.44,63.12,81.12,53.12,3,0,5,58,84,1,0,1,0,1,0,0,0,0
23,9.36,60.17,52.59,68.7,4,0,5,53,40,0,0,1,0,0,0,0,0,1
22,5.17,76.3,69.12,92.76,4,0,1,40,58,0,1,0,0,0,0,0,1,0
21,7.02,53.25,69.68,84.55,3,0,0,66,84,0,1,0,1,0,0,0,0,0
21,8.92,69.97,99.95,99.09,4,0,1,91,72,1,0,1,1,0,0,0,0,0
22,9.07,83.31,64.99,89.4,3,1,2,71,73,1,0,1,0,0,0,0,0,1
23,9.64,98.38,91.02,72.58,0,1,0,68,40,1,0,1,0,1,0,0,0,0
23,8.51,71.28,52.66,83.81,3,0,1,70,51,0,1,0,0,0,0,1,0,0
24,6.23,60.01,76.49,88.8,2,0,2,64,64,0,1,0,0,0,0,0,0,1
24,7.53,90.87,76.83,63.48,3,0,2,94,62,0,0,1,0,0,0,0,1,0
20,5.16,87.21,81.44,53.0,0,1,5,46,64,1,0,1,0,0,0,1,0,0
21,8.23,92.99,90.5,70.29,4,0,4,78,70,1,0,1,0,0,0,0,1,0
24,7.77,60.74,88.1,57.23,2,1,5,85,63,1,1,0,0,0,1,0,0,0
23,8.33,70.24,88.05,63.86,3,1,1,91,49,0,0,1,0,0,0,0,1,0
22,9.65,99.08,71.61,97.34,0,0,3,55,41,1,1,0,0,0,0,1,0,0
23,8.44,57.9,86.37,92.35,2,1,5,83,72,1,0,1,0,0,1,0,0,0
21,6.6,83.57,74.57,79.62,2,1,4,94,76,1,1,0,0,0,0,1,0,0
23,5.99,61.86,53.35,70.06,2,0,5,50,62,0,1,0,1,0,0,0,0,0
20,9.27,75.01,94.51,63.22,3,1,5,57,41,1,1,0,0,0,0,1,0,0
21,5.97,90.03,94.51,78.57,0,0,0,83,43,0,0,1,0,0,1,0,0,0
22,5.81,74.43,66.14,76.66,0,0,3,95,62,0,1,0,0,0,0,0,1,0
20,6.03,90.27,95.7,89.04,0,0,2,81,100,1,1,0,1,0,0,0,0,0
21,7.54,71.32,87.9,96.4,1,0,0,95,85,1,0,1,0,1,0,0,0,0
22,5.62,99.97,70.04,66.45,4,0,4,96,80,0,1,0,0,1,0,0,0,0
20,9.69,71.79,66.58,60.31,0,0,5,44,77,1,1,0,0,1,0,0,0,0
20,9.83,57.47,98.76,70.14,1,0,2,97,62,1,1,0,0,1,0,0,0,0
21,9.87,70.09,85.63,71.88,1,0,5,95,95,1,1,0,0,0,0,0,0,1
24,5.2,87.13,68.94,51.99,2,1,2,41,51,0,0,1,0,1,0,0,0,0
20,9.73,92.4,82.1,93.08,4,0,2,49,83,1,0,1,0,0,1,0,0,0
20,9.99,73.01,78.58,99.78,2,0,3,65,63,1,0,1,0,1,0,0,0,0
22,9.71,79.72,76.23,96.16,4,0,4,63,68,1,1,0,0,0,0,1,0,0
23,8.35,92.24,82.24,93.03,2,0,4,65,80,1,1,0,0,1,0,0,0,0
21,8.51,90.68,76.88,99.63,3,0,5,55,67,1,1,0,0,0,0,0,1,0
21,5.61,82.89,82.74,95.39,4,0,3,64,54,0,0,1,0,0,1,0,0,0
24,9.37,90.75,95.38,84.42,1,0,4,77,49,1,0,1,0,0,1,0,0,0
24,5.3,78.8,99.66,58.34,1,1,2,45,73,0,1,0,1,0,0,0,0,0
21,6.59,50.23,85.46,57.82,4,0,2,91,68,0,0,1,0,0,0,0,0,1
24,9.96,52.06,96.39,52.44,2,1,5,100,70,1,0,1,0,0,0,1,0,0
22,7.11,98.99,92.92,70.59,3,0,2,95,62,0,1,0,0,0,1,0,0,0
21,5.66,57.25,64.75,90.44,3,0,4,94,57,0,0,1,0,0,0,0,1,0
24,9.85,70.23,96.65,74.51,0,0,1,51,46,1,0,1,0,1,0,0,0,0
21,9.92,96.69,53.54,68.32,4,0,0,48,66,0,0,1,0,0,1,0,0,0
23,5.94,59.75,66.5,55.46,3,0,1,88,48,0,0,1,0,0,0,0,1,0
20,9.32,92.19,82.0,52.59,2,1,3,81,59,1,1,0,0,1,0,0,0,0
21,6.95,90.91,76.35,69.96,2,0,1,47,99,0,0,1,0,0,0,0,0,1
20,6.91,99.32,77.12,55.0,1,1,5,95,92,1,0,1,0,0,1,0,0,0
24,6.31,64.08,89.74,55.18,3,1,1,70,60,0,0,1,0,0,1,0,0,0
20,5.22,65.77,59.74,69.77,3,0,5,80,67,0,1,0,0,0,0,0,1,0
21,6.34,95.14,99.1,75.14,2,0,3,71,89,0,0,1,1,0,0,0,0,0
23,5.27,61.7,71.87,59.33,1,0,1,46,100,0,1,0,0,0,0,1,0,0
24,9.62,77.4,97.49,84.23,3,0,0,71,42,0,0,1,0,0,0,0,0,1
21,8.31,85.37,69.16,70.93,2,1,4,96,84,1,0,1,0,0,0,1,0,0
24,9.43,63.59,80.09,54.6,1,0,3,81,49,1,0,1,0,0,1,0,0,0
22,8.59,96.92,72.52,81.85,1,1,1,95,56,1,1,0,0,0,0,1,0,0
20,5.66,83.28,83.8,67.85,2,1,2,96,74,0,1,0,0,1,0,0,0,0
22,9.7,52.36,59.18,52.62,1,0,2,64,60,1,0,1,0,0,0,0,0,1
21,9.5,56.79,70.03,97.4,1,1,3,72,48,1,0,1,0,0,0,1,0,0
23,6.74,59.54,53.42,78.56,0,1,2,90,56,1,1,0,0,1,0,0,0,0
24,5.56,62.25,79.91,73.89,1,1,0,93,71,0,0,1,0,0,0,0,1,0
20,8.52,86.53,98.13,92.96,3,0,1,67,87,1,1,0,0,0,0,1,0,0
24,8.64,54.45,52.3,96.84,1,0,0,50,77,0,0,1,0,0,0,0,0,1
21,9.48,67.53,82.98,61.02,3,0,0,70,67,0,1,0,0,1,0,0,0,0
24,5.26,95.57,88.75,90.51,2,0,4,94,57,0,1,0,0,0,0,1,0,0
20,5.71,77.83,60.66,91.55,1,1,1,91,99,0,1,0,0,0,0,0,1,0
21,7.99,63.27,63.65,52.72,2,1,3,49,45,0,1,0,0,0,0,1,0,0
24,8.1,97.85,60.08,85.6,4,1,2,41,97,1,0,1,0,1,0,0,0,0
23,5.17,62.22,64.87,53.15,1,0,4,85,45,0,1,0,0,0,0,1,0,0
21,6.98,95.25,55.5,79.73,2,0,0,83,56,0,0,1,0,0,0,0,0,1
21,7.92,86.29,68.52,83.46,4,0,2,43,92,0,0,1,0,0,1,0,0,0
23,8.69,87.03,68.45,68.35,3,1,1,61,49,0,1,0,0,1,0,0,0,0
22,6.58,88.25,90.36,94.04,3,1,0,84,41,0,1,0,0,1,0,0,0,0
20,7.42,75.33,90.05,90.03,3,1,0,91,72,0,1,0,0,1,0,0,0,0
22,9.07,90.73,89.84,96.3,3,0,1,67,82,1,0,1,0,1,0,0,0,0
24,9.77,91.81,78.35,65.74,3,1,3,49,64,1,1,0,0,0,0,1,0,0
23,6.15,68.02,66.29,51.08,0,0,4,41,77,0,1,0,0,0,0,0,0,1
22,6.27,70.02,70.55,90.57,2,1,1,96,40,0,0,1,0,0,0,0,1,0
21,9.7,94.44,65.89,61.15,4,0,2,88,55,1,0,1,0,0,0,0,0,1
24,6.98,76.24,79.1,73.36,4,1,2,70,65,0,0,1,0,1,0,0,0,0
24,8.59,93.35,96.9,90.87,1,1,0,81,80,1,0,1,1,0,0,0,0,0
22,8.06,81.34,64.22,60.81,2,1,5,62,51,1,1,0,0,0,0,1,0,0
22,6.43,79.68,72.94,65.6,0,1,4,55,48,1,1,0,1,0,0,0,0,0
23,8.27,51.55,82.76,71.95,0,1,3,48,52,1,1,0,0,0,0,1,0,0
20,8.28,63.89,92.23,63.59,2,0,3,90,46,1,1,0,0,1,0,0,0,0
22,7.96,75.1,62.67,73.07,3,1,5,82,96,1,0,1,0,0,0,1,0,0
22,5.5,79.37,64.01,50.48,3,1,2,45,40,0,1,0,0,1,0,0,0,0
21,9.98,81.52,94.26,60.61,2,0,3,96,70,1,0,1,0,0,0,0,0,1
24,7.0,85.81,54.01,91.63,4,0,2,64,100,0,1,0,0,0,1,0,0,0
20,8.19,82.81,80.27,70.67,3,1,4,43,74,1,0,1,0,0,0,1,0,0
21,9.43,92.43,93.02,81.82,1,0,5,87,63,1,1,0,0,1,0,0,0,0
23,7.12,64.77,96.09,61.61,0,0,0,51,42,0,0,1,1,0,0,0,0,0
23,8.87,82.08,50.63,82.49,3,1,2,63,95,1,0,1,0,1,0,0,0,0
22,9.86,52.56,68.48,100.0,4,0,4,95,58,1,1,0,1,0,0,0,0,0
22,6.79,74.01,62.86,79.76,3,1,5,66,43,0,0,1,0,0,0,1,0,0
23,7.03,63.4,78.4,81.42,3,1,2,87,100,0,1,0,0,0,0,0,1,0
22,9.53,69.04,81.64,55.58,0,0,1,94,67,1,0,1,1,0,0,0,0,0
20,5.8,67.73,99.99,70.17,1,1,2,93,83,0,1,0,0,1,0,0,0,0
22,5.14,53.02,75.64,93.04,1,1,4,42,69,0,0,1,0,0,0,1,0,0
24,9.54,73.33,77.57,91.71,4,0,3,51,75,1,0,1,0,1,0,0,0,0
22,9.11,99.73,70.72,76.12,2,0,2,86,92,1,0,1,0,0,0,0,1,0
21,9.86,64.95,57.38,95.17,2,0,0,91,81,1,0,1,0,0,1,0,0,0
20,5.29,86.81,65.17,57.15,2,0,4,69,97,0,0,1,0,0,0,0,1,0
21,5.78,77.39,62.35,82.91,4,0,3,51,98,0,0,1,0,0,0,0,0,1
21,5.53,66.26,90.06,62.44,3,0,4,80,43,0,0,1,0,0,0,1,0,0
24,8.42,54.48,77.29,82.28,1,1,2,81,62,1,0,1,0,0,0,0,1,0
20,8.03,60.79,64.81,54.37,1,1,1,94,50,0,1,0,0,0,1,0,0,0
20,6.8,89.09,74.45,97.18,3,1,1,98,43,0,1,0,0,1,0,0,0,0
20,5.29,63.95,60.94,89.32,1,1,0,79,50,0,0,1,0,0,0,1,0,0
20,8.2,57.22,59.26,60.05,1,1,5,84,88,1,1,0,1,0,0,0,0,0
20,7.85,66.56,93.0,81.86,2,0,5,61,92,1,1,0,0,0,0,0,1,0
24,5.56,79.2,97.24,87.96,2,1,0,54,99,0,0,1,0,0,1,0,0,0
22,9.54,85.17,54.0,60.47,0,1,3,67,63,1,1,0,0,0,0,0,1,0
21,5.99,69.37,88.24,54.67,0,0,1,56,93,0,0,1,0,0,0,0,0,1
20,8.72,74.91,72.67,67.59,1,0,2,98,91,1,0,1,0,0,0,1,0,0
22,9.43,72.75,69.45,56.79,2,0,4,83,59,1,0,1,0,1,0,0,0,0
22,7.9,50.45,84.47,78.29,0,0,4,87,84,1,1,0,0,0,1,0,0,0
21,6.23,69.78,63.31,71.21,0,0,1,64,56,0,1,0,0,0,0,0,1,0
24,6.55,79.37,51.03,73.12,2,0,1,82,97,0,0,1,0,0,0,1,0,0
23,9.43,78.5,60.7,77.14,0,0,4,90,52,1,0,1,0,0,0,0,1,0
23,6.49,87.49,59.25,99.1,3,0,3,100,56,0,1,0,0,0,0,1,0,0
22,8.73,83.52,51.7,89.63,3,0,4,84,90,1,0,1,0,0,0,0,0,1
21,9.95,63.84,66.07,81.47,2,0,0,42,91,1,0,1,0,0,0,0,1,0
23,10.0,62.78,73.73,68.19,2,0,2,96,54,1,1,0,0,0,0,0,0,1
22,7.67,73.21,86.79,51.35,0,1,1,75,43,1,1,0,1,0,0,0,0,0
24,9.13,86.65,66.28,55.83,1,0,5,70,57,1,1,0,1,0,0,0,0,0
23,9.95,54.69,59.73,86.54,4,0,1,95,82,0,1,0,0,0,1,0,0,0
22,6.87,97.42,61.53,68.46,3,0,3,54,48,0,1,0,0,0,0,0,0,1
22,6.26,77.16,94.56,66.72,3,1,0,85,87,0,0,1,0,0,0,1,0,0
20,5.57,65.32,60.24,94.45,2,1,4,67,95,0,0,1,0,0,1,0,0,0
24,5.7,84.67,93.96,74.23,1,1,0,82,42,0,0,1,0,0,0,0,1,0
20,9.27,52.24,72.35,94.98,2,0,0,70,66,0,1,0,0,0,0,0,1,0
21,7.94,74.22,96.72,94.33,0,0,3,99,57,1,1,0,0,0,0,1,0,0
20,9.37,74.3,70.4,54.01,1,1,3,84,56,1,0,1,0,1,0,0,0,0
20,8.95,58.1,58.88,97.27,0,0,5,59,49,1,1,0,0,1,0,0,0,0
23,8.37,91.87,77.45,53.85,3,1,4,89,96,1,0,1,0,0,0,0,1,0
22,8.05,89.84,79.39,98.18,2,1,5,84,76,1,0,1,0,0,0,1,0,0
24,5.24,57.64,81.77,72.63,2,0,4,60,95,0,0,1,0,1,0,0,0,0
20,9.36,68.19,70.57,88.04,4,0,2,66,68,0,0,1,0,0,0,0,0,1
24,7.09,55.02,52.43,85.31,1,0,0,58,86,0,1,0,0,0,0,0,1,0
20,7.8,92.43,81.34,75.92,3,1,4,75,91,1,0,1,1,0,0,0,0,0
21,5.11,66.17,96.65,80.97,4,0,3,51,89,0,1,0,0,0,0,0,0,1
20,9.68,71.97,97.88,97.5,4,0,2,74,44,1,1,0,0,0,0,1,0,0
23,9.51,66.19,79.84,96.37,2,1,5,87,95,1,0,1,1,0,0,0,0,0
22,7.72,65.5,50.99,82.72,1,0,2,72,86,0,1,0,0,0,0,0,0,1
21,7.89,87.37,55.3,82.89,2,0,3,75,45,0,0,1,0,1,0,0,0,0
20,8.53,87.38,91.7,62.35,1,1,4,80,79,1,0,1,0,1,0,0,0,0
24,6.32,75.89,91.49,91.43,4,0,3,62,98,0,0,1,1,0,0,0,0,0
21,6.11,82.88,97.3,81.63,0,1,4,52,74,1,1,0,0,0,1,0,0,0
21,8.37,75.58,78.19,91.31,3,0,3,93,44,1,0,1,0,0,0,0,1,0
20,5.52,51.43,93.19,82.89,4,0,3,69,89,0,0,1,1,0,0,0,0,0
21,7.27,53.3,91.24,64.97,2,1,1,49,99,0,0,1,0,0,0,1,0,0
24,7.46,69.19,79.47,59.47,3,0,4,80,54,0,0,1,0,0,0,0,1,0
21,6.91,87.49,89.18,53.85,4,0,0,59,66,0,1,0,0,0,0,0,0,1
24,5.93,95.66,56.29,79.3,1,0,1,45,83,0,0,1,0,0,0,1,0,0
20,6.78,51.49,81.96,64.2,2,1,1,70,90,0,0,1,0,0,0,1,0,0
22,6.69,68.4,97.67,81.53,4,0,1,58,78,0,0,1,0,1,0,0,0,0
21,7.5,61.19,58.1,52.93,1,0,1,42,72,0,0,1,0,0,0,0,0,1
22,8.37,90.76,87.2,68.78,1,1,0,49,63,1,1,0,0,1,0,0,0,0
24,9.84,92.3,66.04,63.03,1,1,1,49,60,1,0,1,0,1,0,0,0,0
21,5.72,60.32,90.86,68.52,3,0,5,95,41,0,1,0,0,0,1,0,0,0
23,9.37,85.54,84.86,52.71,2,0,0,60,58,0,0,1,0,1,0,0,0,0
22,6.42,86.59,96.31,86.21,1,1,5,95,84,1,0,1,0,0,0,0,1,0
21,7.96,58.85,85.6,55.83,4,0,0,96,91,0,1,0,0,0,0,1,0,0
22,7.73,71.68,70.52,50.72,1,1,5,41,57,1,0,1,0,1,0,0,0,0
21,7.78,81.02,50.54,97.31,2,0,1,84,49,0,1,0,1,0,0,0,0,0
20,8.62,51.3,89.65,59.64,3,0,2,78,84,0,1,0,0,0,0,0,1,0
22,6.91,70.23,70.42,91.4,1,0,0,100,76,0,0,1,0,0,0,0,0,1
23,6.6,57.75,83.53,98.22,4,1,1,84,62,0,0,1,0,0,0,1,0,0
23,9.26,77.09,55.25,76.71,2,0,3,69,84,1,1,0,1,0,0,0,0,0
24,6.1,92.15,94.55,76.31,1,0,3,85,80,1,0,1,1,0,0,0,0,0
21,5.9,76.24,71.78,68.37,3,0,4,67,40,0,0,1,0,0,0,0,0,1
22,5.08,51.8,95.98,71.28,0,0,0,57,97,0,0,1,1,0,0,0,0,0
24,6.05,51.48,85.35,74.1,4,1,0,53,100,0,0,1,0,0,0,0,1,0
22,7.59,80.28,56.07,57.6,1,0,5,94,93,1,1,0,0,0,0,0,0,1
21,7.69,66.4,78.96,68.24,1,1,3,98,45,1,0,1,1,0,0,0,0,0
23,6.27,78.63,95.5,90.81,0,0,0,84,40,0,0,1,0,0,0,0,0,1
20,5.36,58.18,90.0,59.12,2,1,0,58,57,0,1,0,0,0,0,0,0,1
23,8.72,88.84,70.9,86.49,0,1,3,79,66,1,0,1,0,1,0,0,0,0
24,8.79,93.04,97.75,82.58,2,1,1,75,87,1,0,1,0,1,0,0,0,0
20,9.99,94.46,63.43,52.86,1,0,5,80,79,1,1,0,0,1,0,0,0,0
24,9.5,65.2,68.76,51.12,0,1,3,51,77,1,0,1,1,0,0,0,0,0
21,9.63,83.04,87.49,67.63,1,0,2,59,84,1,1,0,0,0,0,1,0,0
20,8.99,63.95,61.65,84.61,0,0,3,73,56,1,1,0,0,0,0,0,1,0
24,8.08,88.14,75.77,66.52,1,1,5,100,65,1,0,1,1,0,0,0,0,0
21,5.64,56.03,86.44,83.39,1,1,3,75,52,0,0,1,0,1,0,0,0,0
23,8.11,88.14,82.2,83.27,1,0,5,60,49,1,0,1,0,0,0,0,0,1
21,5.28,71.99,57.77,90.33,3,1,1,95,98,0,0,1,1,0,0,0,0,0
22,9.43,92.78,81.48,54.97,0,1,3,58,77,1,1,0,0,0,0,0,0,1
21,7.41,86.95,78.64,78.86,3,1,3,80,65,1,1,0,0,0,0,0,0,1
21,8.49,68.83,77.89,53.12,1,1,1,80,70,1,0,1,0,0,0,0,0,1
22,5.26,95.18,91.3,58.8,4,1,3,82,62,0,1,0,0,0,1,0,0,0
24,7.67,64.17,59.19,66.28,2,0,1,81,89,0,1,0,0,0,0,1,0,0
24,6.51,98.35,87.58,85.37,0,0,2,74,98,1,1,0,0,0,0,0,1,0
21,6.42,88.36,88.05,98.69,0,0,1,47,59,0,0,1,0,0,0,0,1,0
22,6.95,99.53,86.13,67.13,2,1,0,61,62,0,0,1,0,1,0,0,0,0
22,5.0,52.7,75.3,76.06,3,0,0,82,84,0,0,1,0,0,1,0,0,0
23,7.33,63.7,69.78,62.95,2,1,5,77,66,1,1,0,1,0,0,0,0,0
24,7.43,87.06,69.73,83.77,4,0,1,57,54,0,0,1,1,0,0,0,0,0
20,9.32,96.11,86.69,68.33,1,0,3,47,77,1,1,0,0,0,0,0,1,0
24,7.24,51.44,74.89,74.08,2,1,4,94,50,1,0,1,0,0,0,1,0,0
24,6.82,50.0,66.92,78.39,2,1,4,41,47,0,0,1,0,0,0,0,0,1
23,9.97,62.81,81.27,84.31,1,1,2,59,53,1,0,1,0,1,0,0,0,0
20,7.86,92.64,91.85,53.0,0,1,2,44,52,1,1,0,0,0,0,1,0,0
23,7.36,88.36,53.08,77.75,4,0,4,96,61,0,0,1,0,0,0,0,1,0
20,7.48,67.01,98.61,71.56,2,1,4,81,73,1,1,0,0,0,1,0,0,0
21,9.05,50.1,54.83,56.69,2,0,1,69,40,0,0,1,0,1,0,0,0,0
20,6.7,77.74,75.59,60.4,0,1,4,57,76,1,0,1,0,0,0,0,1,0
23,6.95,61.9,78.01,94.19,4,0,0,83,71,0,0,1,1,0,0,0,0,0
24,8.78,87.28,56.91,93.59,1,1,2,99,50,1,0,1,0,1,0,0,0,0
20,5.36,72.32,95.78,51.67,1,1,5,62,49,0,0,1,0,0,0,0,1,0
20,9.33,83.93,73.57,84.47,3,0,2,92,69,1,0,1,1,0,0,0,0,0
22,7.15,92.62,57.16,77.71,4,0,0,41,51,0,0,1,1,0,0,0,0,0
24,7.91,76.79,85.58,96.99,4,0,2,81,81,0,0,1,0,0,0,0,0,1
21,8.79,66.8,83.17,95.4,2,0,4,83,80,1,1,0,0,0,1,0,0,0
23,6.33,88.48,98.14,78.98,3,0,2,90,73,0,1,0,0,0,0,0,0,1
21,9.45,63.26,72.08,56.95,1,0,0,76,94,1,0,1,0,0,0,0,1,0
24,9.9,94.58,63.39,72.99,4,1,2,81,64,1,1,0,0,0,0,1,0,0
20,7.47,53.57,53.0,86.26,4,1,5,71,75,0,1,0,0,0,0,0,0,1
20,9.68,91.77,86.66,97.59,0,0,5,40,43,1,0,1,0,0,0,1,0,0
24,5.01,54.58,80.86,68.19,1,0,5,78,97,0,1,0,1,0,0,0,0,0
20,9.47,52.81,98.63,89.23,0,0,5,40,60,1,1,0,0,0,0,0,1,0
20,6.56,68.16,85.61,84.17,3,1,4,93,100,1,0,1,0,0,1,0,0,0
20,6.56,97.83,96.66,53.91,4,0,5,99,100,1,0,1,0,0,0,1,0,0
23,6.14,99.17,99.58,77.9,3,0,5,93,69,1,1,0,0,0,0,0,1,0
23,6.59,60.1,71.42,59.18,0,0,1,88,77,0,0,1,0,0,0,1,0,0
22,6.07,57.43,57.51,84.18,1,1,5,83,51,1,0,1,0,0,0,0,0,1
21,9.53,67.65,59.79,80.5,4,0,4,70,78,1,0,1,0,0,0,0,1,0
24,9.5,66.85,65.92,98.65,1,0,5,78,64,1,0,1,0,0,0,0,0,1
24,5.51,87.98,75.44,96.77,3,0,2,47,93,0,1,0,0,1,0,0,0,0
24,5.71,72.2,56.12,50.47,2,0,5,42,58,0,1,0,0,0,0,0,1,0
22,9.31,88.99,65.09,54.0,1,0,3,86,41,1,1,0,0,0,0,1,0,0
23,6.99,87.44,65.39,88.46,1,1,2,51,61,1,0,1,0,1,0,0,0,0
22,5.85,78.92,50.2,84.28,1,0,5,97,69,0,0,1,0,0,0,0,0,1
24,7.55,91.68,67.71,90.05,4,0,5,88,96,1,0,1,0,0,0,0,0,1
21,7.08,59.78,55.81,63.34,3,1,2,73,90,0,0,1,0,0,0,1,0,0
20,6.1,58.09,71.49,92.47,3,1,0,88,75,0,0,1,0,1,0,0,0,0
23,8.6,87.53,59.83,72.12,4,1,3,64,42,1,1,0,1,0,0,0,0,0
23,8.16,62.24,91.11,63.1,1,0,0,75,62,0,1,0,0,0,1,0,0,0
22,5.5,50.14,54.03,50.53,1,0,5,46,43,0,0,1,0,0,0,1,0,0
23,9.63,95.6,93.28,93.57,2,1,0,54,67,1,1,0,0,0,0,0,0,1
24,7.79,81.15,79.03,76.77,1,0,4,60,53,1,0,1,0,0,0,0,1,0
24,6.25,72.25,72.93,98.77,0,0,1,64,45,0,0,1,0,1,0,0,0,0
22,6.03,86.29,77.49,85.73,1,0,2,87,45,0,1,0,1,0,0,0,0,0
24,5.68,66.67,68.81,54.02,2,0,3,96,80,0,0,1,0,0,1,0,0,0
21,7.12,97.68,56.38,79.41,0,0,2,77,76,1,1,0,0,0,0,0,1,0
22,5.68,53.43,88.29,50.86,2,1,0,76,46,0,1,0,0,1,0,0,0,0
21,7.08,82.05,96.4,77.89,2,0,1,97,52,0,0,1,1,0,0,0,0,0
20,5.74,88.86,97.5,67.51,3,0,0,55,40,0,1,0,0,0,0,1,0,0
21,8.28,73.46,83.54,82.16,4,1,2,40,63,0,0,1,1,0,0,0,0,0
20,8.93,87.75,70.52,77.08,2,0,4,86,73,1,0,1,0,0,0,1,0,0
20,7.75,96.35,73.92,63.07,1,1,2,91,91,1,0,1,0,1,0,0,0,0
21,8.4,87.2,82.85,58.12,3,0,0,76,49,0,0,1,1,0,0,0,0,0
22,9.69,65.47,91.15,70.24,0,0,3,84,94,1,1,0,0,0,1,0,0,0
24,8.19,78.09,68.73,99.34,4,0,3,53,99,0,0,1,1,0,0,0,0,0
24,6.82,95.58,95.84,71.78,3,0,3,96,45,0,1,0,0,1,0,0,0,0
20,7.25,72.45,66.21,87.44,2,0,3,73,43,0,1,0,0,0,0,0,1,0
20,9.3,84.08,76.54,52.85,3,0,3,41,47,1,0,1,0,0,0,0,1,0
22,5.65,73.28,98.07,68.94,1,0,5,70,85,1,1,0,1,0,0,0,0,0
23,6.63,56.07,96.91,79.02,1,0,1,58,100,0,0,1,1,0,0,0,0,0
21,7.89,52.93,84.79,87.56,1,0,1,58,87,0,0,1,0,0,0,1,0,0
20,8.38,97.61,66.23,76.42,4,0,4,83,54,1,0,1,0,1,0,0,0,0
24,8.82,80.63,60.95,75.76,3,1,3,62,84,1,0,1,0,0,0,1,0,0
22,6.59,55.19,54.01,88.2,3,0,0,69,51,0,0,1,0,0,1,0,0,0
21,5.73,92.87,85.43,65.66,2,1,0,56,78,0,1,0,0,0,0,0,1,0
22,9.77,76.13,75.17,54.53,0,0,2,41,86,1,0,1,0,0,0,0,0,1
21,5.38,88.6,78.61,67.36,1,1,3,50,45,0,0,1,0,0,0,0,0,1
21,5.48,56.34,73.62,57.95,0,0,0,88,92,0,1,0,0,1,0,0,0,0
20,7.47,95.35,74.15,98.3,0,1,5,53,60,1,1,0,0,1,0,0,0,0
22,9.1,79.53,78.56,78.88,1,1,4,80,85,1,1,0,0,0,0,0,0,1
22,8.87,86.91,95.71,72.33,1,0,0,97,71,1,0,1,0,1,0,0,0,0
24,9.69,51.57,51.47,95.6,2,1,5,96,71,1,1,0,0,0,0,0,1,0
24,5.71,65.77,90.08,95.02,4,1,5,68,66,0,1,0,0,0,1,0,0,0
20,6.88,63.37,69.53,70.78,1,1,4,58,86,1,1,0,0,0,1,0,0,0
20,6.41,97.48,87.25,93.74,0,0,3,67,94,1,1,0,0,0,0,1,0,0
23,9.3,59.27,97.43,53.2,2,1,2,90,50,1,0,1,0,0,0,0,1,0
24,7.44,85.35,65.31,94.29,3,0,2,40,61,0,0,1,0,1,0,0,0,0
21,5.13,52.14,54.48,65.53,2,0,1,44,75,0,0,1,0,1,0,0,0,0
22,8.54,59.88,61.61,78.26,1,1,3,90,62,1,0,1,0,0,0,1,0,0
20,6.94,66.93,61.1,63.48,1,0,0,73,76,0,1,0,0,0,0,1,0,0
22,7.66,89.73,87.09,99.24,4,0,2,100,62,0,0,1,0,1,0,0,0,0
22,9.47,89.5,53.09,53.59,2,0,5,53,94,1,1,0,0,1,0,0,0,0
23,6.28,97.63,52.55,72.35,1,1,4,58,66,1,1,0,0,0,0,0,1,0
24,6.2,95.84,84.68,81.05,0,0,5,63,73,1,0,1,0,0,0,1,0,0
20,6.32,54.08,77.84,80.78,0,0,4,79,99,1,0,1,0,0,0,0,1,0
22,6.69,91.49,70.89,86.94,2,0,0,56,59,0,1,0,1,0,0,0,0,0
20,5.54,72.56,78.77,86.22,4,0,0,41,54,0,1,0,0,1,0,0,0,0
21,8.49,93.29,86.76,89.66,2,1,3,70,81,1,0,1,0,0,0,0,0,1
23,6.04,54.46,55.17,61.71,4,1,0,56,43,0,0,1,0,0,0,0,0,1
21,9.63,91.14,77.66,68.53,0,1,0,47,68,1,0,1,1,0,0,0,0,0
20,6.08,57.98,91.22,69.1,1,0,0,85,94,0,1,0,0,1,0,0,0,0
20,6.28,66.69,68.12,97.79,3,0,2,56,79,0,0,1,0,0,0,1,0,0
24,6.49,51.44,88.15,70.47,1,0,3,77,50,0,1,0,0,0,0,0,0,1
22,8.84,56.19,92.27,61.09,0,1,0,65,88,1,0,1,0,0,0,1,0,0
22,7.14,72.29,91.05,81.62,0,0,0,100,46,0,0,1,0,0,0,0,0,1
21,9.1,90.92,82.52,71.36,1,1,5,82,50,1,0,1,0,0,0,1,0,0
23,8.92,88.68,85.87,62.5,1,0,5,79,93,1,0,1,0,0,0,0,0,1
22,9.65,61.76,89.38,85.76,0,0,4,84,81,1,0,1,0,0,0,1,0,0
24,8.78,57.58,86.69,59.6,1,0,2,79,72,1,0,1,1,0,0,0,0,0
21,5.26,69.46,72.58,81.67,3,1,0,46,69,0,0,1,0,0,0,0,1,0
21,9.19,94.16,57.96,71.53,3,0,2,95,71,1,0,1,0,0,0,1,0,0
24,9.69,54.57,65.49,65.96,2,1,3,63,79,1,0,1,0,0,0,0,1,0
23,9.97,77.15,60.36,97.3,3,1,3,69,76,1,1,0,0,0,0,0,1,0
24,5.63,54.44,68.07,66.22,0,1,5,65,52,0,0,1,0,1,0,0,0,0
23,8.07,73.51,74.47,67.38,0,0,1,69,46,0,0,1,1,0,0,0,0,0
24,6.0,56.34,97.95,93.53,2,1,4,74,63,1,1,0,0,0,0,0,1,0
24,6.31,54.02,97.97,56.45,4,1,1,41,94,0,1,0,0,0,1,0,0,0
20,8.73,59.54,88.48,55.4,2,0,2,83,50,0,0,1,0,0,0,0,1,0
21,9.89,62.76,99.01,64.14,4,1,4,43,70,1,1,0,0,0,0,1,0,0
24,7.97,63.81,99.9,79.58,4,1,5,44,83,1,1,0,0,0,0,0,1,0
24,9.25,82.26,94.26,69.22,1,0,0,87,53,1,1,0,0,0,0,1,0,0
22,5.04,52.75,53.98,80.43,3,1,5,41,83,0,0,1,0,0,0,1,0,0
21,5.18,54.04,71.3,57.99,4,1,5,70,65,0,1,0,0,0,1,0,0,0
22,7.98,59.44,76.71,63.07,1,0,4,66,99,1,0,1,0,0,0,0,1,0
21,6.94,93.6,56.2,78.26,2,1,4,63,100,1,1,0,0,0,0,0,1,0
22,9.45,81.43,90.43,60.86,2,0,3,95,40,1,1,0,0,0,0,0,0,1
24,6.51,86.52,57.43,71.14,4,1,1,84,45,0,0,1,0,0,0,0,0,1
24,7.16,68.52,69.17,78.63,1,0,3,99,98,1,1,0,0,1,0,0,0,0
20,7.64,60.66,53.45,98.68,0,1,3,43,70,1,0,1,0,0,0,1,0,0
22,6.37,51.9,76.23,53.99,3,0,1,67,82,0,1,0,0,0,1,0,0,0
23,9.54,74.43,79.85,73.02,4,0,3,44,82,1,0,1,0,0,0,0,0,1
20,7.32,78.71,86.76,69.81,0,1,4,66,51,1,0,1,0,0,0,0,1,0
22,7.12,94.85,66.97,91.21,3,1,2,83,40,0,0,1,0,1,0,0,0,0
22,9.25,94.1,79.53,95.01,0,1,0,86,91,1,1,0,0,0,1,0,0,0
20,6.56,71.23,86.71,95.35,1,1,0,44,91,0,0,1,1,0,0,0,0,0
24,9.09,71.18,88.1,68.76,4,1,3,44,95,1,0,1,0,0,0,0,1,0
22,5.61,58.06,65.08,65.23,0,0,1,87,45,0,0,1,0,0,0,0,1,0
24,5.91,62.87,53.39,72.46,0,1,4,96,68,1,1,0,1,0,0,0,0,0
20,9.75,96.28,51.88,67.2,0,1,3,48,69,1,0,1,0,0,0,1,0,0
24,9.21,57.05,88.4,85.94,4,0,4,86,94,1,0,1,0,0,0,1,0,0
21,6.94,98.43,69.27,60.68,1,0,4,66,52,1,0,1,0,0,0,0,0,1
23,8.19,75.24,56.7,82.93,1,1,5,43,69,1,0,1,0,0,0,0,0,1
22,9.71,72.83,59.22,96.35,0,0,0,88,51,1,0,1,0,0,0,0,1,0
23,6.06,58.73,88.31,64.0,1,0,2,63,49,0,0,1,0,0,0,0,1,0
24,5.3,83.08,79.95,83.84,3,1,2,66,94,0,1,0,0,0,0,0,0,1
22,7.69,72.99,75.07,57.18,1,1,1,40,78,1,0,1,1,0,0,0,0,0
24,5.71,68.53,81.15,56.07,0,1,2,71,49,0,0,1,0,0,0,0,0,1
21,5.94,63.23,56.87,55.78,3,1,3,55,57,0,0,1,0,0,0,0,1,0
20,9.46,53.32,65.95,56.93,4,1,0,62,45,0,1,0,0,0,1,0,0,0
22,5.04,75.97,68.7,60.81,2,1,0,67,95,0,1,0,0,0,0,0,1,0
21,9.08,65.65,65.72,78.14,1,0,4,100,47,1,1,0,0,0,1,0,0,0
21,7.58,85.39,93.22,88.35,3,0,3,59,59,0,0,1,0,0,1,0,0,0
22,7.8,86.18,79.07,56.34,2,0,3,56,94,1,0,1,0,0,0,0,1,0
24,8.36,66.61,86.47,93.5,4,0,4,75,80,1,0,1,0,1,0,0,0,0
21,7.16,83.46,61.84,92.14,2,0,5,94,55,1,0,1,0,0,0,0,0,1
23,5.58,62.93,63.2,86.37,4,0,5,84,95,0,0,1,0,0,0,1,0,0
21,5.51,86.36,61.27,71.3,0,0,4,47,41,0,1,0,0,0,0,0,1,0
24,8.77,50.8,84.4,50.08,0,1,0,57,100,1,1,0,0,0,1,0,0,0
24,6.11,57.58,67.45,86.74,4,1,3,52,50,0,1,0,0,0,0,0,1,0
23,5.14,62.25,70.25,93.95,2,0,2,48,63,0,0,1,0,0,0,0,0,1
21,9.9,88.65,85.46,66.76,1,1,2,76,58,1,1,0,1,0,0,0,0,0
24,9.9,53.32,98.59,85.9,2,1,0,69,43,1,0,1,0,0,1,0,0,0
22,6.89,59.4,58.09,53.1,2,1,2,82,42,0,0,1,0,0,0,1,0,0
20,5.13,67.93,53.13,85.47,1,0,2,67,54,0,1,0,0,0,0,1,0,0
20,8.64,50.46,59.74,53.42,2,1,3,85,79,1,0,1,0,0,0,1,0,0
20,9.16,88.11,86.75,79.36,2,1,3,95,43,1,0,1,1,0,0,0,0,0
21,5.63,78.01,59.73,79.88,3,1,1,89,82,0,0,1,0,1,0,0,0,0
23,5.68,95.03,79.22,65.11,4,0,3,57,56,0,1,0,0,0,1,0,0,0
24,9.11,51.55,79.52,53.96,0,1,1,59,48,1,1,0,1,0,0,0,0,0
22,9.61,63.57,64.72,97.47,4,1,5,87,64,1,0,1,0,0,1,0,0,0
22,8.95,86.56,53.44,76.78,2,0,3,75,40,1,1,0,1,0,0,0,0,0
21,6.0,83.76,69.96,78.99,1,0,4,58,79,0,0,1,1,0,0,0,0,0
20,7.06,62.15,59.34,80.75,1,0,3,44,41,0,0,1,0,1,0,0,0,0
21,8.0,79.78,59.22,94.55,0,0,1,73,94,1,1,0,0,0,1,0,0,0
23,5.8,89.69,76.13,53.01,0,1,2,56,84,0,1,0,1,0,0,0,0,0
23,6.05,51.67,83.66,94.66,0,0,3,67,72,0,1,0,0,1,0,0,0,0
24,6.41,85.88,53.77,61.98,1,1,2,75,61,0,0,1,0,0,0,0,1,0
24,7.55,62.6,78.92,53.9,2,0,2,77,81,0,1,0,0,0,0,0,0,1
23,7.55,97.39,62.31,82.86,0,1,3,69,51,1,1,0,1,0,0,0,0,0
23,9.07,76.91,83.66,98.85,0,1,3,93,66,1,1,0,0,0,0,1,0,0
23,8.77,51.67,90.51,52.86,1,1,4,57,50,1,0,1,0,1,0,0,0,0
21,9.57,70.17,90.35,71.31,2,1,5,45,81,1,1,0,0,1,0,0,0,0
23,9.16,98.32,68.49,76.49,0,0,1,91,53,1,1,0,1,0,0,0,0,0
22,6.27,86.52,78.36,62.61,2,0,3,65,53,0,0,1,0,1,0,0,0,0
20,6.66,65.02,89.68,99.14,3,0,2,54,79,0,0,1,0,0,0,0,1,0
23,7.5,78.76,53.04,82.05,0,1,2,40,82,1,0,1,0,1,0,0,0,0
20,5.07,79.96,80.28,92.22,0,1,3,56,61,0,1,0,0,0,0,0,0,1
21,9.52,51.17,91.83,70.79,1,0,1,70,48,1,1,0,0,0,0,0,0,1
20,5.22,58.94,68.62,67.7,3,0,5,41,54,0,1,0,0,0,0,1,0,0
21,6.61,77.59,72.77,77.66,3,1,2,75,98,0,1,0,0,0,0,0,1,0
22,7.85,70.14,84.94,71.76,3,0,5,95,72,1,0,1,0,0,0,0,0,1
21,7.59,59.5,53.39,85.75,4,0,5,74,96,0,0,1,1,0,0,0,0,0
21,8.27,88.63,69.28,63.29,1,1,4,66,58,1,0,1,0,0,1,0,0,0
24,7.64,74.45,64.79,72.48,1,1,2,92,70,1,0,1,0,0,1,0,0,0
23,6.15,65.5,50.85,94.76,0,1,1,42,57,0,0,1,0,0,1,0,0,0
23,6.01,58.08,59.8,87.81,1,0,0,95,51,0,0,1,1,0,0,0,0,0
22,9.54,80.56,69.79,58.4,0,1,4,85,79,1,0,1,0,1,0,0,0,0
22,6.32,83.31,59.87,94.34,0,1,4,59,97,1,0,1,1,0,0,0,0,0
23,6.4,83.48,80.12,79.45,4,0,0,98,76,0,0,1,0,1,0,0,0,0
24,7.06,61.01,72.43,83.96,1,1,4,47,84,1,0,1,0,0,1,0,0,0
23,5.7,79.77,51.97,64.71,1,0,4,68,88,0,0,1,0,0,0,1,0,0
24,7.54,95.27,63.75,72.08,4,1,4,47,40,0,1,0,0,0,0,1,0,0
22,8.33,67.66,50.97,90.34,4,0,2,80,73,0,1,0,0,1,0,0,0,0
20,8.93,60.54,67.91,66.53,1,0,2,89,46,1,1,0,0,0,1,0,0,0
22,8.56,88.61,62.96,58.25,1,0,3,66,41,1,0,1,1,0,0,0,0,0
22,5.74,58.84,84.41,68.92,0,1,3,65,96,1,1,0,0,0,0,1,0,0
21,7.28,62.69,65.37,53.46,2,1,2,78,61,0,1,0,0,1,0,0,0,0
21,5.19,55.03,68.76,85.89,0,0,4,49,43,0,1,0,1,0,0,0,0,0
21,5.09,63.39,86.27,57.39,3,1,1,69,99,0,0,1,0,0,1,0,0,0
21,7.2,70.52,74.05,64.26,3,0,0,72,84,0,1,0,0,0,0,0,1,0
24,6.26,53.21,77.82,94.05,2,0,3,100,85,0,1,0,0,0,1,0,0,0
23,8.42,93.59,92.07,77.02,4,0,4,75,59,1,1,0,0,0,1,0,0,0
20,8.62,75.68,60.34,66.07,3,1,3,59,42,1,1,0,1,0,0,0,0,0
22,9.48,79.41,99.46,77.38,4,0,5,43,48,1,0,1,1,0,0,0,0,0
24,8.8,68.56,95.01,60.91,4,0,1,62,57,0,0,1,0,0,0,0,0,1
20,5.24,83.49,64.33,51.26,0,0,5,68,96,0,0,1,0,0,0,0,0,1
24,6.86,71.59,94.65,80.19,4,0,4,85,55,0,1,0,1,0,0,0,0,0
24,6.37,88.07,87.7,85.71,2,1,2,71,90,1,0,1,1,0,0,0,0,0
22,6.93,91.07,96.54,93.99,0,0,1,76,91,1,0,1,0,0,0,0,1,0
23,5.8,83.59,84.56,88.59,2,0,3,76,48,0,0,1,0,0,0,0,1,0
21,5.49,74.57,83.72,96.33,4,1,4,90,58,0,0,1,0,0,1,0,0,0
23,7.6,89.11,50.17,99.3,3,1,5,65,45,1,0,1,0,0,0,1,0,0
22,8.6,74.71,73.73,87.25,4,1,4,92,83,1,1,0,0,0,0,0,1,0
22,8.51,55.58,60.01,93.4,2,0,0,44,54,0,1,0,0,0,1,0,0,0
22,7.25,55.82,66.2,83.69,1,0,0,63,92,0,0,1,0,1,0,0,0,0
20,7.61,97.43,98.94,58.55,1,1,5,82,45,1,0,1,0,0,0,0,0,1
23,7.58,60.68,54.28,59.09,3,0,0,41,44,0,0,1,0,0,0,1,0,0
23,8.46,90.8,86.12,55.51,2,0,2,54,68,1,1,0,0,0,1,0,0,0
24,5.24,62.34,58.65,97.15,3,0,4,85,85,0,0,1,1,0,0,0,0,0
24,8.55,71.54,50.37,83.64,0,0,4,85,66,1,0,1,0,1,0,0,0,0
24,7.91,82.75,75.07,89.5,4,0,3,79,90,0,0,1,0,0,0,0,0,1
22,5.99,57.94,58.06,66.56,0,0,2,91,89,0,1,0,0,1,0,0,0,0
23,5.25,86.86,98.27,73.02,1,1,0,96,97,0,1,0,0,0,1,0,0,0
22,5.54,84.5,60.18,51.99,4,0,4,47,84,0,1,0,0,0,0,0,1,0
20,7.62,77.15,59.6,94.45,0,0,0,76,80,1,1,0,0,0,0,0,0,1
24,8.79,78.29,51.61,92.65,1,1,1,76,91,1,0,1,0,1,0,0,0,0
22,6.67,55.29,66.49,89.24,0,1,2,96,65,1,0,1,0,0,0,0,1,0
22,6.9,71.8,51.21,52.92,4,1,0,100,67,0,0,1,0,0,0,1,0,0
20,9.67,54.33,74.94,58.71,0,1,2,53,93,1,0,1,0,0,1,0,0,0
21,6.07,65.39,75.28,66.71,4,0,5,44,71,0,0,1,0,0,1,0,0,0
23,5.52,95.02,52.66,63.15,0,0,4,100,64,0,0,1,0,0,0,0,0,1
21,6.72,78.73,62.0,91.92,3,1,1,48,92,0,0,1,0,1,0,0,0,0
24,8.73,87.14,91.61,59.74,0,1,3,61,46,1,1,0,0,0,0,1,0,0
22,8.13,78.69,73.13,76.61,0,0,1,98,99,1,1,0,1,0,0,0,0,0
20,7.08,59.71,71.73,78.57,3,1,2,82,69,0,1,0,0,0,0,0,0,1
20,9.82,79.74,84.94,71.25,1,1,1,88,92,1,1,0,1,0,0,0,0,0
23,8.67,87.77,85.74,62.03,4,1,4,98,70,1,0,1,0,0,0,0,0,1
21,5.31,56.92,88.1,98.01,2,1,2,83,51,0,1,0,0,1,0,0,0,0
23,8.72,90.85,91.52,70.67,1,1,2,83,48,1,0,1,0,0,0,1,0,0
22,5.12,77.77,61.61,86.37,4,1,4,95,73,0,1,0,0,1,0,0,0,0
23,8.25,50.21,53.32,59.2,0,0,5,87,42,1,0,1,0,0,1,0,0,0
20,6.05,75.99,69.01,91.14,1,1,0,69,76,0,1,0,1,0,0,0,0,0
20,8.48,69.78,92.75,60.79,0,1,3,72,89,1,0,1,0,0,0,0,1,0
24,6.55,64.82,53.9,83.77,1,0,5,89,67,1,0,1,0,0,1,0,0,0
24,9.37,88.56,78.8,75.32,1,0,5,77,85,1,1,0,0,0,1,0,0,0
22,6.68,94.97,85.05,57.33,2,1,1,76,61,0,0,1,1,0,0,0,0,0
21,8.1,88.13,74.07,51.25,3,1,5,89,65,1,1,0,0,0,0,0,0,1
23,6.43,92.34,62.76,96.54,1,0,3,84,58,0,1,0,0,0,1,0,0,0
22,9.59,95.44,66.32,56.28,0,0,3,77,60,1,1,0,0,0,0,1,0,0
24,8.9,95.63,53.58,85.25,2,1,5,46,76,1,1,0,0,0,1,0,0,0
23,6.22,55.73,64.63,82.63,1,1,4,42,49,0,1,0,0,0,0,1,0,0
24,9.74,72.82,52.22,67.09,3,0,0,82,55,0,0,1,0,1,0,0,0,0
23,6.79,50.01,86.32,59.27,0,0,3,79,63,0,1,0,0,0,0,0,0,1
21,8.26,75.32,94.9,58.92,2,1,2,71,64,1,1,0,0,0,0,1,0,0
22,8.71,96.21,81.68,79.27,4,1,5,75,91,1,1,0,0,0,1,0,0,0
23,5.11,59.96,82.84,77.35,3,1,0,81,65,0,0,1,0,0,0,0,0,1
20,9.79,81.99,73.61,93.8,4,1,4,80,40,1,1,0,0,0,0,0,0,1
20,6.72,82.22,57.8,82.0,4,0,5,94,92,0,1,0,0,0,0,1,0,0
23,5.95,58.02,50.39,90.96,2,1,3,84,43,0,1,0,0,0,0,1,0,0
23,9.25,61.93,67.2,51.62,2,0,5,58,76,1,0,1,0,0,0,0,1,0
23,8.51,73.1,87.57,83.55,2,1,4,70,82,1,0,1,0,0,0,0,1,0
20,5.43,59.41,98.02,61.69,4,1,1,69,53,0,0,1,0,0,0,0,0,1
20,5.59,79.25,71.55,62.64,0,1,4,86,96,1,1,0,1,0,0,0,0,0
23,8.58,74.23,68.27,86.03,2,0,2,76,63,1,1,0,1,0,0,0,0,0
24,5.37,75.96,72.3,89.67,3,0,4,64,66,0,0,1,0,0,0,0,1,0
24,9.59,56.72,71.39,68.59,2,0,0,52,82,0,0,1,0,0,1,0,0,0
21,8.71,75.86,81.29,89.5,2,0,1,51,66,1,0,1,0,1,0,0,0,0
22,6.68,52.47,86.71,72.19,2,1,5,48,63,1,0,1,0,0,0,0,0,1
24,6.81,94.08,89.25,92.88,4,0,5,95,79,1,1,0,0,1,0,0,0,0
20,7.53,67.16,82.48,51.25,0,1,2,79,40,1,1,0,0,0,0,0,1,0
24,6.8,92.82,71.89,54.17,2,0,1,48,99,0,0,1,0,0,0,1,0,0
21,8.92,85.08,97.51,88.82,4,1,2,92,78,1,0,1,0,0,0,0,0,1
21,9.87,88.31,85.55,81.2,3,1,5,84,52,1,0,1,0,0,0,0,1,0
22,7.92,65.73,71.33,77.95,0,0,1,66,59,0,1,0,0,0,1,0,0,0
24,7.23,61.39,72.33,80.7,4,1,3,100,77,0,0,1,0,0,0,0,0,1
20,6.11,70.34,90.9,96.51,1,0,4,80,75,1,0,1,0,0,0,0,0,1
20,8.27,51.21,72.03,82.78,3,0,0,70,51,0,0,1,1,0,0,0,0,0
23,8.43,95.94,75.81,82.37,3,1,0,45,44,0,1,0,0,0,0,1,0,0
20,8.43,69.35,64.58,87.97,1,1,3,68,44,1,1,0,0,0,0,0,0,1
22,5.13,99.43,91.95,93.33,4,0,1,69,56,0,1,0,0,0,0,1,0,0
22,9.5,88.07,76.11,63.1,4,0,4,77,77,1,0,1,0,0,0,0,1,0
20,6.69,54.03,77.63,80.84,3,1,3,50,49,0,0,1,0,0,1,0,0,0
20,8.72,83.01,94.03,79.2,4,0,1,81,55,0,0,1,0,0,1,0,0,0
23,8.8,63.54,96.03,56.74,1,0,4,85,63,1,1,0,0,0,0,0,0,1
20,8.25,62.19,91.21,76.02,4,0,1,99,68,0,0,1,0,0,0,0,0,1
23,6.97,62.83,53.27,53.48,3,0,0,45,92,0,1,0,0,0,0,0,1,0
23,8.04,95.8,72.18,59.25,4,1,4,78,53,1,1,0,1,0,0,0,0,0
20,5.2,75.0,67.17,95.65,0,0,0,80,49,0,1,0,1,0,0,0,0,0
21,8.81,83.47,60.68,55.96,1,1,0,70,68,1,0,1,1,0,0,0,0,0
21,5.5,64.05,95.45,78.95,1,1,4,74,67,1,0,1,0,0,0,1,0,0
23,6.98,76.15,94.5,66.17,2,0,3,51,93,0,0,1,1,0,0,0,0,0
20,5.52,67.51,73.26,77.77,4,1,1,87,92,0,1,0,0,0,1,0,0,0
21,9.19,66.06,56.73,61.75,1,0,4,84,56,1,1,0,0,0,0,1,0,0
20,7.75,62.35,50.67,72.22,4,0,5,45,44,0,0,1,0,0,0,0,1,0
20,8.45,70.45,71.92,93.37,0,1,0,84,41,1,0,1,0,0,1,0,0,0
20,8.41,83.0,52.0,68.81,3,1,1,65,75,0,1,0,0,0,1,0,0,0
24,9.21,61.1,80.48,67.65,3,0,4,76,89,1,1,0,0,1,0,0,0,0
20,5.66,98.27,80.42,72.31,2,1,3,71,79,0,0,1,0,0,0,0,1,0
24,8.3,56.23,94.95,55.02,2,0,4,43,85,1,1,0,0,0,0,0,1,0
23,7.88,74.01,59.5,69.37,1,1,4,79,84,1,0,1,0,1,0,0,0,0
21,5.15,54.25,68.57,50.35,1,0,2,42,100,0,0,1,0,0,0,1,0,0
21,6.01,51.13,92.98,75.17,1,1,5,41,78,1,1,0,1,0,0,0,0,0
21,6.34,96.13,73.71,92.4,0,1,1,59,48,1,1,0,1,0,0,0,0,0
21,5.36,90.52,52.99,77.6,2,1,4,58,75,0,1,0,1,0,0,0,0,0
21,6.77,84.71,55.54,80.39,2,1,0,78,44,0,0,1,1,0,0,0,0,0
21,5.14,93.26,90.67,51.53,3,0,0,51,54,0,1,0,1,0,0,0,0,0
21,7.77,90.14,87.18,92.98,2,0,2,100,48,1,0,1,0,1,0,0,0,0
23,6.06,82.36,93.79,69.25,2,1,0,75,64,0,0,1,0,0,0,0,1,0
20,6.44,92.37,55.94,98.74,0,1,4,81,89,1,0,1,0,0,0,1,0,0
22,9.55,69.54,88.02,56.02,1,0,1,67,67,1,0,1,0,0,1,0,0,0
24,7.51,77.64,82.76,97.23,0,0,2,48,66,1,1,0,1,0,0,0,0,0
22,6.35,88.82,61.61,81.71,4,0,5,100,85,0,1,0,0,1,0,0,0,0
22,7.99,54.24,98.7,52.62,3,1,2,83,86,1,0,1,0,0,0,1,0,0
20,6.01,92.93,78.52,98.58,3,0,3,50,72,0,0,1,0,0,0,1,0,0
20,5.37,57.84,95.34,50.69,3,0,3,92,90,0,0,1,0,0,0,1,0,0
20,5.1,93.23,92.95,86.54,1,1,1,69,97,0,0,1,0,1,0,0,0,0
21,9.76,65.57,66.66,94.48,1,0,1,90,72,1,1,0,0,0,1,0,0,0
23,8.62,66.34,76.8,58.79,1,0,2,41,77,1,1,0,1,0,0,0,0,0
21,9.0,53.7,71.57,67.17,3,0,4,77,47,1,0,1,0,0,0,1,0,0
23,9.9,94.29,85.45,78.06,3,0,4,77,43,1,0,1,0,1,0,0,0,0
23,9.66,58.73,79.4,83.99,3,0,3,72,87,1,1,0,0,0,0,0,1,0
22,8.68,81.5,89.24,93.59,4,1,1,46,82,1,1,0,0,1,0,0,0,0
22,8.47,82.2,50.59,88.05,4,1,1,83,75,0,0,1,0,1,0,0,0,0
23,6.68,64.06,84.39,68.17,3,0,4,60,82,0,0,1,0,1,0,0,0,0
23,5.52,99.28,65.95,91.09,1,0,3,94,70,0,1,0,0,0,0,1,0,0
21,7.87,53.21,61.21,98.3,1,0,4,51,49,1,0,1,0,1,0,0,0,0
21,7.88,80.39,90.06,61.35,4,0,4,91,88,1,0,1,0,0,0,0,1,0
22,9.76,73.98,54.46,53.7,4,0,2,60,80,0,1,0,0,0,0,1,0,0
20,7.21,62.27,61.42,71.33,3,0,1,62,81,0,1,0,0,0,0,0,1,0
23,8.45,58.18,60.19,94.07,3,0,2,45,47,0,1,0,0,0,0,0,0,1
21,7.87,86.85,70.99,57.51,1,0,2,53,69,0,1,0,0,1,0,0,0,0
22,5.88,95.82,66.12,94.29,2,1,4,71,53,1,1,0,1,0,0,0,0,0
21,7.96,55.38,86.02,99.61,1,0,3,88,84,1,0,1,1,0,0,0,0,0
23,7.7,59.7,84.97,52.7,1,1,4,88,74,1,0,1,0,0,0,1,0,0
23,7.47,99.31,66.27,74.76,3,1,5,89,85,1,0,1,1,0,0,0,0,0
24,7.57,50.75,71.85,66.44,2,1,3,84,85,1,0,1,0,0,0,1,0,0
20,5.82,75.41,60.4,69.68,2,0,1,52,42,0,1,0,0,1,0,0,0,0
24,7.32,75.81,83.54,72.58,3,1,5,66,68,1,1,0,0,0,1,0,0,0
22,8.03,63.16,69.81,86.99,0,1,5,50,55,1,1,0,0,0,1,0,0,0
21,7.45,83.15,56.64,79.56,3,1,5,71,49,1,1,0,0,0,0,0,1,0
22,7.44,97.25,56.36,98.06,4,1,0,42,43,0,0,1,0,1,0,0,0,0
23,5.39,72.51,66.12,66.64,2,1,1,88,91,0,0,1,1,0,0,0,0,0
24,5.95,87.47,87.37,77.08,3,1,4,97,89,1,1,0,0,1,0,0,0,0
24,6.6,82.3,51.28,90.67,1,1,3,41,43,0,1,0,0,0,0,0,0,1
24,7.1,73.65,62.89,68.65,1,0,5,69,41,1,1,0,0,0,1,0,0,0
22,7.97,52.49,58.12,73.26,1,0,0,99,50,0,1,0,1,0,0,0,0,0
23,9.32,87.09,97.82,84.25,3,1,5,41,54,1,1,0,0,0,1,0,0,0
21,5.8,68.16,85.26,93.04,0,0,3,78,50,0,1,0,0,1,0,0,0,0
21,5.08,61.22,61.66,70.78,4,0,3,98,94,0,0,1,1,0,0,0,0,0
22,7.25,97.41,60.37,76.6,1,0,0,68,92,0,1,0,0,0,0,0,1,0
24,7.16,88.68,92.9,98.76,3,0,0,99,62,0,1,0,0,1,0,0,0,0
20,7.76,98.11,59.51,52.12,0,1,1,61,77,1,0,1,0,0,0,0,1,0
22,9.17,62.81,99.85,72.41,2,0,2,64,89,1,1,0,1,0,0,0,0,0
22,9.01,91.79,64.12,81.8,2,1,5,81,69,1,0,1,0,0,1,0,0,0
23,5.5,80.39,54.22,50.42,4,1,0,85,99,0,1,0,0,0,0,0,0,1
21,9.67,99.08,84.55,79.84,3,1,5,92,89,1,0,1,0,0,0,1,0,0
22,5.55,97.32,80.48,52.81,3,0,2,58,40,0,1,0,0,0,1,0,0,0
22,8.17,98.65,99.99,92.88,1,0,2,88,84,1,0,1,0,0,0,0,1,0
24,8.36,97.59,90.1,90.35,0,1,2,55,72,1,1,0,0,1,0,0,0,0
24,8.4,50.38,71.44,51.61,4,0,2,56,84,0,0,1,1,0,0,0,0,0
20,6.33,87.05,83.83,52.44,0,0,0,89,92,0,0,1,0,0,1,0,0,0
23,6.65,63.6,90.89,87.68,4,1,5,100,76,1,0,1,0,0,0,0,0,1
20,7.74,85.25,75.69,68.48,3,1,3,66,62,1,1,0,1,0,0,0,0,0
24,6.0,99.03,63.64,78.75,3,0,5,82,88,0,0,1,0,0,0,0,1,0
21,5.1,51.97,60.51,63.52,4,1,5,58,87,0,0,1,1,0,0,0,0,0
24,7.81,78.35,64.76,58.65,0,0,0,82,92,1,1,0,1,0,0,0,0,0
23,7.33,86.75,92.4,64.8,2,0,0,81,57,0,0,1,0,1,0,0,0,0
24,8.28,62.67,69.02,62.34,2,1,4,69,49,1,1,0,0,0,0,1,0,0
23,5.73,61.26,64.33,72.42,1,1,4,53,56,0,0,1,0,0,0,0,1,0
23,9.2,53.02,90.29,87.33,1,1,1,85,46,1,1,0,0,1,0,0,0,0
23,5.73,54.7,51.6,77.71,0,0,2,81,54,0,0,1,0,0,0,1,0,0
23,9.46,82.84,79.7,80.46,3,1,2,71,90,1,0,1,0,1,0,0,0,0
23,7.25,75.26,93.68,73.5,0,0,4,92,66,1,1,0,0,0,0,1,0,0
21,7.75,51.5,70.5,66.24,4,1,3,62,48,0,1,0,0,0,0,1,0,0
20,9.48,98.48,63.47,57.18,2,1,1,75,60,1,1,0,0,0,0,1,0,0
22,6.5,82.8,74.59,67.73,1,0,5,49,92,1,0,1,0,1,0,0,0,0
20,5.91,75.77,85.87,83.26,0,0,3,98,76,1,0,1,1,0,0,0,0,0
23,7.23,63.64,75.83,86.69,0,0,4,77,96,1,0,1,0,0,0,1,0,0
21,6.22,82.9,50.38,73.46,4,1,5,93,68,0,1,0,1,0,0,0,0,0
24,7.64,68.21,53.92,82.25,3,1,3,68,81,1,0,1,0,0,0,0,1,0
21,6.38,85.12,86.07,60.53,3,0,2,50,84,0,0,1,0,0,0,0,0,1
23,9.32,84.13,70.0,93.0,2,0,4,89,72,1,0,1,1,0,0,0,0,0
21,8.04,54.64,89.24,93.3,1,0,5,77,92,1,1,0,0,0,0,0,0,1
21,5.0,95.46,82.47,66.02,3,1,3,92,97,0,0,1,0,0,0,1,0,0
23,9.03,74.35,79.08,77.39,3,1,1,54,45,1,1,0,0,0,0,0,0,1
21,6.65,69.65,95.07,80.33,3,0,1,71,64,0,0,1,0,0,0,0,0,1
22,6.6,97.77,51.07,73.62,0,0,0,66,74,0,1,0,0,0,0,1,0,0
22,6.92,71.91,57.75,95.56,3,0,5,77,56,0,0,1,1,0,0,0,0,0
21,8.15,86.06,81.22,86.99,4,0,4,91,83,1,1,0,0,0,0,1,0,0
24,7.21,82.76,53.29,83.63,2,1,4,40,66,1,1,0,0,0,0,0,1,0
23,8.14,58.26,82.25,76.0,3,0,5,80,82,1,0,1,0,0,1,0,0,0
22,5.73,99.56,99.21,54.24,1,0,4,53,79,0,1,0,0,1,0,0,0,0
24,9.85,73.18,93.94,55.39,0,1,2,42,64,1,0,1,0,0,0,1,0,0
21,8.65,69.74,79.55,64.95,4,1,2,69,51,0,1,0,0,0,0,1,0,0
24,6.25,95.98,94.7,60.58,2,0,4,70,82,0,1,0,0,0,0,0,0,1
20,8.62,76.46,55.81,97.63,0,1,5,40,93,1,0,1,0,0,0,0,1,0
22,7.88,85.25,72.73,70.49,4,0,3,85,76,0,0,1,0,0,0,0,0,1
21,5.55,92.31,71.43,93.83,0,0,2,53,99,0,0,1,1,0,0,0,0,0
23,5.89,61.77,66.82,90.9,2,0,5,75,79,0,0,1,0,0,0,1,0,0
21,5.21,58.47,50.01,90.63,2,0,4,85,83,0,0,1,0,0,0,1,0,0
23,9.05,53.43,94.55,60.79,3,0,2,94,93,1,0,1,0,0,0,0,0,1
21,7.76,94.86,88.89,72.37,1,1,5,75,77,1,0,1,0,0,0,1,0,0
24,6.58,60.02,82.64,65.9,3,0,0,82,80,0,1,0,1,0,0,0,0,0
24,5.63,65.39,56.45,98.52,0,1,1,91,64,0,0,1,0,0,1,0,0,0
24,7.42,64.29,68.91,93.84,3,1,0,80,88,0,0,1,0,1,0,0,0,0
20,7.63,65.23,96.22,62.5,2,0,4,82,99,1,1,0,0,1,0,0,0,0
23,8.51,83.4,80.85,65.68,2,1,5,54,41,1,0,1,0,1,0,0,0,0
24,9.85,97.71,80.17,76.45,2,1,1,77,40,1,0,1,0,0,1,0,0,0
20,7.17,66.47,95.66,63.93,3,1,3,64,89,1,0,1,0,0,0,1,0,0
23,7.03,70.38,77.99,91.23,4,0,4,83,42,0,1,0,0,0,0,0,0,1
21,6.85,88.56,79.88,90.96,3,1,3,99,68,1,1,0,0,0,0,0,1,0
20,9.13,71.62,67.29,86.22,3,1,3,84,53,1,0,1,0,0,0,1,0,0
22,5.78,96.3,68.57,84.47,3,0,2,89,84,0,1,0,0,0,1,0,0,0
20,6.72,75.16,84.28,77.37,3,0,2,94,73,0,0,1,1,0,0,0,0,0
20,8.62,67.39,66.02,67.36,2,1,1,94,61,1,1,0,0,0,1,0,0,0
23,5.08,98.58,77.96,91.85,1,0,1,53,75,0,1,0,0,1,0,0,0,0
21,6.45,71.29,63.96,92.94,3,1,5,63,54,0,1,0,0,0,0,1,0,0
22,8.21,61.56,58.31,52.48,3,1,2,97,76,0,0,1,0,1,0,0,0,0
24,5.93,58.89,72.72,69.93,1,0,1,82,49,0,0,1,0,0,0,0,1,0
24,6.51,99.76,60.87,51.33,3,1,5,96,48,1,0,1,1,0,0,0,0,0
20,7.43,87.65,94.92,91.97,1,0,0,95,89,1,1,0,0,1,0,0,0,0
23,7.11,70.43,65.18,58.85,2,0,4,41,74,0,1,0,0,0,0,0,1,0
23,5.53,91.32,79.87,83.69,4,1,0,90,85,0,1,0,0,0,1,0,0,0
24,9.69,77.34,63.17,67.87,3,0,4,99,81,1,1,0,0,1,0,0,0,0
22,5.22,65.87,62.9,90.8,4,1,5,73,56,0,0,1,0,1,0,0,0,0
21,8.75,87.17,67.53,75.48,3,1,2,88,86,1,1,0,0,0,0,0,0,1
22,5.36,87.29,95.79,66.22,0,0,0,100,57,0,1,0,1,0,0,0,0,0
21,7.34,75.01,69.57,66.19,0,1,3,62,88,1,1,0,1,0,0,0,0,0
24,5.88,52.26,91.06,66.35,2,0,0,47,64,0,1,0,0,0,1,0,0,0
21,5.71,53.85,59.86,89.43,4,1,1,44,74,0,1,0,0,0,0,0,0,1
23,5.63,89.44,52.41,85.56,4,0,0,97,55,0,0,1,0,0,0,0,1,0
20,7.26,91.17,89.08,65.96,1,0,2,68,90,1,1,0,0,0,0,0,1,0
20,7.58,83.91,77.09,74.51,1,1,2,82,84,1,0,1,0,0,1,0,0,0
24,5.67,91.95,75.19,53.81,3,0,1,96,94,0,1,0,1,0,0,0,0,0
23,9.9,85.97,63.61,91.38,1,0,4,91,88,1,1,0,0,0,0,0,1,0
22,6.29,94.85,53.62,63.3,1,0,1,72,64,0,0,1,0,0,1,0,0,0
23,7.29,57.52,74.14,94.46,4,1,5,59,94,1,1,0,0,0,0,0,1,0
20,6.08,69.39,93.36,79.84,0,0,4,55,55,0,0,1,0,0,0,1,0,0
20,7.47,73.21,56.0,78.39,4,0,2,76,80,0,0,1,0,1,0,0,0,0
23,8.78,64.88,96.46,58.14,1,0,2,98,63,1,0,1,1,0,0,0,0,0
23,7.61,86.27,63.74,53.48,3,0,5,99,92,1,1,0,0,0,0,1,0,0
20,6.43,95.62,76.61,77.63,0,0,4,87,51,1,1,0,0,0,1,0,0,0
22,6.24,70.62,53.33,73.4,1,0,0,95,74,0,1,0,0,0,1,0,0,0
24,8.79,97.08,71.25,55.98,1,0,0,76,98,1,0,1,0,0,0,1,0,0
24,5.59,75.84,56.29,91.78,3,0,1,99,48,0,1,0,0,1,0,0,0,0
23,6.85,76.13,52.4,70.86,3,1,2,81,87,0,1,0,0,1,0,0,0,0
24,5.76,80.01,98.33,63.02,1,1,0,80,76,0,0,1,0,0,0,0,0,1
20,6.29,63.42,86.5,89.41,1,0,2,93,71,0,0,1,0,0,0,0,1,0
20,5.76,69.17,85.95,95.65,4,0,1,63,96,0,0,1,0,0,0,0,0,1
23,9.43,77.66,54.53,65.3,2,0,3,90,58,1,1,0,0,1,0,0,0,0
23,8.66,97.1,96.47,88.8,3,0,2,68,61,1,1,0,0,0,0,1,0,0
23,7.8,82.13,73.47,82.63,3,0,3,74,84,1,1,0,0,0,0,0,1,0
22,6.12,66.66,92.61,99.49,4,1,2,48,73,0,0,1,0,0,0,1,0,0
24,7.55,50.52,50.63,60.2,0,1,4,61,58,1,1,0,0,0,0,0,0,1
23,7.6,99.08,64.91,98.03,0,1,5,59,89,1,0,1,0,0,1,0,0,0
21,7.95,74.65,99.8,65.76,0,1,3,79,51,1,0,1,0,0,0,1,0,0
21,5.3,96.92,71.39,70.6,3,0,4,43,57,0,1,0,0,0,0,0,0,1
20,9.86,77.47,94.42,67.94,2,0,5,82,44,1,0,1,0,0,0,0,0,1
24,7.33,80.27,66.4,63.42,2,1,4,75,65,1,1,0,0,0,0,0,0,1
23,9.63,85.6,76.27,84.66,4,1,1,51,91,1,0,1,0,0,1,0,0,0
21,5.05,66.05,92.71,79.46,0,1,1,62,66,0,1,0,0,0,1,0,0,0
24,6.24,84.95,80.29,65.28,0,1,0,78,59,0,0,1,0,0,1,0,0,0
20,5.52,76.34,86.26,56.61,1,0,3,99,100,0,1,0,0,0,0,0,1,0
22,8.85,83.62,61.44,65.87,4,1,0,47,47,0,0,1,0,0,1,0,0,0
24,6.6,91.79,57.79,69.06,4,1,3,49,93,0,0,1,0,0,1,0,0,0
24,9.2,59.21,61.52,69.03,3,0,1,62,55,0,1,0,0,0,1,0,0,0
22,9.16,80.68,74.65,67.86,3,1,1,68,97,1,0,1,0,0,0,1,0,0
24,8.34,52.61,90.05,52.44,4,0,5,95,41,0,1,0,0,0,1,0,0,0
20,8.33,55.11,67.7,73.2,2,0,5,84,84,1,1,0,0,0,0,0,1,0
20,8.5,83.73,78.24,91.81,4,1,1,71,40,0,0,1,0,0,0,0,0,1
22,8.37,53.55,90.24,59.02,2,0,3,95,44,0,0,1,0,0,0,1,0,0
23,6.93,79.77,61.94,57.28,3,0,1,53,70,0,1,0,0,1,0,0,0,0
21,8.41,61.0,94.15,73.59,4,1,0,55,62,0,1,0,0,0,1,0,0,0
23,9.49,65.2,97.65,68.53,2,1,4,78,60,1,1,0,0,0,0,0,0,1
24,6.66,56.48,51.95,78.06,1,0,5,87,51,0,0,1,0,0,0,0,0,1
21,9.72,62.43,52.96,97.35,1,1,3,56,43,1,1,0,0,0,0,1,0,0
22,5.07,91.06,54.55,88.04,4,1,4,59,76,0,0,1,0,1,0,0,0,0
22,6.75,81.94,88.84,84.35,0,1,0,90,50,1,1,0,1,0,0,0,0,0
21,5.66,97.49,59.47,70.8,4,1,2,51,81,0,1,0,0,0,0,0,1,0
20,5.63,52.44,86.28,64.37,3,0,5,48,79,0,0,1,1,0,0,0,0,0
21,9.08,89.62,72.06,77.01,3,0,1,99,92,1,0,1,0,0,0,0,0,1
24,9.59,84.95,91.81,94.27,1,0,5,97,48,1,0,1,1,0,0,0,0,0
20,8.89,63.04,90.43,93.84,2,1,5,47,65,1,0,1,0,0,0,0,0,1
22,9.88,86.46,97.98,72.28,1,0,5,80,78,1,1,0,1,0,0,0,0,0
21,6.08,85.83,62.55,62.31,2,0,0,76,66,0,0,1,0,0,0,0,0,1
23,5.7,72.97,61.46,61.27,4,0,2,60,68,0,0,1,0,0,0,0,0,1
23,7.6,84.43,51.58,51.7,0,1,3,81,85,1,0,1,0,0,0,1,0,0
24,9.15,72.23,70.52,92.13,3,0,0,71,82,0,1,0,0,1,0,0,0,0
23,5.2,66.78,72.95,63.24,4,0,3,76,89,0,1,0,0,0,0,0,0,1
21,9.98,73.32,98.23,67.95,1,1,4,85,64,1,0,1,0,0,0,0,1,0
21,8.01,94.76,91.54,90.46,4,0,4,57,57,1,0,1,0,0,0,0,1,0
23,9.89,69.23,58.34,56.0,0,0,3,68,93,1,1,0,0,0,1,0,0,0
21,6.83,70.18,89.92,73.06,2,1,4,46,69,1,1,0,0,0,0,0,0,1
24,7.29,80.42,58.91,56.12,0,0,4,79,47,1,0,1,0,0,0,0,0,1
20,8.76,87.65,53.89,72.09,1,1,1,76,41,1,0,1,0,0,0,0,0,1
24,8.96,86.73,91.85,52.36,0,0,3,95,61,1,0,1,1,0,0,0,0,0
24,6.17,50.99,98.8,75.88,3,0,3,45,60,0,0,1,0,0,0,0,0,1
21,9.65,84.37,54.41,89.79,0,0,2,59,78,1,1,0,0,0,0,0,0,1
20,9.34,72.53,90.7,83.81,4,0,5,94,65,1,1,0,0,0,0,0,1,0
21,5.09,76.2,92.96,75.46,2,0,1,95,68,0,0,1,0,1,0,0,0,0
22,5.64,78.08,55.94,91.44,3,0,0,48,44,0,1,0,0,1,0,0,0,0
21,7.48,86.59,64.16,61.39,3,0,1,92,85,0,0,1,0,0,1,0,0,0
21,7.3,91.57,86.68,91.54,3,1,0,48,53,0,1,0,0,0,0,0,1,0
21,8.54,82.31,90.39,63.82,1,1,3,47,74,1,1,0,0,0,0,0,0,1
20,5.45,78.2,67.7,68.12,1,0,1,56,45,0,0,1,0,1,0,0,0,0
21,8.22,68.69,58.0,56.42,4,1,2,63,62,0,0,1,0,0,0,1,0,0
20,8.08,56.89,82.42,55.09,2,0,5,79,56,1,1,0,0,0,0,1,0,0
23,6.17,97.93,85.1,96.61,0,0,4,100,63,1,0,1,0,0,0,1,0,0
22,7.71,73.09,75.18,59.5,4,1,0,62,79,0,0,1,0,0,0,0,0,1
20,6.11,78.31,57.25,66.66,1,1,4,72,68,1,0,1,0,0,0,0,0,1
23,5.73,87.55,92.22,76.46,4,0,5,61,91,0,1,0,0,0,1,0,0,0
20,7.87,53.42,82.26,67.39,2,0,3,89,69,0,0,1,0,0,1,0,0,0
20,9.89,92.75,93.46,93.51,4,1,3,86,63,1,1,0,0,0,1,0,0,0
22,6.18,89.85,96.65,95.04,3,0,3,61,74,0,0,1,1,0,0,0,0,0
24,6.78,88.72,90.28,66.3,0,0,4,66,100,1,1,0,0,0,0,1,0,0
24,6.28,51.1,97.93,54.6,1,0,5,87,86,1,1,0,0,0,0,0,0,1
20,6.33,76.33,97.71,60.51,1,0,3,41,76,0,1,0,0,0,0,1,0,0
21,7.02,52.71,80.97,73.72,2,1,3,70,90,1,0,1,0,0,1,0,0,0
23,8.51,77.54,86.41,64.42,2,0,4,52,41,1,1,0,0,0,0,0,0,1
21,5.19,85.92,84.97,72.67,2,1,3,41,60,0,1,0,0,0,0,0,1,0
21,9.79,56.09,81.06,87.94,1,1,5,85,79,1,0,1,0,1,0,0,0,0
20,5.23,84.74,50.97,71.03,3,1,0,46,80,0,0,1,0,1,0,0,0,0
20,9.41,72.48,67.8,59.85,0,1,1,50,44,1,0,1,0,0,1,0,0,0
20,9.47,90.58,55.0,67.9,2,0,0,86,74,1,0,1,0,0,0,1,0,0
20,7.62,76.68,65.01,87.15,1,1,3,65,83,1,1,0,0,0,0,0,1,0
24,5.68,66.81,53.43,71.2,3,0,5,88,74,0,0,1,0,0,0,0,0,1
20,7.83,66.6,96.0,62.48,2,0,5,60,95,1,0,1,0,0,0,1,0,0
24,8.14,94.87,72.57,71.37,2,0,3,88,58,1,1,0,0,0,1,0,0,0
24,9.29,72.64,59.47,72.74,0,0,3,54,55,1,0,1,0,0,0,1,0,0
20,7.75,70.29,79.24,64.82,0,0,3,55,64,1,0,1,0,0,1,0,0,0
22,7.05,51.99,59.82,99.78,4,1,4,48,97,0,0,1,1,0,0,0,0,0
23,9.19,68.22,90.22,88.38,2,0,5,60,55,1,1,0,0,1,0,0,0,0
21,9.9,92.48,65.3,84.62,4,1,1,92,70,1,1,0,0,1,0,0,0,0
24,8.23,88.05,65.75,92.74,1,0,4,91,72,1,1,0,0,0,0,1,0,0
23,9.37,61.05,93.5,83.32,0,1,4,90,56,1,0,1,0,0,0,0,1,0
22,7.99,70.65,77.96,89.55,3,0,5,95,60,1,1,0,0,0,0,0,0,1
21,8.45,59.83,94.37,70.63,2,1,3,94,91,1,0,1,0,0,1,0,0,0
21,8.44,97.71,70.64,75.02,2,1,0,80,74,1,0,1,0,0,0,0,0,1
24,8.52,79.91,67.2,52.35,4,0,5,45,88,1,0,1,0,1,0,0,0,0
20,6.61,87.72,75.31,64.03,0,0,0,40,62,0,1,0,0,0,0,0,1,0
22,7.88,85.69,53.07,68.4,4,1,2,70,88,0,0,1,0,0,0,0,1,0
24,7.97,93.68,57.71,81.27,2,0,5,44,55,1,0,1,0,0,0,0,0,1
22,6.58,97.47,60.98,73.21,0,1,1,76,77,1,0,1,0,1,0,0,0,0
20,6.75,51.62,90.83,80.39,2,0,5,94,97,1,0,1,0,0,0,0,0,1
20,8.81,98.77,86.69,85.67,0,0,2,65,89,1,1,0,0,0,0,1,0,0
24,7.91,93.53,59.67,52.14,2,1,4,40,53,1,0,1,0,0,0,0,1,0
20,5.75,69.15,63.84,62.91,3,1,2,40,91,0,1,0,0,0,0,0,1,0
23,9.19,91.85,97.21,58.55,4,1,2,68,79,1,0,1,0,0,0,1,0,0
21,9.42,86.83,54.29,59.37,0,1,5,61,90,1,1,0,0,1,0,0,0,0
24,7.33,89.66,77.37,75.16,4,0,2,77,80,0,1,0,0,0,0,0,1,0
22,6.04,61.03,76.1,87.0,0,0,1,80,92,0,0,1,1,0,0,0,0,0
23,9.74,82.43,86.29,63.64,0,0,5,58,93,1,0,1,1,0,0,0,0,0
24,9.41,51.3,63.07,91.22,0,1,0,67,89,1,1,0,1,0,0,0,0,0
20,6.22,92.41,96.74,94.62,2,0,0,44,72,0,1,0,0,0,1,0,0,0
20,5.48,97.55,70.53,67.53,1,1,2,60,60,0,0,1,0,0,1,0,0,0
20,7.2,83.11,64.29,84.07,2,0,5,88,56,1,0,1,0,1,0,0,0,0
20,8.38,75.63,66.84,55.85,1,1,1,61,43,1,1,0,0,0,0,1,0,0
22,5.88,86.29,67.44,87.2,2,0,0,59,55,0,1,0,0,0,0,0,0,1
23,7.57,66.32,59.95,58.25,1,0,3,51,95,0,0,1,0,1,0,0,0,0
21,7.13,81.32,96.4,84.37,0,0,5,45,69,1,0,1,0,0,0,0,0,1
22,9.45,85.95,58.74,71.1,0,1,5,68,83,1,0,1,0,1,0,0,0,0
22,7.15,57.13,94.14,96.42,1,0,0,84,84,0,1,0,0,0,1,0,0,0
21,7.67,57.0,70.25,73.22,1,0,0,95,73,0,0,1,1,0,0,0,0,0
21,9.78,85.81,63.46,51.55,4,0,1,79,61,0,1,0,0,0,0,1,0,0
20,6.5,71.59,59.93,74.03,0,0,1,100,83,0,0,1,0,0,1,0,0,0
22,6.44,94.46,75.22,89.77,2,1,0,74,81,0,0,1,0,0,0,1,0,0
24,9.0,65.6,83.46,82.35,4,1,3,96,68,1,1,0,0,0,0,0,0,1
21,6.39,52.12,94.91,98.32,1,0,3,50,86,0,1,0,0,1,0,0,0,0
21,9.16,82.49,82.62,92.16,2,1,2,100,44,1,1,0,0,0,0,0,1,0
23,5.48,84.21,74.18,76.33,3,0,2,91,40,0,0,1,0,0,0,0,1,0
24,5.56,77.68,51.67,60.33,3,0,0,72,79,0,1,0,0,0,0,1,0,0
24,9.51,84.17,95.77,50.19,3,1,0,64,92,1,1,0,1,0,0,0,0,0
21,7.7,76.19,95.12,99.03,2,0,0,53,64,0,0,1,1,0,0,0,0,0
20,8.59,84.63,68.94,96.92,1,0,5,68,89,1,0,1,0,0,0,1,0,0
23,6.13,52.2,51.45,63.71,2,0,3,92,45,0,0,1,0,0,1,0,0,0
24,5.83,68.42,86.67,81.91,4,0,4,100,62,0,0,1,0,0,0,0,1,0
21,9.17,60.54,89.58,86.46,4,1,2,95,72,1,1,0,0,0,1,0,0,0
24,6.79,54.97,77.12,78.9,3,0,2,52,53,0,0,1,0,0,0,0,0,1
23,7.28,61.7,70.14,92.15,1,1,4,54,81,1,1,0,0,0,0,0,1,0
23,5.14,59.57,92.56,53.89,4,0,0,94,75,0,0,1,0,0,0,0,0,1
22,6.93,98.66,59.63,94.82,0,1,2,92,57,1,1,0,0,1,0,0,0,0
21,8.85,64.33,71.98,69.6,0,1,3,47,94,1,0,1,0,0,1,0,0,0
23,9.11,61.55,51.22,74.03,3,0,4,86,90,1,0,1,0,0,0,1,0,0
22,8.49,91.74,58.2,72.24,3,1,3,84,96,1,0,1,0,0,0,0,1,0
22,8.46,70.96,97.04,76.56,3,0,5,72,79,1,0,1,0,0,1,0,0,0
24,7.53,71.07,78.9,79.91,4,1,0,50,83,0,1,0,0,0,0,1,0,0
24,7.69,72.18,90.28,85.52,1,1,2,91,49,1,0,1,0,1,0,0,0,0
22,8.71,70.83,74.33,76.25,3,1,3,54,84,1,1,0,0,0,0,0,1,0
24,6.24,66.33,91.74,84.24,2,1,4,60,78,1,0,1,0,0,0,0,0,1
23,6.16,64.32,76.95,66.91,3,0,0,75,95,0,0,1,0,1,0,0,0,0
20,9.75,94.1,50.23,96.83,4,0,2,45,88,1,0,1,1,0,0,0,0,0
23,5.14,58.09,94.98,53.23,1,1,2,64,97,0,1,0,0,0,0,1,0,0
22,5.7,59.05,57.43,77.28,3,1,0,83,51,0,1,0,0,0,0,0,1,0
22,7.85,78.59,72.53,54.37,0,1,0,40,77,1,0,1,0,0,0,0,1,0
23,8.69,67.18,73.83,72.14,3,1,0,81,62,0,0,1,0,1,0,0,0,0
24,7.69,71.08,52.36,62.88,3,0,5,98,46,0,0,1,0,0,0,0,1,0
24,6.78,90.33,52.65,96.85,1,0,3,89,84,1,1,0,0,0,0,1,0,0
22,9.89,95.18,88.13,50.65,2,0,1,72,85,1,1,0,0,1,0,0,0,0
21,8.52,89.53,65.02,69.56,3,0,5,78,64,1,0,1,0,0,0,0,0,1
24,9.16,61.75,70.48,89.1,3,0,2,71,94,1,1,0,0,1,0,0,0,0
23,5.2,99.0,78.21,59.42,4,0,3,41,99,0,0,1,0,1,0,0,0,0
24,6.18,68.16,68.67,90.78,1,1,4,64,94,1,1,0,0,0,0,0,0,1
23,6.87,58.45,88.75,92.99,4,0,2,79,52,0,0,1,1,0,0,0,0,0
22,5.91,74.97,94.22,85.4,3,0,5,97,77,0,1,0,0,0,0,1,0,0
24,5.36,86.26,52.99,60.45,3,1,1,72,58,0,0,1,1,0,0,0,0,0
23,6.13,54.16,81.77,63.6,0,0,4,90,84,1,1,0,1,0,0,0,0,0
22,7.67,81.71,65.88,58.35,4,0,2,77,61,0,1,0,1,0,0,0,0,0
21,8.48,92.9,79.16,59.2,1,0,1,50,80,1,1,0,0,0,1,0,0,0
23,8.87,63.09,74.2,51.82,3,1,0,58,50,0,1,0,1,0,0,0,0,0
21,5.21,84.66,66.68,92.87,0,0,1,64,81,0,1,0,0,0,1,0,0,0
21,7.14,70.0,54.74,76.43,0,0,2,67,42,0,0,1,0,0,0,0,0,1
20,5.61,70.71,77.97,66.39,2,1,1,49,58,0,0,1,0,0,0,1,0,0
24,7.16,64.04,55.64,64.48,1,0,5,70,66,1,0,1,1,0,0,0,0,0
23,7.17,81.22,57.81,77.23,0,0,2,55,46,0,1,0,0,0,0,0,1,0
21,7.49,68.05,99.11,66.33,1,1,2,87,94,1,0,1,0,0,0,0,0,1
20,9.46,91.55,65.84,93.19,3,0,1,81,76,1,1,0,0,0,1,0,0,0
22,9.03,98.15,79.22,60.55,2,1,1,57,95,1,1,0,0,0,0,1,0,0
23,8.18,96.75,63.61,94.12,1,0,5,61,95,1,0,1,0,1,0,0,0,0
21,9.43,58.16,93.28,83.2,2,0,4,89,66,1,0,1,0,0,0,1,0,0
24,8.39,50.71,64.17,97.83,1,0,4,74,98,1,0,1,0,0,0,1,0,0
20,9.09,71.92,68.34,50.76,1,1,3,51,86,1,0,1,1,0,0,0,0,0
21,7.82,86.44,80.42,52.95,4,0,2,81,73,0,0,1,1,0,0,0,0,0
24,7.63,98.87,93.5,75.04,2,0,4,67,50,1,0,1,0,0,1,0,0,0
21,8.62,89.17,90.81,95.62,1,1,3,87,77,1,1,0,0,0,1,0,0,0
23,5.1,79.03,63.19,86.54,4,0,5,96,44,0,1,0,1,0,0,0,0,0
23,8.45,51.32,91.48,81.11,4,1,2,48,91,0,0,1,1,0,0,0,0,0
23,9.67,91.28,85.06,51.58,2,1,5,69,46,1,0,1,0,0,0,0,1,0
20,8.57,58.86,99.49,67.71,3,0,3,57,75,1,0,1,0,0,0,0,1,0
23,5.18,52.78,96.77,67.29,2,0,4,84,44,0,1,0,0,0,0,0,0,1
24,6.89,92.52,76.66,77.1,1,0,3,63,95,1,1,0,1,0,0,0,0,0
21,9.05,78.31,87.5,62.89,3,1,1,85,44,1,0,1,0,1,0,0,0,0
22,9.79,56.43,78.51,63.36,2,1,5,58,66,1,0,1,0,0,0,0,1,0
24,6.85,69.33,79.75,81.04,2,0,3,53,68,0,1,0,0,0,1,0,0,0
24,9.21,54.28,55.08,97.23,2,1,5,41,66,1,1,0,0,0,0,1,0,0
23,9.32,81.9,50.11,83.01,2,1,0,50,71,1,0,1,0,0,0,0,0,1
20,5.62,64.12,52.41,83.41,3,0,0,65,64,0,1,0,0,0,0,0,1,0
21,9.23,93.3,98.33,99.31,1,0,3,47,81,1,0,1,0,0,0,1,0,0
20,6.62,67.89,56.31,57.67,4,1,0,42,89,0,0,1,0,0,0,1,0,0
21,7.97,74.73,52.22,51.69,2,1,3,54,73,1,1,0,0,0,0,0,1,0
21,7.69,53.18,65.48,87.28,4,0,5,84,54,0,1,0,0,1,0,0,0,0
20,8.32,63.78,79.41,71.94,4,0,3,79,80,0,0,1,0,1,0,0,0,0
24,8.7,83.84,97.42,71.44,4,1,3,52,73,1,1,0,0,0,0,0,0,1
21,7.2,86.81,84.99,61.27,2,0,0,55,74,0,0,1,0,1,0,0,0,0
20,9.44,62.14,63.82,75.34,2,1,2,61,93,1,1,0,0,0,0,0,0,1
21,9.05,75.19,96.95,72.11,2,0,3,72,59,1,0,1,0,0,1,0,0,0
22,8.93,90.88,51.8,67.27,2,1,3,41,95,1,1,0,0,0,0,0,1,0
24,7.29,69.0,98.95,72.14,0,0,1,84,63,1,1,0,0,0,0,1,0,0
23,5.19,56.69,52.93,69.19,1,0,1,68,73,0,0,1,0,0,0,0,0,1
21,7.46,71.59,87.69,96.99,0,0,4,85,73,1,1,0,0,1,0,0,0,0
22,9.49,80.03,52.26,99.01,3,0,0,73,90,1,1,0,0,0,0,0,0,1
23,5.95,50.37,96.58,92.0,0,0,2,55,85,0,1,0,1,0,0,0,0,0
23,9.91,67.43,55.43,99.52,0,0,3,53,66,1,0,1,0,0,0,0,0,1
21,9.04,80.37,52.52,63.29,0,1,3,78,89,1,1,0,0,1,0,0,0,0
20,8.55,97.6,94.46,92.15,1,1,0,93,60,1,1,0,1,0,0,0,0,0
21,8.39,70.43,54.79,70.33,4,0,4,85,72,0,0,1,1,0,0,0,0,0
22,7.94,58.15,89.9,87.31,3,0,4,89,78,1,1,0,0,1,0,0,0,0
23,8.6,76.71,87.35,60.07,3,0,1,88,79,0,0,1,1,0,0,0,0,0
21,7.11,64.29,79.94,90.6,1,0,0,44,83,0,0,1,0,0,0,0,1,0
20,9.23,60.74,68.9,54.17,0,0,4,82,75,1,0,1,0,0,0,1,0,0
21,8.48,79.52,95.78,63.53,4,0,4,57,94,1,1,0,0,0,0,0,1,0
24,8.86,95.79,93.55,91.1,2,0,2,87,64,1,1,0,0,0,0,0,1,0
20,8.96,91.76,71.31,87.36,1,1,1,65,46,1,0,1,0,1,0,0,0,0
22,5.46,59.11,61.59,75.06,4,1,1,49,89,0,1,0,0,1,0,0,0,0
23,5.28,88.29,63.63,83.64,1,0,1,45,89,0,0,1,0,0,0,1,0,0
21,9.0,61.49,61.02,59.28,1,1,5,53,97,1,0,1,0,0,0,0,0,1
20,6.3,64.54,77.06,83.39,2,1,4,41,49,0,0,1,0,0,0,0,1,0
24,7.91,96.0,93.43,50.4,4,1,3,100,49,1,1,0,1,0,0,0,0,0
20,7.22,95.55,88.68,91.66,0,1,5,66,77,1,1,0,0,0,0,1,0,0
24,5.11,58.43,89.78,75.81,4,0,4,48,63,0,1,0,0,0,0,0,1,0
22,5.2,53.21,72.41,97.19,4,1,4,99,83,0,1,0,0,0,0,0,0,1
23,9.14,64.66,66.12,73.91,0,0,0,52,49,1,0,1,1,0,0,0,0,0
22,8.04,79.09,87.87,71.65,2,1,1,60,98,1,0,1,0,0,0,0,1,0
21,7.62,93.84,89.66,72.5,4,0,1,94,84,0,0,1,0,0,1,0,0,0
20,9.72,55.94,84.77,67.99,0,0,2,91,65,1,0,1,0,0,0,1,0,0
24,5.87,70.75,51.61,58.33,1,0,1,83,69,0,0,1,0,1,0,0,0,0
24,6.29,63.59,79.48,92.1,1,0,4,41,66,0,1,0,0,0,0,0,1,0
20,8.78,50.75,67.35,69.45,0,1,0,42,83,1,0,1,1,0,0,0,0,0
20,8.88,89.42,59.81,76.46,1,0,2,52,58,1,1,0,1,0,0,0,0,0
21,7.02,90.66,84.72,50.99,4,1,4,60,40,0,0,1,0,0,0,1,0,0
22,9.75,61.06,63.43,53.01,0,1,4,72,72,1,0,1,0,0,0,1,0,0
24,9.69,57.56,95.64,79.86,4,0,5,99,50,1,1,0,1,0,0,0,0,0
21,5.06,57.23,64.9,93.96,3,0,2,59,89,0,0,1,1,0,0,0,0,0
22,5.86,73.2,77.76,74.67,2,0,5,100,97,1,1,0,1,0,0,0,0,0
21,9.1,62.32,91.39,58.25,2,0,4,75,93,1,1,0,0,0,0,0,1,0
24,6.68,75.57,70.11,55.81,2,0,4,57,73,0,0,1,1,0,0,0,0,0
20,5.48,69.24,91.43,94.99,0,0,5,64,77,1,1,0,0,1,0,0,0,0
20,8.92,60.54,86.18,85.08,3,1,0,84,55,1,0,1,1,0,0,0,0,0
22,7.27,87.56,96.04,98.31,2,0,0,77,98,0,0,1,0,1,0,0,0,0
23,7.46,57.52,66.29,54.12,4,0,5,64,40,0,1,0,0,0,0,0,1,0
22,5.93,89.95,55.25,95.13,2,1,0,77,80,0,0,1,0,0,0,1,0,0
23,8.3,78.07,71.52,92.28,3,0,1,54,67,0,1,0,0,1,0,0,0,0
21,7.76,91.6,89.29,94.66,4,1,2,89,54,1,1,0,0,0,0,0,1,0
21,6.03,50.24,72.52,50.29,4,0,0,56,55,0,1,0,1,0,0,0,0,0
24,6.7,87.46,63.1,87.1,0,0,4,85,85,1,0,1,0,0,0,0,1,0
23,7.98,52.58,51.38,77.45,0,1,1,75,71,1,0,1,1,0,0,0,0,0
24,9.62,97.5,65.65,78.66,1,1,2,68,78,1,1,0,0,0,0,0,1,0
20,9.6,85.14,85.67,73.46,3,0,0,72,40,0,0,1,0,0,0,1,0,0
23,6.44,66.01,57.38,87.13,4,0,0,71,87,0,0,1,0,1,0,0,0,0
22,8.68,65.99,67.04,99.99,3,1,2,47,48,1,0,1,0,0,0,1,0,0
20,8.88,93.07,51.01,85.53,2,0,0,82,68,0,0,1,0,0,1,0,0,0
20,9.04,95.14,86.09,83.9,2,1,5,52,64,1,0,1,1,0,0,0,0,0
22,7.85,94.58,94.03,82.72,1,1,2,56,50,1,1,0,0,1,0,0,0,0
20,5.05,90.44,78.43,84.76,4,0,2,60,81,0,1,0,0,0,0,1,0,0
23,8.81,90.95,51.29,67.11,4,0,4,53,50,0,0,1,0,1,0,0,0,0
24,5.53,78.64,60.88,66.01,1,1,2,64,45,0,0,1,0,0,1,0,0,0
20,5.58,51.41,71.92,89.22,2,0,3,88,73,0,0,1,0,0,0,0,0,1
23,8.03,54.34,79.38,52.65,4,1,0,91,89,0,1,0,1,0,0,0,0,0
21,9.92,82.48,74.81,87.96,3,0,4,63,83,1,0,1,1,0,0,0,0,0
23,6.21,70.06,95.79,90.69,4,1,1,95,53,0,1,0,0,0,0,0,1,0
24,8.23,78.37,96.93,76.08,2,1,3,72,47,1,0,1,1,0,0,0,0,0
23,6.52,61.55,55.36,95.51,4,1,2,47,64,0,1,0,1,0,0,0,0,0
22,9.49,82.47,56.92,73.65,4,1,1,98,43,1,0,1,0,0,0,1,0,0
24,7.97,62.14,67.9,58.9,0,1,1,67,89,1,1,0,1,0,0,0,0,0
21,6.04,73.04,71.06,68.07,4,1,1,58,70,0,0,1,1,0,0,0,0,0
22,6.31,73.94,79.3,95.29,1,0,1,50,60,0,1,0,0,0,1,0,0,0
23,7.16,58.88,88.66,99.69,1,1,4,94,84,1,0,1,0,0,1,0,0,0
24,5.61,93.81,56.79,71.09,3,1,4,49,71,0,1,0,0,1,0,0,0,0
21,5.39,76.29,90.13,58.34,4,0,1,98,94,0,1,0,0,1,0,0,0,0
22,8.4,93.34,80.5,64.32,3,1,3,40,53,1,0,1,1,0,0,0,0,0
21,7.04,63.13,99.04,77.66,2,0,0,44,91,0,1,0,1,0,0,0,0,0
23,8.63,58.62,82.56,78.6,2,1,5,55,67,1,1,0,0,0,0,0,1,0
21,5.55,50.9,85.8,81.5,0,1,0,59,64,0,0,1,0,1,0,0,0,0
20,8.05,54.69,59.76,91.77,0,0,4,59,67,1,0,1,0,0,0,1,0,0
22,7.22,57.37,88.44,85.56,4,1,3,67,54,0,0,1,1,0,0,0,0,0
21,5.29,53.94,53.96,63.04,4,0,3,44,91,0,1,0,0,0,0,1,0,0
23,7.72,94.84,82.83,69.75,3,1,2,87,95,1,1,0,1,0,0,0,0,0
23,5.41,95.57,52.78,91.99,3,0,4,42,90,0,0,1,0,0,0,1,0,0
21,9.14,96.87,55.76,81.67,4,0,3,69,99,1,0,1,0,0,0,0,0,1
23,8.16,97.99,55.39,58.32,4,1,3,62,85,1,1,0,0,0,0,1,0,0
24,7.78,74.59,52.62,66.28,0,0,0,73,83,0,1,0,0,1,0,0,0,0
24,5.67,76.5,66.06,89.55,0,0,3,88,61,0,0,1,1,0,0,0,0,0
24,6.44,56.54,99.72,58.6,0,0,3,93,86,1,1,0,0,1,0,0,0,0
20,7.46,56.85,67.41,84.55,4,0,1,67,45,0,0,1,0,0,0,1,0,0
21,8.17,88.64,88.04,78.18,3,1,0,40,90,0,0,1,0,0,1,0,0,0
20,5.92,92.79,56.62,57.37,1,0,0,87,41,0,1,0,0,0,1,0,0,0
23,5.04,89.24,72.72,84.44,1,1,1,66,45,0,0,1,0,0,1,0,0,0
20,6.72,91.73,59.26,57.12,3,1,0,94,94,0,0,1,1,0,0,0,0,0
23,7.41,63.83,59.6,69.92,3,1,2,95,62,0,0,1,0,0,0,0,1,0
23,5.92,73.3,54.98,65.43,3,0,5,73,65,0,1,0,0,0,0,0,0,1
22,7.46,72.96,71.6,84.5,0,1,2,70,50,1,1,0,0,0,0,1,0,0
24,6.69,99.76,53.78,89.12,2,1,4,71,40,1,0,1,0,0,0,0,1,0
23,7.28,97.46,95.49,58.42,4,1,5,91,67,1,0,1,0,0,1,0,0,0
22,6.74,79.92,72.4,90.6,0,1,0,46,61,0,0,1,0,0,0,1,0,0
24,8.14,56.9,91.93,50.36,1,1,0,82,80,1,1,0,0,0,0,0,1,0
23,5.21,62.93,98.97,76.5,4,1,2,77,52,0,0,1,0,1,0,0,0,0
23,5.85,68.19,83.89,75.84,3,1,4,73,80,0,1,0,0,0,1,0,0,0
20,7.16,93.66,95.08,81.19,1,1,4,85,86,1,0,1,0,0,0,0,1,0
20,6.78,58.53,56.77,61.99,3,0,2,43,99,0,0,1,1,0,0,0,0,0
24,6.96,60.99,91.5,50.49,3,0,2,58,89,0,0,1,0,1,0,0,0,0
23,9.02,67.47,63.56,72.74,3,1,5,96,75,1,0,1,0,0,1,0,0,0
21,9.43,96.35,73.63,53.57,4,0,1,61,61,0,1,0,0,0,0,0,0,1
20,6.24,75.19,82.33,94.61,1,1,4,68,43,1,0,1,0,0,1,0,0,0
24,9.18,82.34,95.18,58.68,1,0,4,99,83,1,0,1,1,0,0,0,0,0
23,7.29,69.36,95.55,71.26,3,1,1,73,80,0,0,1,0,0,0,0,0,1
23,6.37,59.43,54.61,71.7,0,0,2,73,57,0,0,1,0,0,0,0,0,1
21,9.93,61.14,68.23,77.64,2,0,1,84,97,1,0,1,0,0,0,0,0,1
24,9.12,90.13,89.66,89.13,0,0,1,84,77,1,0,1,0,0,0,1,0,0
23,9.97,94.67,85.16,73.61,4,0,3,42,56,1,0,1,0,0,0,1,0,0
20,5.84,74.65,51.32,51.29,2,0,4,60,64,0,1,0,0,0,0,0,0,1
21,5.72,67.85,72.49,88.56,0,1,2,99,56,0,0,1,0,1,0,0,0,0
24,7.52,90.39,91.46,54.11,1,0,3,77,68,1,0,1,0,0,0,0,0,1
21,8.19,83.65,86.88,82.08,0,1,5,60,84,1,1,0,0,0,0,0,1,0
20,5.86,52.04,70.59,90.17,3,1,3,99,83,0,0,1,0,0,0,0,0,1
24,9.3,67.54,86.76,64.13,4,0,3,56,85,1,0,1,0,0,0,1,0,0
21,7.66,84.11,77.56,72.46,0,0,2,68,47,1,0,1,0,0,0,1,0,0
22,7.05,78.68,95.63,50.72,0,1,1,72,68,1,0,1,0,0,0,0,1,0
20,8.01,98.9,79.36,90.19,2,0,2,78,54,1,1,0,0,0,0,0,1,0
20,8.17,93.31,70.04,85.16,3,0,4,65,80,1,0,1,0,0,1,0,0,0
20,5.21,52.99,93.15,61.57,2,1,5,46,72,0,1,0,0,1,0,0,0,0
22,10.0,86.29,52.49,69.51,4,1,5,84,88,1,0,1,0,1,0,0,0,0
22,6.82,66.82,95.03,84.77,4,0,5,97,49,0,0,1,0,1,0,0,0,0
23,5.31,84.1,84.82,67.91,3,0,4,93,94,0,1,0,1,0,0,0,0,0
21,9.26,80.86,97.03,58.12,2,1,1,48,97,1,0,1,0,0,0,1,0,0
23,9.97,75.15,62.53,75.93,3,1,2,57,76,1,1,0,0,1,0,0,0,0
21,9.08,92.65,84.75,86.18,2,1,1,40,50,1,0,1,0,0,1,0,0,0
22,9.26,85.43,90.47,66.04,1,1,1,50,74,1,1,0,0,0,1,0,0,0
22,8.13,94.48,85.11,56.09,3,1,2,93,96,1,0,1,0,1,0,0,0,0
23,9.61,64.08,60.52,91.48,4,0,4,61,73,1,1,0,0,0,0,0,1,0
24,5.18,67.41,63.78,62.64,2,0,2,96,71,0,0,1,0,0,1,0,0,0
23,8.83,81.1,78.34,75.64,1,0,5,71,61,1,1,0,0,0,0,0,1,0
21,8.35,98.32,72.34,84.57,4,1,4,82,43,1,0,1,0,0,0,1,0,0
23,5.25,68.58,86.76,65.85,2,1,0,49,92,0,1,0,1,0,0,0,0,0
20,7.72,51.61,68.93,82.43,1,0,0,88,41,0,0,1,0,0,1,0,0,0
21,7.58,72.29,92.97,72.99,4,0,0,66,72,0,1,0,0,0,0,0,1,0
21,8.46,77.2,71.6,78.52,4,1,5,88,48,1,0,1,0,1,0,0,0,0
24,5.39,90.05,52.0,79.53,1,0,3,51,74,0,0,1,0,0,0,1,0,0
22,9.03,86.43,50.87,91.21,4,0,4,69,77,1,0,1,0,0,0,0,0,1
21,5.7,98.23,82.34,82.82,2,0,4,99,70,0,0,1,0,0,0,0,0,1
22,7.09,89.13,77.03,63.22,2,0,2,49,53,0,0,1,0,1,0,0,0,0
23,9.41,64.93,77.14,52.98,4,0,4,51,96,1,1,0,0,0,0,1,0,0
20,7.8,82.07,89.5,50.1,0,1,2,77,70,1,1,0,0,0,0,1,0,0
24,6.9,83.61,68.79,95.22,1,0,3,60,72,1,0,1,0,0,0,1,0,0
22,5.24,99.9,99.77,97.11,0,1,2,66,83,1,1,0,0,0,0,1,0,0
21,8.36,56.94,97.28,54.71,2,1,0,45,92,0,0,1,0,0,0,0,0,1
22,9.93,59.57,50.65,74.35,4,1,2,77,55,1,0,1,0,0,0,0,1,0
21,9.56,57.78,94.79,57.58,3,1,2,100,59,1,1,0,0,0,0,1,0,0
22,8.59,79.45,84.03,97.44,3,0,2,91,90,1,1,0,0,0,0,0,1,0
21,5.53,56.77,75.1,62.34,0,1,4,97,89,1,1,0,0,0,0,1,0,0
23,6.2,82.8,79.14,75.08,0,0,1,47,53,0,0,1,0,0,1,0,0,0
21,5.93,90.19,92.09,58.28,0,1,1,76,74,1,1,0,1,0,0,0,0,0
21,6.78,71.64,97.55,66.64,2,1,5,45,85,1,0,1,0,0,1,0,0,0
20,6.18,78.03,78.02,63.34,2,0,1,73,88,0,0,1,1,0,0,0,0,0
21,6.22,95.64,59.06,73.77,4,1,5,88,84,0,0,1,0,0,1,0,0,0
20,8.08,78.48,81.99,70.99,2,0,4,79,72,1,1,0,0,0,0,1,0,0
24,6.59,60.43,53.81,66.54,4,1,0,61,100,0,1,0,0,0,0,0,1,0
20,8.39,67.16,81.76,55.29,4,0,1,68,68,0,1,0,1,0,0,0,0,0
23,9.74,76.49,90.43,74.22,0,1,1,48,47,1,0,1,0,0,0,0,0,1
20,8.19,57.74,67.67,92.51,3,0,3,60,92,0,0,1,0,1,0,0,0,0
24,8.76,80.63,53.56,86.51,0,1,5,71,73,1,0,1,1,0,0,0,0,0
23,8.76,99.96,84.61,86.03,2,0,5,47,90,1,0,1,1,0,0,0,0,0
22,6.65,82.63,66.97,68.3,1,0,3,94,86,1,0,1,0,0,0,0,0,1
22,5.07,68.62,62.45,85.42,2,1,0,82,53,0,1,0,0,0,0,1,0,0
20,5.28,66.59,84.46,73.28,3,1,2,49,53,0,0,1,0,0,1,0,0,0
20,6.41,96.58,98.48,57.51,2,0,2,88,89,0,0,1,0,0,1,0,0,0
24,8.45,93.58,87.27,70.95,3,0,3,62,54,1,0,1,0,0,0,0,1,0
24,9.53,73.62,74.57,56.64,1,1,3,59,81,1,0,1,0,0,0,1,0,0
21,9.79,67.67,80.03,55.72,1,0,0,52,89,1,0,1,0,0,0,0,0,1
24,5.13,85.52,57.11,51.15,4,0,0,61,59,0,1,0,0,0,0,1,0,0
21,9.95,65.73,90.66,64.14,2,0,4,80,67,1,1,0,0,0,0,1,0,0
23,6.61,55.97,80.21,66.54,4,0,2,54,43,0,1,0,0,0,1,0,0,0
20,9.21,65.51,98.29,84.97,0,0,4,70,46,1,0,1,0,0,0,0,0,1
23,5.9,71.71,98.97,76.9,0,0,1,84,41,0,0,1,0,1,0,0,0,0
24,5.31,62.77,67.73,92.92,0,0,5,71,48,0,0,1,1,0,0,0,0,0
23,6.89,60.84,99.43,58.82,0,1,5,84,62,1,1,0,0,0,1,0,0,0
23,9.29,50.31,97.84,63.3,0,0,0,52,75,1,1,0,0,0,0,0,0,1
23,6.1,81.54,81.99,97.05,2,0,2,96,51,0,0,1,0,0,0,0,1,0
24,5.77,80.72,66.67,72.2,4,0,2,64,62,0,0,1,1,0,0,0,0,0
23,9.55,59.4,87.67,89.45,4,1,4,60,70,1,0,1,1,0,0,0,0,0
21,9.69,97.18,63.56,74.61,3,1,3,43,81,1,1,0,0,0,1,0,0,0
24,5.06,70.48,81.49,73.55,0,0,3,93,50,0,1,0,0,0,0,0,1,0
23,8.64,51.27,51.23,57.41,1,0,0,81,40,0,1,0,0,0,1,0,0,0
24,6.55,60.99,81.43,92.56,3,1,5,54,52,0,0,1,0,0,0,1,0,0
22,6.87,84.6,97.58,53.92,3,1,3,60,78,0,0,1,0,0,0,0,0,1
21,7.35,60.08,61.76,65.51,2,0,1,99,68,0,0,1,0,0,0,0,1,0
23,7.13,52.7,88.91,83.67,3,0,2,81,45,0,0,1,1,0,0,0,0,0
22,7.57,80.89,64.67,75.36,1,0,3,92,70,1,0,1,0,0,1,0,0,0
22,7.91,75.92,85.39,94.07,4,0,0,47,48,0,1,0,1,0,0,0,0,0
24,7.33,88.06,85.0,51.96,3,1,1,70,95,0,1,0,0,0,0,0,1,0
22,8.51,88.63,59.24,82.47,2,0,5,49,57,1,0,1,1,0,0,0,0,0
21,8.59,98.0,79.86,73.87,0,0,5,60,98,1,1,0,0,0,1,0,0,0
21,7.2,52.85,92.96,57.72,1,0,4,56,42,0,0,1,0,0,1,0,0,0
20,5.71,51.95,69.13,87.16,0,1,4,44,71,0,0,1,0,1,0,0,0,0
21,8.2,99.36,85.51,70.57,3,1,1,52,84,1,0,1,1,0,0,0,0,0
22,8.86,82.24,83.72,76.58,4,0,0,60,42,0,0,1,0,1,0,0,0,0
21,8.19,85.77,62.88,98.36,2,0,4,92,84,1,0,1,0,1,0,0,0,0
24,7.94,54.82,95.93,74.31,1,0,2,99,69,1,0,1,1,0,0,0,0,0
20,6.15,53.49,78.18,91.17,4,0,5,90,99,0,0,1,0,0,0,0,1,0
22,8.23,58.01,67.76,88.48,1,1,5,83,45,1,1,0,0,0,0,1,0,0
20,6.67,71.36,58.22,83.14,2,0,2,51,89,0,0,1,0,0,1,0,0,0
22,9.6,55.51,73.67,94.84,2,0,5,64,66,1,0,1,0,0,0,0,0,1
24,8.27,72.32,86.51,62.58,3,0,5,92,41,1,0,1,0,1,0,0,0,0
20,6.39,78.08,81.18,91.04,1,0,5,67,59,1,1,0,0,0,0,0,1,0
23,7.36,50.02,86.35,68.89,3,1,0,41,56,0,0,1,1,0,0,0,0,0
22,9.23,55.71,89.59,90.62,1,0,0,60,72,1,1,0,0,0,0,0,1,0
23,6.68,68.76,72.05,74.69,1,0,2,80,56,0,0,1,0,0,0,0,1,0
20,7.63,52.67,76.01,92.89,0,0,0,95,76,0,0,1,1,0,0,0,0,0
23,8.4,56.68,99.32,94.74,3,0,1,61,68,0,1,0,0,0,0,0,0,1
23,8.77,61.59,98.4,79.88,1,0,0,96,48,1,0,1,1,0,0,0,0,0
20,5.87,71.48,70.74,75.38,1,0,5,94,43,0,0,1,0,0,0,0,0,1
24,7.83,85.74,84.26,89.16,2,1,2,41,85,1,0,1,1,0,0,0,0,0
23,9.56,56.63,63.38,63.35,0,1,3,69,79,1,1,0,0,1,0,0,0,0
23,9.84,86.9,57.63,50.77,2,0,0,40,94,1,0,1,0,0,0,0,0,1
24,8.28,92.75,88.42,70.35,3,1,4,85,52,1,0,1,0,1,0,0,0,0
23,9.92,82.57,71.81,75.39,3,1,1,52,45,1,1,0,0,0,0,0,0,1
23,7.85,52.19,58.85,64.86,1,0,1,42,85,0,0,1,0,0,0,0,0,1
23,7.21,72.03,87.94,69.17,4,0,1,98,48,0,1,0,1,0,0,0,0,0
21,7.76,83.0,95.76,56.65,2,1,4,59,65,1,1,0,0,0,0,0,0,1
24,5.58,98.93,96.66,63.86,3,1,4,96,88,1,0,1,0,1,0,0,0,0
23,7.01,97.59,79.82,62.0,1,1,1,44,78,1,0,1,1,0,0,0,0,0
24,7.29,69.79,73.98,65.05,1,0,1,41,80,0,0,1,0,0,1,0,0,0
22,9.24,80.8,57.09,64.95,2,1,1,65,86,1,1,0,0,1,0,0,0,0
22,8.79,94.54,89.64,77.95,1,0,0,92,81,1,1,0,0,0,1,0,0,0
23,8.01,91.55,97.27,62.53,0,0,5,68,53,1,1,0,0,0,0,0,1,0
24,6.74,73.97,94.47,97.05,4,1,4,57,87,1,1,0,1,0,0,0,0,0
24,5.94,63.06,87.59,75.56,2,1,2,48,100,0,1,0,0,0,0,0,1,0
24,6.74,56.85,50.23,56.45,2,0,5,61,73,0,0,1,1,0,0,0,0,0
21,8.4,74.4,70.39,63.98,2,1,0,67,100,1,0,1,1,0,0,0,0,0
22,6.32,86.14,70.54,86.49,1,0,2,99,43,0,1,0,0,1,0,0,0,0
24,7.13,98.49,94.72,50.68,1,0,0,51,60,0,0,1,0,0,1,0,0,0
24,6.93,93.09,53.28,96.89,2,1,0,76,70,0,0,1,1,0,0,0,0,0
21,8.83,60.21,76.56,72.26,2,1,2,57,86,1,1,0,0,0,1,0,0,0
21,9.42,85.99,56.81,76.05,0,0,1,94,82,1,0,1,1,0,0,0,0,0
24,8.5,64.46,83.11,99.42,3,1,5,94,60,1,1,0,0,0,1,0,0,0
20,6.71,84.17,89.61,75.17,0,1,2,73,82,1,1,0,0,0,0,0,1,0
24,7.17,83.29,82.1,97.39,2,1,3,81,68,1,0,1,0,1,0,0,0,0
24,5.72,63.62,89.73,95.76,1,0,4,93,94,1,1,0,1,0,0,0,0,0
21,5.84,61.72,80.37,97.07,1,0,3,81,97,0,0,1,0,0,0,1,0,0
21,5.82,55.2,59.49,90.62,2,1,5,97,63,0,0,1,0,0,1,0,0,0
24,5.65,52.53,69.13,64.82,3,0,0,42,84,0,0,1,0,0,1,0,0,0
24,5.9,92.92,97.84,67.32,4,1,2,95,55,0,0,1,0,0,0,1,0,0
24,6.01,52.49,64.41,68.25,4,0,1,85,48,0,0,1,0,1,0,0,0,0
21,5.56,54.44,53.14,98.96,0,1,5,44,60,1,0,1,0,0,1,0,0,0
24,8.2,61.94,69.24,68.04,3,1,1,95,41,0,0,1,0,1,0,0,0,0
24,9.95,94.38,68.32,55.43,4,0,3,62,41,1,0,1,0,0,1,0,0,0
23,9.4,66.65,73.52,88.92,3,1,3,52,76,1,1,0,0,0,0,0,0,1
20,5.23,59.59,78.02,68.3,1,1,0,98,76,0,1,0,0,0,1,0,0,0
22,7.12,85.78,99.62,81.05,1,0,4,63,44,1,0,1,0,0,0,0,0,1
20,9.3,65.95,87.81,96.22,3,0,0,67,85,1,0,1,1,0,0,0,0,0
23,5.67,66.67,51.79,78.78,2,0,5,56,45,0,0,1,0,1,0,0,0,0
22,9.24,86.95,85.64,81.89,4,0,1,45,99,1,0,1,0,0,1,0,0,0
24,7.96,62.58,91.21,82.14,4,0,5,100,87,1,1,0,0,0,0,0,1,0
23,9.66,94.84,94.78,80.62,1,1,2,100,87,1,1,0,0,0,0,0,1,0
24,9.38,78.07,71.2,57.99,0,1,3,66,47,1,0,1,0,0,0,1,0,0
21,8.39,76.89,65.68,72.82,4,1,1,84,71,0,0,1,0,0,0,0,1,0
23,8.29,63.24,91.97,50.38,1,1,0,68,98,1,0,1,0,0,0,0,0,1
21,6.07,91.75,88.88,81.31,1,0,4,51,76,1,1,0,0,0,0,0,1,0
23,5.58,78.64,76.8,78.77,3,1,2,74,52,0,0,1,0,0,0,0,1,0
23,7.08,57.78,55.89,65.91,3,1,4,87,42,0,1,0,0,0,0,0,1,0
21,5.93,60.31,82.59,76.19,3,1,0,44,48,0,1,0,0,0,1,0,0,0
22,5.51,73.41,53.28,74.65,0,1,0,41,43,0,0,1,0,0,0,1,0,0
20,6.51,88.98,55.02,62.55,4,0,1,50,67,0,1,0,0,1,0,0,0,0
24,9.3,96.96,66.56,64.66,0,1,2,43,79,1,1,0,0,0,0,1,0,0
23,5.09,83.17,68.56,88.13,0,1,5,61,55,1,1,0,0,0,0,0,0,1
24,6.46,75.31,73.1,87.79,3,0,0,40,96,0,0,1,0,0,1,0,0,0
21,7.12,62.54,66.96,73.49,1,0,1,84,50,0,0,1,1,0,0,0,0,0
24,7.55,83.64,51.69,85.88,2,0,0,89,94,0,1,0,0,0,1,0,0,0
21,5.91,99.11,57.87,72.54,1,0,1,55,58,0,1,0,0,0,0,0,1,0
24,9.82,73.81,55.76,92.57,1,0,4,41,81,1,1,0,0,0,0,0,1,0
20,7.89,58.11,71.56,66.64,1,1,1,80,98,1,1,0,0,0,0,0,0,1
20,7.61,55.17,60.61,96.36,1,1,5,66,61,1,1,0,1,0,0,0,0,0
20,5.04,63.46,64.68,77.11,0,0,4,51,78,0,1,0,0,0,1,0,0,0
20,7.43,78.47,73.58,76.78,3,1,3,44,51,0,0,1,1,0,0,0,0,0
20,9.19,97.34,61.78,83.54,3,1,0,44,94,1,0,1,0,1,0,0,0,0
20,6.1,64.96,62.3,67.04,1,1,3,61,69,0,1,0,0,0,0,1,0,0
21,6.76,65.27,91.66,86.22,2,1,2,52,79,0,1,0,0,0,1,0,0,0
23,5.1,74.06,77.4,66.02,4,0,3,55,81,0,1,0,1,0,0,0,0,0
24,9.88,95.93,92.84,69.88,1,1,1,65,44,1,0,1,0,1,0,0,0,0
20,5.33,70.95,75.73,83.74,1,1,1,90,76,0,1,0,0,1,0,0,0,0
21,9.49,61.16,95.46,68.92,2,0,2,48,84,1,1,0,0,0,0,1,0,0
21,6.56,58.16,62.74,60.0,0,0,2,87,71,0,0,1,0,1,0,0,0,0
21,7.94,72.85,80.83,93.6,1,0,0,71,73,0,0,1,0,0,0,0,0,1
23,8.4,90.03,75.16,96.11,2,1,1,58,51,1,0,1,0,1,0,0,0,0
24,5.7,64.57,95.93,81.34,0,0,2,75,82,0,0,1,1,0,0,0,0,0
23,7.22,75.63,70.92,90.56,0,0,5,67,41,1,0,1,0,0,0,0,0,1
22,6.63,80.15,92.74,99.33,1,1,3,54,86,1,0,1,0,1,0,0,0,0
21,5.28,72.52,78.2,80.74,0,1,1,48,91,0,0,1,0,0,0,0,1,0
22,9.17,59.58,85.43,95.44,1,0,5,55,46,1,1,0,0,1,0,0,0,0
20,5.23,96.09,94.34,67.96,1,1,2,97,71,0,1,0,0,0,0,0,0,1
20,8.27,78.27,99.85,85.02,3,1,0,95,79,1,1,0,0,1,0,0,0,0
23,6.57,86.46,86.56,52.79,4,1,5,45,74,0,0,1,0,1,0,0,0,0
24,5.96,81.8,65.73,89.45,4,1,4,47,88,0,0,1,0,1,0,0,0,0
22,8.34,99.9,64.95,91.49,3,1,1,72,91,1,1,0,0,0,0,0,0,1
24,7.87,72.82,65.46,70.06,1,1,1,71,45,1,0,1,0,1,0,0,0,0
23,6.58,71.25,54.9,81.95,2,1,1,85,61,0,1,0,0,0,0,1,0,0
20,7.56,68.01,52.68,92.92,0,1,1,75,64,1,1,0,1,0,0,0,0,0
24,6.23,68.08,79.04,94.18,3,1,4,81,86,1,0,1,0,0,0,1,0,0
24,9.32,63.79,90.53,55.33,3,0,4,98,52,1,1,0,0,0,0,0,0,1
20,6.57,99.03,51.81,91.37,3,0,5,87,62,0,0,1,0,0,0,0,1,0
22,6.23,93.54,78.33,63.71,3,1,5,75,84,1,0,1,0,0,0,1,0,0
20,8.76,65.83,68.59,86.37,4,0,0,73,83,0,1,0,1,0,0,0,0,0
24,5.09,65.26,94.62,66.26,1,0,1,41,85,0,0,1,0,0,1,0,0,0
22,6.34,55.18,57.27,52.82,3,0,2,52,48,0,1,0,1,0,0,0,0,0
22,6.88,93.85,78.17,60.49,3,1,3,82,81,1,0,1,0,0,0,1,0,0
20,9.41,68.59,98.55,70.43,3,0,1,49,98,1,0,1,0,0,1,0,0,0
24,9.75,78.63,67.25,87.06,2,0,5,96,76,1,1,0,0,0,0,0,0,1
23,8.58,95.02,87.09,55.04,2,1,4,77,92,1,1,0,1,0,0,0,0,0
24,7.46,70.41,94.12,90.65,0,0,0,46,76,0,0,1,0,0,0,0,1,0
21,8.2,90.34,59.31,99.85,1,0,1,98,92,1,0,1,0,0,1,0,0,0
23,7.07,71.51,99.63,89.41,3,1,0,98,69,0,1,0,0,0,1,0,0,0
22,6.49,85.05,90.47,73.69,0,0,2,86,59,1,0,1,1,0,0,0,0,0
23,9.75,71.56,56.88,78.41,0,1,2,91,77,1,1,0,0,0,0,1,0,0
22,5.58,69.64,65.54,50.31,1,1,2,90,83,0,1,0,0,0,1,0,0,0
22,6.73,99.54,81.25,60.46,2,1,2,42,88,0,1,0,0,0,0,0,0,1
23,9.5,80.62,94.25,94.95,1,0,3,92,55,1,1,0,1,0,0,0,0,0
22,8.62,68.37,59.74,51.09,0,0,0,66,89,1,0,1,0,0,0,0,0,1
22,5.15,62.89,86.56,95.24,1,0,1,53,96,0,1,0,1,0,0,0,0,0
21,5.12,51.99,63.53,55.66,2,0,3,93,61,0,1,0,0,0,0,0,0,1
24,7.58,85.33,90.27,56.65,0,1,1,69,77,1,0,1,0,0,0,1,0,0
24,7.42,68.61,84.17,58.77,1,1,4,73,49,1,1,0,1,0,0,0,0,0
21,7.21,91.06,76.15,89.97,3,0,5,62,59,1,0,1,0,0,0,0,1,0
23,6.51,68.19,82.49,73.91,3,0,3,87,92,0,0,1,0,0,0,1,0,0
20,9.93,68.67,93.82,57.26,1,0,5,94,80,1,0,1,0,0,0,0,0,1
20,6.36,88.96,69.32,84.34,1,1,3,56,41,0,1,0,1,0,0,0,0,0
20,7.45,74.47,88.46,97.03,2,0,5,54,42,1,0,1,0,0,0,1,0,0
21,7.02,94.24,57.95,78.62,0,1,5,100,81,1,1,0,0,0,0,0,0,1
21,5.85,79.51,85.06,54.94,1,1,4,84,47,0,1,0,0,1,0,0,0,0
22,6.01,62.03,87.53,52.74,0,0,5,100,48,1,0,1,0,1,0,0,0,0
20,9.59,78.41,72.15,89.79,3,0,3,100,67,1,0,1,0,0,1,0,0,0
23,9.29,50.2,89.68,81.3,0,1,5,83,60,1,1,0,0,0,0,0,1,0
23,6.0,65.62,77.86,96.13,4,0,0,46,90,0,0,1,0,1,0,0,0,0
20,9.38,60.4,96.81,77.36,2,1,5,100,72,1,1,0,0,0,0,0,0,1
20,6.05,82.71,55.62,53.12,2,1,2,91,99,0,0,1,0,0,0,1,0,0
20,8.13,56.8,56.54,70.18,0,0,5,91,73,1,0,1,1,0,0,0,0,0
21,5.41,64.5,92.12,82.9,2,1,1,42,91,0,1,0,0,0,0,1,0,0
21,9.4,66.57,92.12,69.24,0,0,4,48,43,1,0,1,0,0,1,0,0,0
21,5.26,50.16,73.56,99.98,0,0,2,42,87,0,0,1,0,0,0,1,0,0
24,7.77,52.34,98.2,70.27,3,1,3,87,92,1,0,1,0,1,0,0,0,0
23,8.9,65.56,83.97,77.31,0,0,0,91,64,1,0,1,0,0,0,1,0,0
23,5.58,61.12,99.14,61.27,2,1,5,74,71,0,0,1,0,1,0,0,0,0
22,7.02,55.85,76.62,57.61,4,1,5,79,51,0,1,0,0,1,0,0,0,0
21,5.21,57.71,60.08,82.27,1,0,3,47,41,0,0,1,0,0,0,0,1,0
24,8.41,91.78,72.22,79.43,2,1,4,65,86,1,0,1,0,0,1,0,0,0
24,6.54,84.17,99.02,50.22,4,1,3,95,89,0,1,0,0,0,0,0,0,1
23,7.8,74.21,68.52,64.24,2,0,0,54,87,0,0,1,0,1,0,0,0,0
21,9.66,95.44,97.85,82.18,4,0,5,44,92,1,0,1,1,0,0,0,0,0
22,6.53,51.48,89.85,90.61,2,0,3,52,51,0,1,0,0,0,1,0,0,0
21,5.24,67.25,72.11,65.62,1,0,3,54,89,0,1,0,0,0,0,0,0,1
20,8.38,91.17,77.09,82.37,3,0,5,78,85,1,1,0,1,0,0,0,0,0
21,8.93,81.41,80.37,63.26,3,0,3,51,65,1,1,0,0,0,0,1,0,0
20,9.79,99.08,83.29,84.52,1,1,5,74,60,1,0,1,0,0,1,0,0,0
20,5.79,97.23,53.83,84.9,2,0,3,47,83,0,1,0,1,0,0,0,0,0
22,6.96,58.5,96.68,56.51,4,1,0,49,76,0,0,1,0,0,1,0,0,0
23,9.22,98.6,79.85,83.25,0,0,1,73,94,1,0,1,0,0,1,0,0,0
21,9.03,97.28,96.56,66.68,2,1,2,47,75,1,0,1,0,0,0,1,0,0
20,8.12,68.68,81.59,58.63,1,0,4,61,57,1,0,1,0,0,0,1,0,0
21,6.35,99.14,71.55,75.02,3,0,1,89,63,0,0,1,0,0,1,0,0,0
23,6.42,51.79,78.35,72.61,3,0,0,51,69,0,1,0,1,0,0,0,0,0
23,5.62,83.04,91.48,88.69,2,0,4,61,56,0,0,1,0,0,0,0,1,0
24,9.61,63.31,66.31,54.23,4,1,4,66,55,1,0,1,0,1,0,0,0,0
23,5.86,56.47,97.82,89.49,1,0,5,97,81,1,0,1,0,0,0,1,0,0
22,7.86,78.88,73.3,55.3,1,1,5,57,56,1,0,1,0,0,0,0,1,0
20,7.92,65.32,97.81,60.37,4,0,3,58,83,0,1,0,0,0,0,1,0,0
24,6.85,83.34,94.04,75.79,4,0,2,98,51,0,0,1,0,0,1,0,0,0
22,6.76,77.0,88.38,73.16,2,0,5,44,66,0,0,1,0,0,0,0,1,0
21,8.34,69.63,73.37,99.44,2,1,2,55,99,1,0,1,1,0,0,0,0,0
20,6.94,59.09,79.35,79.47,3,1,0,88,94,0,1,0,1,0,0,0,0,0
23,6.28,80.06,91.9,66.37,3,0,5,80,43,0,0,1,0,0,0,0,0,1
20,7.0,91.46,77.2,95.01,4,1,1,49,74,0,0,1,0,1,0,0,0,0
21,9.04,80.0,86.91,65.61,0,0,3,58,40,1,0,1,0,1,0,0,0,0
24,9.83,80.53,89.53,63.69,0,0,2,100,51,1,0,1,0,0,0,1,0,0
24,8.18,75.59,75.65,74.72,0,1,3,83,68,1,0,1,0,1,0,0,0,0
24,8.91,69.41,76.81,95.66,1,0,1,40,47,1,1,0,0,0,0,0,0,1
23,7.66,72.87,59.89,85.43,2,0,4,61,47,0,1,0,1,0,0,0,0,0
22,8.12,99.48,62.24,83.87,4,0,1,56,51,0,1,0,0,0,0,0,1,0
22,9.94,87.48,95.25,86.3,3,0,4,74,75,1,0,1,0,0,0,0,1,0
20,7.19,71.53,92.02,82.98,0,1,1,78,87,1,0,1,1,0,0,0,0,0
23,5.33,72.86,50.51,87.99,3,1,3,91,73,0,0,1,0,0,1,0,0,0
24,9.79,74.98,93.47,59.64,2,0,1,48,75,1,1,0,1,0,0,0,0,0
24,8.97,82.97,51.26,58.86,4,1,5,94,94,1,1,0,0,0,0,0,1,0
21,6.99,73.3,72.91,68.11,0,0,2,44,43,0,1,0,0,0,0,1,0,0
21,9.91,84.31,53.37,92.55,0,0,2,48,100,1,0,1,0,0,0,0,0,1
24,6.73,66.46,98.44,85.72,4,0,0,90,50,0,0,1,1,0,0,0,0,0
24,6.86,70.53,98.62,78.32,3,0,5,50,98,1,0,1,0,0,1,0,0,0
23,8.05,93.2,80.54,50.97,2,0,2,53,42,0,1,0,0,0,0,1,0,0
22,6.37,66.45,69.61,61.79,2,1,2,85,49,0,1,0,1,0,0,0,0,0
21,8.49,98.22,75.6,90.18,2,0,4,79,51,1,1,0,0,0,0,1,0,0
22,5.76,58.63,88.11,62.12,3,1,5,63,88,0,0,1,1,0,0,0,0,0
23,5.54,62.08,61.16,86.51,3,1,3,59,48,0,0,1,0,0,0,1,0,0
24,7.67,73.18,72.09,59.23,0,0,3,72,60,1,1,0,0,1,0,0,0,0
22,7.78,89.87,86.86,80.32,3,0,4,43,73,1,1,0,0,0,0,1,0,0
24,5.53,86.58,69.77,81.41,1,1,2,55,61,0,0,1,0,1,0,0,0,0
24,9.82,58.72,51.6,87.6,4,1,1,64,57,0,0,1,0,0,0,0,1,0
20,7.87,61.83,75.37,71.92,3,0,4,97,83,1,0,1,0,1,0,0,0,0
22,5.76,78.76,86.87,81.63,2,0,3,40,45,0,0,1,0,0,0,1,0,0
22,6.56,64.76,98.84,74.35,3,1,0,90,64,0,0,1,0,0,0,0,0,1
24,9.0,71.12,51.85,97.37,0,1,3,63,89,1,1,0,0,0,0,0,0,1
23,7.62,74.33,77.0,76.09,4,0,1,42,84,0,0,1,0,0,0,0,1,0
20,5.94,79.71,72.5,60.48,4,1,3,71,54,0,0,1,0,0,0,1,0,0
24,5.51,62.55,62.12,83.39,2,0,4,73,40,0,0,1,0,1,0,0,0,0
21,7.15,58.16,81.89,77.42,4,0,0,88,94,0,1,0,0,0,0,0,0,1
21,6.69,69.93,58.18,90.19,1,1,3,64,79,1,1,0,1,0,0,0,0,0
20,8.28,54.1,64.19,58.85,4,0,4,82,57,0,0,1,0,0,1,0,0,0
23,9.63,76.34,89.09,63.05,2,0,4,97,91,1,1,0,0,0,0,1,0,0
24,6.24,91.98,73.02,96.08,4,1,4,42,95,0,1,0,1,0,0,0,0,0
22,9.28,55.95,99.68,96.5,3,1,0,46,83,1,0,1,1,0,0,0,0,0
20,9.6,55.64,69.32,72.11,0,0,4,81,70,1,0,1,0,0,0,1,0,0
23,9.51,54.01,73.16,52.39,3,1,0,74,59,0,1,0,0,0,1,0,0,0
22,9.76,92.39,65.01,65.33,1,0,5,68,83,1,1,0,0,0,0,0,0,1
21,9.21,54.04,61.81,62.36,1,0,1,79,64,1,1,0,0,0,1,0,0,0
21,7.97,99.17,96.11,70.73,0,0,1,64,72,1,1,0,0,0,0,0,1,0
22,7.05,67.92,87.44,65.89,0,1,1,67,49,1,1,0,0,1,0,0,0,0
20,7.46,66.44,66.67,91.45,0,1,5,63,68,1,0,1,0,1,0,0,0,0
21,9.36,54.58,85.01,50.15,0,1,4,44,94,1,0,1,1,0,0,0,0,0
24,6.51,79.28,98.29,82.23,4,0,0,66,58,0,0,1,0,0,0,0,0,1
22,5.8,79.29,53.7,83.21,3,1,5,49,98,0,0,1,0,0,1,0,0,0
22,5.7,74.69,63.23,83.03,1,1,1,51,67,0,1,0,1,0,0,0,0,0
21,9.13,65.55,60.03,76.03,4,0,2,57,97,0,1,0,0,0,0,1,0,0
20,8.81,68.43,93.49,80.56,0,0,1,77,66,1,1,0,1,0,0,0,0,0
24,7.49,66.03,58.96,90.52,2,1,4,47,98,1,0,1,0,0,0,1,0,0
20,6.37,71.31,65.4,89.21,2,1,5,89,58,1,1,0,0,0,0,1,0,0
23,8.39,67.09,77.19,51.73,3,0,2,77,82,0,0,1,0,0,0,0,1,0
23,5.19,83.78,81.05,51.52,1,0,5,94,94,0,0,1,0,0,0,0,1,0
21,7.84,64.79,90.41,91.95,1,0,3,69,70,1,1,0,0,0,0,1,0,0
21,6.99,67.54,70.37,78.74,3,1,2,48,93,0,1,0,0,0,0,0,0,1
21,9.89,71.77,76.71,97.87,0,1,3,87,74,1,1,0,0,0,0,0,1,0
23,7.54,50.2,98.27,71.58,0,0,2,82,53,1,0,1,0,0,0,0,1,0
20,7.76,74.6,64.87,58.84,1,0,0,64,89,0,0,1,0,1,0,0,0,0
20,8.56,62.79,62.4,73.66,1,1,2,69,98,1,0,1,1,0,0,0,0,0
21,7.42,52.81,85.53,71.83,1,1,1,41,98,1,0,1,0,1,0,0,0,0
24,6.12,95.55,88.56,75.86,0,0,3,56,45,0,1,0,0,0,0,0,0,1
20,7.69,66.12,70.74,90.4,2,0,3,84,97,1,1,0,0,0,0,0,1,0
23,9.72,71.3,60.65,82.78,3,1,5,46,94,1,1,0,0,0,0,0,1,0
22,7.05,91.37,88.95,59.26,3,0,1,61,48,0,0,1,0,0,1,0,0,0
22,8.4,58.34,83.52,86.72,4,0,0,49,96,0,1,0,0,0,0,0,0,1
22,9.89,92.52,93.81,79.59,4,0,2,65,80,1,0,1,1,0,0,0,0,0
24,9.15,62.08,92.22,78.92,2,1,0,52,66,1,1,0,1,0,0,0,0,0
21,8.3,79.45,60.26,83.91,1,0,1,81,97,1,0,1,1,0,0,0,0,0
23,8.68,84.28,91.62,78.2,2,1,2,67,56,1,0,1,0,0,0,0,0,1
24,9.68,95.25,58.76,72.88,4,1,1,75,75,1,0,1,0,0,1,0,0,0
23,9.8,80.38,93.19,82.02,4,0,3,98,43,1,1,0,0,0,1,0,0,0
23,9.84,72.66,88.52,86.19,3,0,3,50,97,1,0,1,0,1,0,0,0,0
21,8.13,78.61,78.49,61.29,2,0,3,48,63,0,0,1,0,0,0,0,0,1
22,6.92,60.1,82.11,74.85,0,1,4,55,90,1,1,0,0,0,0,0,0,1
21,5.67,84.45,55.2,72.91,4,1,4,56,55,0,0,1,0,0,1,0,0,0
24,6.93,59.34,51.99,52.0,3,0,3,94,56,0,0,1,0,0,0,1,0,0
24,9.71,77.86,66.53,91.72,1,1,4,44,42,1,0,1,0,0,0,1,0,0
24,9.45,82.38,91.07,68.87,2,1,4,44,93,1,0,1,0,1,0,0,0,0
21,7.62,94.93,73.29,53.63,4,0,5,77,78,0,1,0,0,0,0,1,0,0
23,7.69,72.51,61.17,72.89,0,0,1,70,96,1,1,0,0,0,0,1,0,0
23,6.54,88.77,91.73,58.07,4,0,5,41,76,0,0,1,0,0,0,1,0,0
20,7.27,58.38,61.43,85.22,0,1,2,66,92,1,1,0,0,0,0,0,1,0
24,8.57,57.81,90.77,78.59,2,0,3,85,42,1,0,1,0,1,0,0,0,0
23,7.01,76.24,72.65,63.51,0,0,5,82,83,1,0,1,0,0,1,0,0,0
20,5.94,79.82,73.17,97.52,0,0,5,58,90,1,0,1,0,0,0,1,0,0
23,7.7,81.62,63.64,64.59,3,1,4,82,80,1,0,1,1,0,0,0,0,0
24,6.13,87.28,95.01,77.75,2,0,1,64,74,0,0,1,0,0,0,0,1,0
22,9.87,64.75,54.44,90.08,4,0,1,91,42,0,1,0,0,0,0,1,0,0
24,6.95,81.13,57.22,75.69,1,0,5,77,55,1,1,0,0,0,0,0,1,0
21,9.55,59.41,81.79,98.04,2,0,2,52,96,1,0,1,0,1,0,0,0,0
23,6.13,60.95,92.51,92.19,2,1,1,68,59,0,1,0,1,0,0,0,0,0
23,5.95,53.37,54.77,96.05,1,0,0,58,84,0,1,0,1,0,0,0,0,0
21,8.08,87.35,86.69,68.64,4,0,0,74,45,0,1,0,1,0,0,0,0,0
21,8.9,75.35,87.13,77.42,3,1,3,64,72,1,1,0,0,0,0,1,0,0
22,7.83,61.91,79.08,92.01,4,1,5,87,82,1,0,1,0,0,0,0,1,0
23,6.15,77.81,74.34,95.18,1,1,2,48,89,1,1,0,1,0,0,0,0,0
23,5.19,67.71,66.05,97.22,4,0,5,100,66,0,1,0,0,0,0,0,0,1
22,8.09,91.86,67.57,93.96,2,0,0,74,69,0,1,0,0,0,0,0,0,1
20,5.66,76.41,83.72,86.54,3,0,2,90,74,0,0,1,0,0,0,0,1,0
22,6.72,51.49,53.26,51.21,0,0,3,54,57,0,0,1,0,0,0,1,0,0
24,8.38,99.25,79.25,65.75,4,0,1,61,69,0,0,1,0,0,0,1,0,0
23,5.49,53.71,63.94,56.45,0,0,1,52,82,0,0,1,0,1,0,0,0,0
21,5.64,84.8,73.33,57.74,3,1,1,88,65,0,0,1,0,1,0,0,0,0
24,5.31,71.86,77.95,64.55,0,0,0,69,54,0,1,0,1,0,0,0,0,0
23,9.98,62.47,94.28,53.74,4,0,2,60,71,1,0,1,0,0,1,0,0,0
22,6.94,83.82,78.95,62.15,1,1,0,64,74,0,1,0,0,1,0,0,0,0
24,9.53,56.29,61.36,97.85,2,1,4,64,51,1,0,1,0,0,0,1,0,0
23,6.47,92.91,53.97,65.6,2,1,2,79,60,0,1,0,0,0,1,0,0,0
20,8.77,62.53,81.35,57.99,0,0,3,61,51,1,0,1,0,1,0,0,0,0
20,6.1,68.07,77.25,85.92,2,0,0,85,88,0,0,1,0,0,0,0,1,0
21,7.49,81.63,83.59,91.43,2,0,1,80,40,0,1,0,0,0,0,0,0,1
23,9.12,50.05,72.97,65.7,1,1,1,42,50,1,1,0,0,1,0,0,0,0
20,9.08,73.64,91.26,63.92,0,1,1,100,94,1,1,0,0,1,0,0,0,0
22,8.97,94.71,96.01,62.09,1,0,0,48,64,1,0,1,0,0,0,0,1,0
23,9.12,84.02,52.0,69.66,1,1,0,63,86,1,0,1,0,0,0,1,0,0
22,6.06,69.4,87.2,54.36,3,0,1,83,48,0,1,0,1,0,0,0,0,0
22,7.41,83.02,51.76,83.46,0,1,1,86,78,1,0,1,0,0,0,0,1,0
20,7.42,96.83,72.25,91.11,1,1,1,71,82,1,1,0,1,0,0,0,0,0
23,9.45,59.39,73.08,83.18,4,0,4,56,66,1,0,1,0,1,0,0,0,0
24,6.48,76.59,84.81,71.06,2,0,0,80,68,0,0,1,0,0,0,1,0,0
20,9.66,61.74,67.62,64.45,0,1,1,63,89,1,0,1,0,0,1,0,0,0
20,7.25,92.71,91.05,70.47,3,1,3,47,66,1,0,1,0,1,0,0,0,0
23,8.35,86.05,67.14,71.19,1,1,1,45,94,1,1,0,0,0,0,0,1,0
23,6.34,90.05,67.13,83.3,4,1,0,48,100,0,1,0,0,0,1,0,0,0
22,7.05,97.15,61.14,96.4,2,0,3,54,67,0,0,1,0,0,0,0,0,1
23,8.55,61.62,84.19,53.53,2,0,5,63,96,1,1,0,0,0,1,0,0,0
22,7.56,52.44,53.83,97.67,4,0,5,89,78,0,0,1,0,0,0,0,1,0
20,9.65,64.55,68.15,95.51,0,0,5,93,57,1,0,1,0,0,1,0,0,0
21,8.69,69.96,63.34,55.89,2,1,0,99,54,0,0,1,0,0,0,0,1,0
24,7.82,81.26,61.47,59.18,2,0,0,50,55,0,1,0,0,1,0,0,0,0
20,9.43,89.89,53.05,65.58,2,0,0,70,86,1,1,0,0,0,0,1,0,0
23,8.33,67.49,59.52,77.98,1,0,2,95,62,1,1,0,0,0,0,0,0,1
24,8.24,73.67,72.31,56.72,1,0,3,85,69,1,1,0,0,0,0,1,0,0
21,6.23,89.27,75.19,60.02,2,0,4,84,75,0,1,0,0,0,0,1,0,0
21,6.97,61.27,63.48,95.13,3,0,4,84,95,0,1,0,0,0,0,1,0,0
22,8.42,60.86,82.51,55.47,2,0,2,93,74,1,1,0,0,0,0,0,1,0
24,9.46,79.46,66.79,69.94,0,0,0,52,67,1,1,0,0,0,0,0,1,0
22,6.58,71.8,68.36,88.15,3,0,4,69,85,0,0,1,0,0,0,0,0,1
20,6.08,97.44,89.13,94.43,0,1,3,98,92,1,0,1,0,0,0,0,1,0
24,7.97,67.85,77.6,66.8,4,0,1,64,42,0,0,1,1,0,0,0,0,0
20,5.34,87.98,97.66,58.22,4,1,3,87,94,0,0,1,0,0,0,0,1,0
22,8.57,79.15,67.97,86.85,1,0,0,51,55,0,1,0,0,0,0,0,1,0
24,8.52,52.73,91.39,88.63,1,0,3,60,54,1,0,1,0,0,0,0,1,0
22,6.77,54.22,86.92,99.0,1,0,5,63,58,1,1,0,0,1,0,0,0,0
24,9.46,60.16,94.51,56.98,4,0,0,65,49,0,0,1,0,0,0,0,0,1
22,7.51,57.16,97.84,85.47,0,0,3,89,92,1,0,1,1,0,0,0,0,0
21,8.23,66.47,50.38,70.86,3,1,2,51,88,0,0,1,0,0,0,0,1,0
22,6.05,78.95,54.41,95.73,1,0,3,76,43,0,1,0,0,0,0,0,0,1
21,7.09,80.12,83.72,70.39,4,0,5,88,61,0,0,1,0,0,1,0,0,0
22,9.31,79.39,69.51,72.3,1,0,4,60,57,1,0,1,0,1,0,0,0,0
24,6.06,55.88,90.96,56.34,2,1,1,62,61,0,1,0,0,0,0,0,1,0
24,6.95,80.01,50.6,66.05,3,0,2,40,81,0,1,0,1,0,0,0,0,0
24,6.59,70.49,90.35,70.04,0,0,3,84,94,1,0,1,0,1,0,0,0,0
23,5.76,95.15,56.76,50.88,1,1,0,49,55,0,0,1,1,0,0,0,0,0
20,6.45,95.6,64.51,71.88,2,0,2,74,95,0,0,1,0,1,0,0,0,0
24,6.16,88.41,98.45,66.82,2,1,4,77,42,1,1,0,0,0,1,0,0,0
21,9.62,85.16,52.58,90.19,3,0,1,87,83,1,0,1,0,0,0,0,0,1
24,8.71,55.75,67.45,55.36,4,0,5,67,97,1,0,1,0,1,0,0,0,0
23,6.58,54.23,54.23,88.01,4,0,1,40,98,0,0,1,0,0,0,1,0,0
21,8.82,92.04,92.68,85.7,1,0,3,90,90,1,0,1,0,0,1,0,0,0
23,5.11,71.35,85.15,62.09,1,1,5,47,92,1,1,0,0,0,0,1,0,0
21,7.63,72.57,90.02,54.16,4,0,4,80,74,0,0,1,0,0,1,0,0,0
22,6.25,92.39,76.36,92.09,0,1,4,62,80,1,0,1,0,0,0,1,0,0
20,5.57,81.07,67.89,62.47,0,0,1,59,78,0,0,1,0,0,0,1,0,0
20,9.42,58.97,50.11,57.28,2,1,1,71,55,1,0,1,1,0,0,0,0,0
23,6.0,60.55,63.9,67.95,3,0,4,62,60,0,0,1,0,1,0,0,0,0
20,9.11,50.32,75.73,70.04,0,0,1,46,60,1,1,0,0,1,0,0,0,0
23,7.07,85.53,83.22,66.3,1,0,0,50,40,0,1,0,0,0,1,0,0,0
23,5.07,74.28,61.45,98.82,0,0,1,94,96,0,1,0,0,0,0,0,0,1
23,8.66,97.5,56.95,94.04,3,1,0,47,69,1,1,0,1,0,0,0,0,0
20,7.98,85.7,60.08,93.65,1,0,5,82,86,1,1,0,0,1,0,0,0,0
23,6.72,55.16,67.7,69.94,3,0,1,53,73,0,0,1,0,1,0,0,0,0
20,6.41,58.08,57.42,98.14,4,1,2,53,87,0,1,0,1,0,0,0,0,0
23,5.37,75.09,57.84,84.2,3,1,2,75,78,0,1,0,0,0,0,0,1,0
24,9.71,96.24,52.19,91.6,3,0,5,91,85,1,1,0,1,0,0,0,0,0
23,7.47,62.36,92.84,75.04,3,1,5,80,62,1,0,1,0,1,0,0,0,0
21,5.43,91.28,60.99,58.03,1,1,2,79,73,0,0,1,0,0,0,0,0,1
23,9.34,65.61,91.1,94.34,3,1,5,86,95,1,1,0,0,0,0,0,1,0
22,6.39,63.49,71.92,74.32,3,1,0,66,69,0,1,0,0,0,0,1,0,0
23,6.02,95.07,81.62,98.43,2,1,0,59,95,0,1,0,1,0,0,0,0,0
21,6.4,52.36,53.79,62.74,1,0,3,77,96,0,0,1,0,0,0,1,0,0
21,7.82,83.04,79.18,99.62,3,1,3,64,89,1,0,1,0,0,0,0,1,0
20,5.37,52.16,64.5,61.12,0,1,1,87,72,0,0,1,0,0,0,0,1,0
24,7.41,90.04,54.76,68.41,3,1,0,87,55,0,1,0,0,0,0,0,1,0
23,9.48,91.47,95.41,79.7,0,0,2,68,80,1,0,1,0,0,1,0,0,0
20,5.94,94.67,80.18,84.67,4,0,2,53,69,0,0,1,1,0,0,0,0,0
24,6.66,59.3,62.09,86.01,4,0,2,67,42,0,1,0,0,0,0,0,0,1
23,6.98,56.22,70.98,73.81,1,0,1,69,97,0,0,1,0,0,0,0,0,1
22,7.93,75.18,67.85,53.84,1,0,0,54,84,0,1,0,0,0,0,1,0,0
23,9.6,63.58,85.03,74.8,4,1,5,93,100,1,0,1,0,0,0,1,0,0
21,6.97,80.31,80.37,66.73,1,1,1,98,41,0,1,0,0,0,0,1,0,0
21,5.35,75.69,50.99,82.88,0,1,5,60,65,1,1,0,1,0,0,0,0,0
22,6.74,57.24,59.89,59.11,0,1,4,51,57,1,1,0,0,1,0,0,0,0
20,5.95,86.96,73.91,69.7,2,1,4,94,41,0,1,0,0,0,0,1,0,0
24,8.26,90.19,72.27,98.31,1,0,3,89,79,1,0,1,0,0,0,0,1,0
23,5.15,98.15,75.83,54.44,1,1,5,95,42,1,0,1,0,0,0,1,0,0
21,6.46,69.78,85.74,80.12,2,0,0,50,56,0,0,1,0,0,0,0,1,0
20,7.73,66.89,84.1,54.53,3,0,5,78,63,0,1,0,0,0,1,0,0,0
22,6.39,59.61,68.64,57.85,0,0,5,45,41,0,1,0,0,1,0,0,0,0
21,7.75,59.04,93.88,80.25,3,1,2,42,45,0,0,1,0,1,0,0,0,0
22,5.57,66.05,53.15,72.2,2,0,0,80,79,0,1,0,1,0,0,0,0,0
23,9.71,99.09,79.23,77.42,1,0,5,54,65,1,0,1,1,0,0,0,0,0
24,6.45,54.61,97.48,93.99,3,0,5,73,96,0,1,0,0,0,0,0,0,1
21,9.62,62.97,77.45,90.86,1,0,5,43,88,1,1,0,0,0,1,0,0,0
21,6.63,54.3,72.76,94.4,2,0,3,73,96,0,0,1,1,0,0,0,0,0
23,8.91,63.68,56.7,80.81,4,1,2,77,95,1,0,1,0,0,0,0,1,0
20,6.23,54.62,90.51,74.48,1,1,1,83,45,0,0,1,0,0,1,0,0,0
24,8.35,75.42,68.69,72.96,3,1,2,78,51,1,1,0,0,1,0,0,0,0
21,6.62,71.92,85.06,86.99,3,0,5,80,60,0,0,1,0,0,0,0,1,0
24,7.55,58.7,59.88,76.06,2,1,5,45,55,1,0,1,0,0,1,0,0,0
21,8.37,58.74,52.09,55.29,3,1,4,61,45,0,0,1,0,1,0,0,0,0
24,7.94,81.31,65.27,57.1,0,0,1,76,73,1,0,1,1,0,0,0,0,0
22,7.88,69.36,64.07,67.85,1,1,5,97,98,1,0,1,0,0,0,0,1,0
21,5.33,52.81,93.67,53.39,0,0,2,71,42,0,1,0,0,0,0,0,1,0
24,6.25,96.01,93.23,61.96,2,0,1,98,80,0,0,1,0,1,0,0,0,0
20,7.86,70.25,76.69,82.82,0,1,4,67,58,1,1,0,0,0,0,0,1,0
22,5.09,79.55,50.95,50.62,0,1,4,65,68,0,1,0,1,0,0,0,0,0
22,6.25,94.27,61.42,80.2,1,0,0,43,71,0,0,1,1,0,0,0,0,0
20,6.15,70.11,81.95,88.62,1,0,5,49,49,0,0,1,1,0,0,0,0,0
24,6.25,91.03,55.07,58.51,4,0,4,66,94,0,1,0,0,1,0,0,0,0
23,7.68,95.74,85.03,59.05,0,1,4,59,66,1,1,0,0,0,0,1,0,0
20,7.91,58.7,50.6,51.44,1,1,4,75,68,1,0,1,0,0,0,1,0,0
24,9.54,94.62,84.13,75.62,0,1,5,44,52,1,0,1,0,0,0,0,1,0
20,6.93,55.99,92.23,82.73,0,0,3,56,59,1,0,1,1,0,0,0,0,0
20,9.63,63.76,73.46,72.85,2,1,4,89,67,1,1,0,0,0,0,0,1,0
21,8.26,90.41,91.45,69.47,2,1,0,71,66,1,0,1,0,1,0,0,0,0
24,9.56,95.03,89.08,72.72,0,0,1,74,52,1,0,1,0,0,0,0,1,0
23,9.17,84.21,83.57,89.08,2,0,3,62,64,1,1,0,0,0,0,0,0,1
21,8.44,55.24,72.26,51.68,1,1,1,52,99,1,1,0,0,0,0,1,0,0
20,6.78,76.15,63.6,89.19,0,0,1,100,68,0,0,1,0,0,0,0,1,0
20,6.21,78.63,93.04,83.32,2,0,0,40,91,0,0,1,0,0,0,0,1,0
20,6.11,64.09,82.43,62.07,1,0,3,70,97,0,1,0,0,0,1,0,0,0
24,9.76,99.56,89.9,76.24,0,0,5,58,54,1,0,1,0,0,0,0,1,0
24,9.79,66.78,77.6,52.46,0,0,2,62,84,1,0,1,0,0,0,0,0,1
21,8.62,60.51,58.59,68.98,2,0,4,93,84,1,1,0,0,0,0,1,0,0
23,9.42,55.51,98.97,58.7,1,0,1,73,69,1,0,1,0,0,1,0,0,0
21,9.59,68.93,59.14,51.12,0,0,1,43,97,1,1,0,0,1,0,0,0,0
22,7.56,84.63,95.56,67.85,0,0,0,87,77,1,1,0,0,1,0,0,0,0
20,8.15,61.57,60.41,86.31,4,0,5,87,99,1,0,1,0,0,0,1,0,0
20,7.09,88.48,68.69,96.05,0,0,0,88,71,0,0,1,0,1,0,0,0,0
20,7.09,56.77,72.0,83.11,4,1,0,99,89,0,1,0,0,0,0,0,0,1
21,5.19,72.02,96.07,70.1,4,1,3,92,46,0,1,0,0,0,0,0,1,0
21,7.17,85.12,94.41,99.97,1,0,5,83,74,1,1,0,0,0,0,1,0,0
20,8.37,56.77,91.16,64.15,3,1,4,73,72,1,1,0,0,0,1,0,0,0
21,7.11,79.89,68.83,59.36,4,1,3,69,51,0,0,1,0,0,0,0,1,0
24,9.36,89.95,50.22,73.18,1,0,0,95,62,1,1,0,0,1,0,0,0,0
24,6.66,79.78,84.08,75.25,2,1,0,49,44,0,0,1,0,1,0,0,0,0
21,5.66,75.57,70.55,67.74,4,0,5,45,82,0,0,1,0,0,1,0,0,0
20,9.06,91.91,87.85,84.77,3,0,5,51,83,1,0,1,0,0,0,0,0,1
21,8.37,99.27,89.74,59.19,2,1,1,51,94,1,0,1,0,0,1,0,0,0
21,6.21,59.07,71.99,75.52,4,1,3,88,70,0,1,0,0,0,0,1,0,0
21,7.68,84.57,87.41,75.01,4,1,3,57,55,0,0,1,0,0,1,0,0,0
22,7.01,54.03,92.0,91.19,3,1,5,75,72,1,0,1,0,1,0,0,0,0
24,9.69,52.14,96.42,96.35,0,1,4,74,92,1,0,1,0,0,0,0,0,1
23,8.04,64.04,79.12,83.16,3,1,3,64,89,1,1,0,0,0,0,0,0,1
23,5.79,98.55,88.92,65.27,1,0,5,88,40,1,1,0,1,0,0,0,0,0
22,7.51,77.61,74.73,84.48,1,0,4,94,61,1,0,1,0,0,1,0,0,0
21,9.31,63.41,52.08,62.57,3,0,2,80,67,0,0,1,0,0,0,1,0,0
22,8.36,56.63,57.76,98.33,3,0,5,96,44,1,0,1,0,1,0,0,0,0
22,9.21,96.01,56.41,91.12,3,1,4,61,43,1,1,0,0,0,0,0,1,0
20,6.25,68.12,58.59,71.56,3,1,0,69,40,0,1,0,0,0,0,0,0,1
24,9.44,65.33,50.51,89.22,3,1,2,83,54,1,0,1,0,0,1,0,0,0
23,8.78,92.9,92.94,70.43,4,0,1,68,76,0,1,0,1,0,0,0,0,0
21,8.64,80.22,78.01,53.73,2,0,1,46,78,0,0,1,0,0,0,1,0,0
23,6.73,58.43,69.16,85.34,1,1,1,87,88,0,1,0,0,0,0,1,0,0
23,9.44,71.08,70.49,70.23,1,0,0,79,91,1,0,1,0,1,0,0,0,0
24,8.19,96.41,73.17,96.52,2,0,5,42,77,1,0,1,0,0,0,0,0,1
23,9.26,95.06,53.69,65.33,3,0,1,60,84,0,0,1,0,1,0,0,0,0
23,6.8,53.51,63.73,92.17,2,0,4,84,63,0,0,1,1,0,0,0,0,0
22,5.73,63.43,92.58,84.02,3,1,5,59,62,0,1,0,0,0,0,0,1,0
24,6.66,57.73,87.18,92.67,1,1,0,48,86,0,0,1,0,0,0,0,1,0
20,7.28,76.69,78.17,64.59,0,0,3,80,46,1,1,0,0,0,0,0,1,0
21,7.67,87.5,74.04,73.07,1,0,0,75,95,0,1,0,0,0,0,1,0,0
23,7.55,64.78,62.95,91.16,1,0,0,99,100,0,0,1,0,0,0,0,0,1
21,7.73,87.9,73.56,82.19,0,1,3,53,70,1,0,1,0,1,0,0,0,0
20,9.21,83.44,79.89,68.0,2,0,4,57,46,1,0,1,0,1,0,0,0,0
21,5.85,86.41,85.63,75.6,4,0,2,72,52,0,1,0,1,0,0,0,0,0
20,6.58,97.41,58.33,99.8,3,1,3,90,43,0,0,1,0,0,0,0,1,0
22,9.44,71.23,90.66,87.09,3,1,0,41,98,1,0,1,0,0,0,0,0,1
23,7.8,67.13,67.29,80.73,1,0,1,76,93,0,0,1,0,0,0,0,0,1
20,7.92,84.19,75.16,91.4,0,1,3,70,99,1,1,0,1,0,0,0,0,0
21,7.39,90.38,80.4,72.1,1,1,3,61,57,1,0,1,0,0,1,0,0,0
23,7.74,59.57,74.4,97.5,1,1,2,85,79,1,0,1,0,0,0,0,0,1
22,5.99,92.34,78.6,77.6,2,0,0,48,58,0,0,1,0,0,0,0,0,1
23,7.73,52.89,55.58,66.34,3,0,1,59,55,0,0,1,0,1,0,0,0,0
20,9.99,50.32,71.61,54.3,4,1,1,59,91,1,1,0,1,0,0,0,0,0
22,7.83,57.92,64.02,68.78,0,0,2,86,57,1,0,1,0,0,0,0,0,1
21,5.22,98.93,54.3,78.43,4,0,5,91,55,0,1,0,0,0,0,0,0,1
22,8.98,76.18,59.58,85.16,0,1,1,40,87,1,1,0,0,1,0,0,0,0
22,6.98,52.33,80.12,93.76,3,0,4,69,70,0,1,0,0,0,0,0,0,1
24,5.77,99.86,59.83,97.2,2,0,3,58,64,0,1,0,0,1,0,0,0,0
22,9.31,87.25,59.05,55.12,4,0,3,75,41,0,0,1,0,0,1,0,0,0
22,5.99,91.9,77.64,80.05,0,0,1,53,85,0,0,1,0,0,0,1,0,0
23,9.6,60.65,95.24,83.33,1,0,1,40,100,1,1,0,0,1,0,0,0,0
21,7.21,55.27,89.43,58.6,3,1,1,44,93,0,0,1,0,1,0,0,0,0
23,8.71,75.75,95.25,77.28,2,1,3,49,90,1,1,0,0,0,0,0,0,1
23,7.73,88.61,79.15,66.74,1,0,1,48,67,0,0,1,0,1,0,0,0,0
20,6.28,81.89,70.5,53.87,2,0,4,88,55,0,1,0,1,0,0,0,0,0
23,8.36,81.55,86.48,53.29,0,0,4,53,93,1,1,0,0,0,0,0,1,0
24,9.79,87.85,63.07,87.96,1,1,3,99,75,1,0,1,0,0,0,0,1,0
24,8.85,61.35,53.9,80.77,2,1,5,78,84,1,0,1,0,0,1,0,0,0
20,8.02,83.08,67.23,85.76,3,0,0,57,79,0,1,0,0,1,0,0,0,0
21,9.95,69.61,64.96,84.26,4,1,0,81,74,1,1,0,1,0,0,0,0,0
21,6.33,53.49,83.78,56.72,4,1,0,99,63,0,0,1,0,0,0,0,0,1
23,5.31,60.11,77.57,57.58,1,0,4,98,74,0,1,0,0,0,0,0,0,1
23,5.16,89.7,56.91,62.62,3,0,2,64,69,0,0,1,0,0,0,1,0,0
23,8.55,94.8,95.43,69.96,3,0,0,75,76,0,0,1,0,0,1,0,0,0
21,9.15,64.14,79.67,96.96,2,1,2,70,50,1,1,0,1,0,0,0,0,0
22,8.18,59.52,72.88,83.69,1,1,3,85,84,1,1,0,1,0,0,0,0,0
24,9.53,51.34,96.86,62.76,3,0,4,74,73,1,1,0,0,0,0,0,0,1
22,8.49,97.38,54.87,52.8,2,0,5,99,77,1,1,0,0,0,0,1,0,0
22,6.85,84.19,89.48,84.21,3,0,0,100,78,0,0,1,0,0,0,0,0,1
21,5.91,97.85,68.23,81.27,1,0,4,66,63,0,1,0,0,0,0,1,0,0
22,9.62,93.19,84.77,83.79,3,0,3,94,68,1,0,1,0,0,0,0,1,0
20,5.52,67.02,96.54,63.06,3,1,4,61,43,0,0,1,1,0,0,0,0,0
23,7.71,55.63,75.89,75.85,3,1,1,50,80,0,0,1,0,0,0,0,1,0
20,6.57,74.95,51.13,68.09,4,1,0,49,89,0,0,1,0,0,0,0,0,1
24,6.36,51.34,51.44,90.88,0,0,4,47,69,0,0,1,0,0,1,0,0,0
23,8.23,57.5,66.53,53.47,1,1,5,80,53,1,0,1,0,1,0,0,0,0
22,6.16,61.67,89.08,63.77,4,1,4,67,63,0,0,1,0,0,1,0,0,0
24,9.58,83.28,64.41,80.15,0,0,4,62,77,1,0,1,0,0,1,0,0,0
23,7.03,75.49,66.72,60.26,3,1,3,45,91,0,1,0,0,1,0,0,0,0
22,8.39,65.12,89.22,83.64,3,1,0,53,73,0,0,1,1,0,0,0,0,0
20,8.64,78.24,55.81,56.84,4,0,5,99,75,1,0,1,0,0,0,0,1,0
23,8.41,56.26,92.34,51.14,2,0,0,63,54,0,1,0,0,0,0,0,1,0
22,9.52,87.79,63.29,93.17,1,0,1,48,74,1,1,0,1,0,0,0,0,0
20,6.16,85.6,52.56,66.67,0,0,1,85,68,0,1,0,0,1,0,0,0,0
24,5.43,60.83,55.87,57.84,3,1,4,79,75,0,0,1,0,0,0,1,0,0
24,5.28,80.32,97.63,58.64,1,0,0,77,43,0,1,0,0,0,1,0,0,0
24,9.39,75.17,72.57,94.29,3,0,0,95,54,0,0,1,0,0,0,0,0,1
24,9.87,53.04,62.82,82.72,3,1,4,64,50,1,0,1,0,0,0,0,1,0
21,6.51,63.91,76.06,97.82,3,0,2,77,94,0,0,1,1,0,0,0,0,0
23,8.47,99.97,84.12,90.0,1,1,0,69,88,1,1,0,0,0,0,0,0,1
23,5.04,54.98,65.94,88.38,4,1,4,61,54,0,0,1,0,1,0,0,0,0
21,5.94,75.32,86.26,74.99,1,0,4,41,96,0,0,1,0,0,0,0,0,1
22,8.45,92.47,62.61,91.04,1,1,2,64,60,1,0,1,0,0,0,0,0,1
22,5.33,65.03,55.62,70.63,2,1,1,63,74,0,1,0,0,0,1,0,0,0
24,7.34,63.04,77.49,91.35,2,1,5,76,62,1,1,0,0,1,0,0,0,0
20,8.31,94.54,57.56,87.89,4,1,4,97,94,1,0,1,0,0,0,0,0,1
22,8.83,65.24,97.02,83.92,2,0,0,42,95,1,1,0,0,0,0,0,1,0
20,7.27,82.57,50.02,66.49,4,0,1,96,49,0,0,1,0,1,0,0,0,0
23,8.15,87.02,87.78,81.54,3,0,1,82,43,0,1,0,0,0,0,0,1,0
20,7.7,89.43,63.97,75.34,3,1,1,65,84,0,0,1,1,0,0,0,0,0
23,5.26,99.74,92.3,73.08,1,0,4,69,64,0,1,0,1,0,0,0,0,0
21,8.71,90.16,53.01,99.51,3,1,0,68,41,0,0,1,0,0,0,1,0,0
21,5.86,82.85,97.65,75.22,2,1,5,46,77,1,1,0,1,0,0,0,0,0
24,5.16,94.77,55.07,51.6,0,1,2,100,58,0,0,1,0,0,0,0,0,1
22,7.26,95.29,89.39,81.32,1,1,3,48,63,1,0,1,0,1,0,0,0,0
24,9.33,98.66,75.87,86.4,4,0,3,84,47,1,0,1,1,0,0,0,0,0
23,5.75,88.82,71.52,94.26,3,0,1,69,45,0,0,1,0,0,0,0,1,0
24,5.06,59.75,64.01,81.63,1,0,3,55,59,0,0,1,0,0,0,0,0,1
20,5.55,85.49,92.07,50.97,1,0,3,94,53,0,1,0,1,0,0,0,0,0
23,6.82,53.76,59.99,55.99,1,1,4,83,79,1,0,1,0,0,1,0,0,0
21,7.9,65.9,86.06,58.06,3,0,2,79,45,0,1,0,0,0,0,0,1,0
22,5.97,55.79,72.29,60.56,4,0,3,53,51,0,1,0,0,0,0,0,1,0
23,9.01,97.5,99.92,89.99,1,0,5,65,80,1,1,0,0,0,0,1,0,0
23,8.77,66.94,80.57,65.49,1,1,5,85,46,1,1,0,0,0,1,0,0,0
20,8.48,85.66,55.21,65.62,1,0,2,76,96,1,1,0,0,0,0,1,0,0
22,7.44,78.57,70.98,87.78,3,0,3,97,84,0,0,1,1,0,0,0,0,0
21,6.83,55.38,53.31,70.62,2,1,5,49,69,0,1,0,0,0,1,0,0,0
23,6.88,78.07,64.28,53.23,4,0,1,69,55,0,0,1,0,0,0,0,1,0
23,7.52,83.05,67.17,79.26,1,1,1,61,47,1,1,0,0,0,0,1,0,0
20,5.39,94.08,92.66,56.5,1,1,5,99,53,1,1,0,0,0,0,0,0,1
24,8.41,53.5,91.9,78.58,1,0,2,95,87,1,0,1,0,0,1,0,0,0
21,6.76,64.78,50.58,88.98,3,1,2,69,59,0,0,1,0,0,0,0,1,0
22,6.12,84.62,76.61,96.47,2,0,2,71,67,0,0,1,0,1,0,0,0,0
23,6.39,51.72,61.18,53.35,1,1,2,53,45,0,1,0,0,0,1,0,0,0
23,5.9,60.18,66.0,65.2,1,1,0,62,69,0,1,0,0,0,1,0,0,0
21,9.51,60.93,51.08,82.62,3,0,1,56,94,0,0,1,1,0,0,0,0,0
24,5.85,83.47,87.49,65.77,4,1,3,97,43,0,1,0,0,0,0,0,0,1
23,9.41,64.3,97.53,72.55,4,0,0,75,75,0,1,0,1,0,0,0,0,0
21,7.86,79.98,60.96,51.0,2,0,2,68,97,0,0,1,0,0,1,0,0,0
20,9.34,98.27,67.09,84.67,4,0,3,63,42,1,0,1,0,0,1,0,0,0
24,7.37,89.66,60.32,94.16,1,0,1,86,49,0,1,0,0,0,0,0,0,1
22,9.64,66.65,96.5,98.84,3,0,2,50,77,1,1,0,0,0,0,0,0,1
23,6.06,73.62,50.47,91.53,1,0,4,80,66,0,1,0,0,0,0,1,0,0
21,7.77,60.03,79.19,51.59,1,0,2,54,57,0,0,1,0,0,0,0,1,0
20,5.63,50.79,93.54,82.59,2,0,3,61,84,0,0,1,0,0,0,0,1,0
22,7.24,64.49,59.32,74.78,4,1,1,66,50,0,0,1,0,0,0,1,0,0
21,7.85,68.47,79.5,96.89,4,1,2,91,75,1,0,1,0,0,0,0,1,0
21,8.03,78.22,52.53,95.11,4,0,1,73,79,0,0,1,0,0,1,0,0,0
22,6.83,97.2,90.73,99.4,1,0,0,99,74,1,1,0,0,0,0,1,0,0
20,5.38,97.39,63.72,93.1,3,0,4,96,83,0,0,1,0,0,0,1,0,0
20,8.28,53.5,99.44,77.34,3,1,5,72,52,1,1,0,0,0,0,0,1,0
24,7.44,80.73,96.1,85.75,1,0,5,60,95,1,0,1,0,1,0,0,0,0
23,5.68,52.12,86.63,98.23,0,0,0,63,94,0,1,0,0,0,0,0,1,0
22,9.68,82.4,74.84,78.91,1,1,5,59,62,1,0,1,1,0,0,0,0,0
22,9.78,55.89,88.33,92.0,4,0,4,88,82,1,0,1,0,1,0,0,0,0
22,9.28,97.32,56.53,97.11,1,0,0,43,48,1,0,1,0,0,0,1,0,0
20,9.22,93.22,65.51,78.53,0,0,1,76,43,1,1,0,0,1,0,0,0,0
23,5.49,51.12,51.34,57.96,1,1,1,76,82,0,1,0,0,0,1,0,0,0
24,9.97,89.11,82.25,57.78,4,0,0,99,79,1,0,1,0,0,0,0,0,1
21,7.0,81.79,90.28,55.77,2,1,3,85,89,1,0,1,0,1,0,0,0,0
21,5.82,74.77,97.31,73.82,3,0,0,72,70,0,1,0,1,0,0,0,0,0
22,9.06,80.13,84.33,74.01,0,1,2,70,42,1,0,1,0,0,0,0,0,1
23,6.13,83.91,86.6,80.87,2,0,3,73,75,0,0,1,0,0,1,0,0,0
20,7.63,94.22,94.77,74.14,3,1,1,61,96,1,1,0,1,0,0,0,0,0
23,5.64,88.37,96.82,98.65,2,0,0,81,56,0,1,0,0,0,0,0,0,1
23,7.37,78.77,74.56,64.57,1,0,3,69,55,0,0,1,0,0,1,0,0,0
20,7.79,91.23,55.49,93.69,1,0,2,44,78,1,0,1,0,0,0,0,0,1
22,7.23,99.35,73.32,55.02,3,1,4,80,41,1,1,0,0,0,0,0,0,1
23,5.35,65.01,77.8,80.1,3,1,1,84,44,0,0,1,0,0,0,0,1,0
21,7.42,55.92,81.58,82.42,1,1,3,62,72,1,0,1,1,0,0,0,0,0
20,7.34,86.57,99.46,88.61,1,1,5,100,93,1,1,0,1,0,0,0,0,0
24,6.31,98.93,95.88,75.15,3,1,3,92,52,0,1,0,0,1,0,0,0,0
22,9.61,55.84,69.82,59.86,3,0,5,52,51,1,0,1,1,0,0,0,0,0
20,7.09,71.59,55.67,68.45,3,0,3,99,58,0,1,0,1,0,0,0,0,0
24,9.32,53.11,60.74,63.61,4,1,0,99,100,0,1,0,0,0,0,0,0,1
24,5.55,88.83,58.69,70.96,4,1,1,48,61,0,0,1,0,0,0,1,0,0
23,6.59,97.44,67.8,76.5,1,0,1,53,79,0,1,0,0,0,0,0,1,0
23,5.88,74.95,93.82,81.25,4,1,0,56,47,0,0,1,0,1,0,0,0,0
23,7.04,70.48,71.9,92.26,0,0,0,74,83,0,0,1,0,0,0,0,1,0
20,5.56,95.39,78.36,95.5,1,1,5,57,43,1,1,0,0,1,0,0,0,0
20,7.21,56.67,58.96,73.13,0,1,5,51,46,1,0,1,0,0,1,0,0,0
22,6.77,94.58,74.64,54.43,2,1,5,94,99,1,0,1,0,0,0,0,0,1
23,6.12,69.61,93.68,89.85,0,1,0,80,87,1,0,1,1,0,0,0,0,0
24,8.21,77.97,88.67,73.86,2,0,2,55,61,0,0,1,1,0,0,0,0,0
21,9.75,76.41,54.06,77.32,0,1,3,69,57,1,1,0,0,0,0,1,0,0
22,6.04,80.8,93.1,79.79,2,0,2,52,45,0,1,0,0,0,0,0,1,0
20,8.56,97.11,63.69,83.39,2,1,1,99,89,1,1,0,0,0,0,0,1,0
22,8.71,97.56,83.29,94.51,1,0,0,57,100,1,0,1,0,0,0,0,1,0
22,7.49,91.56,57.32,97.61,3,0,3,51,43,0,0,1,1,0,0,0,0,0
22,9.49,59.58,83.73,97.01,3,0,5,93,92,1,0,1,0,0,0,0,1,0
22,9.83,66.68,51.79,90.47,1,1,4,73,80,1,0,1,0,0,0,0,0,1
21,6.81,74.39,80.03,94.46,2,0,3,90,84,1,0,1,0,1,0,0,0,0
23,8.26,95.27,82.3,52.48,3,0,4,72,90,1,1,0,1,0,0,0,0,0
24,8.31,76.04,62.22,92.46,3,1,3,45,51,1,1,0,0,0,0,0,0,1
22,7.02,98.87,96.85,53.61,0,0,0,57,87,0,1,0,0,0,1,0,0,0
22,6.58,99.19,52.3,87.31,4,0,4,42,76,0,0,1,0,0,0,0,0,1
22,9.67,79.93,94.59,58.47,1,1,4,93,41,1,1,0,0,0,0,0,0,1
23,8.95,93.87,69.09,68.01,4,0,1,45,42,0,0,1,0,0,1,0,0,0
20,5.57,99.96,85.7,59.21,2,1,3,75,84,0,0,1,0,0,0,0,0,1
20,5.6,92.49,82.58,72.17,0,1,2,88,60,1,1,0,0,1,0,0,0,0
21,9.61,82.85,58.41,70.59,3,0,5,94,78,1,1,0,1,0,0,0,0,0
20,5.41,92.26,65.95,52.4,0,0,2,89,52,0,0,1,0,0,0,1,0,0
22,8.44,54.13,76.48,91.52,1,1,1,61,87,1,0,1,0,0,1,0,0,0
22,6.13,81.74,92.33,92.71,2,0,1,46,93,0,0,1,1,0,0,0,0,0
22,5.18,60.83,97.74,89.38,0,0,1,69,53,0,1,0,0,0,0,0,1,0
21,5.3,55.8,51.03,92.38,0,0,0,41,69,0,0,1,0,1,0,0,0,0
22,6.87,94.64,67.63,87.54,0,1,0,71,57,1,1,0,0,0,0,1,0,0
20,5.39,81.98,83.41,96.87,3,1,0,54,52,0,0,1,0,1,0,0,0,0
23,7.98,62.18,76.39,78.82,2,0,0,61,53,0,0,1,0,1,0,0,0,0
23,8.24,69.34,97.15,79.13,3,0,1,88,80,0,0,1,0,0,0,0,1,0
24,6.87,98.66,50.85,93.0,0,0,1,77,79,1,0,1,0,0,0,1,0,0
20,8.71,93.11,71.89,67.47,3,0,0,47,96,0,0,1,0,1,0,0,0,0
22,7.45,50.78,83.44,52.5,3,1,0,47,64,0,1,0,0,0,0,0,1,0
23,7.15,98.99,60.88,87.49,1,0,4,78,76,1,1,0,0,0,1,0,0,0
20,7.03,68.43,86.29,62.73,4,1,3,75,66,0,1,0,0,0,0,0,1,0
23,7.16,84.77,54.06,73.71,4,1,4,59,62,0,1,0,0,0,0,0,0,1
22,9.84,85.63,72.55,62.02,1,1,3,76,46,1,1,0,1,0,0,0,0,0
23,8.41,95.58,83.81,91.35,1,0,0,47,87,1,1,0,0,0,0,0,1,0
24,6.58,94.25,63.34,97.91,3,1,0,53,49,0,1,0,0,0,0,0,1,0
24,8.67,64.09,53.69,52.75,3,1,5,59,64,1,0,1,0,0,0,0,1,0
23,6.65,82.18,97.85,61.67,2,1,0,96,96,0,0,1,0,1,0,0,0,0
20,5.63,69.69,95.69,59.48,4,1,4,74,93,0,0,1,0,0,0,1,0,0
20,7.38,76.28,96.32,83.66,3,0,1,64,74,0,0,1,0,0,0,0,1,0
20,8.76,77.73,98.93,71.43,2,0,3,57,63,1,0,1,0,0,0,0,1,0
23,6.89,69.82,59.23,72.81,4,1,5,93,88,1,1,0,0,0,0,0,0,1
20,9.35,73.19,57.89,57.85,2,1,4,86,81,1,0,1,0,0,0,0,0,1
22,6.93,60.42,51.71,70.74,2,0,5,60,50,0,0,1,0,0,1,0,0,0
24,6.75,80.38,94.59,65.16,1,0,0,76,59,0,0,1,0,0,1,0,0,0
22,9.99,87.95,87.64,80.56,0,0,1,86,49,1,0,1,0,0,0,0,0,1
20,7.41,71.49,81.66,60.86,0,1,4,98,89,1,0,1,0,0,0,1,0,0
22,9.03,98.88,96.38,80.74,0,0,3,70,60,1,0,1,0,0,1,0,0,0
20,9.02,52.86,78.75,68.89,2,0,5,45,67,1,0,1,1,0,0,0,0,0
23,9.63,79.46,56.49,67.31,3,0,5,81,67,1,0,1,1,0,0,0,0,0
22,5.42,79.18,58.84,65.28,0,1,5,94,94,1,1,0,0,0,0,1,0,0
23,6.36,51.81,56.61,83.69,3,1,0,91,66,0,1,0,0,0,0,0,0,1
23,8.84,61.23,65.38,78.12,4,0,3,86,72,0,0,1,0,0,1,0,0,0
21,7.81,95.28,68.97,92.59,0,1,5,59,43,1,0,1,0,0,0,0,1,0
20,7.8,77.23,89.84,62.08,2,1,0,67,74,0,0,1,0,0,0,0,0,1
24,5.83,71.82,59.56,52.01,1,0,0,80,59,0,1,0,0,0,1,0,0,0
20,6.41,70.77,86.27,59.1,2,0,2,75,45,0,0,1,0,0,0,1,0,0
24,7.61,94.41,74.56,67.17,3,0,3,79,97,1,0,1,1,0,0,0,0,0
20,6.39,68.35,99.98,58.98,4,0,1,65,45,0,1,0,0,0,0,1,0,0
23,6.05,92.96,88.83,54.18,2,0,0,52,99,0,0,1,0,0,1,0,0,0
22,5.44,65.46,98.45,72.27,1,0,1,88,56,0,0,1,0,0,0,1,0,0
22,5.78,76.58,67.12,83.85,1,0,4,43,58,0,0,1,0,0,1,0,0,0
21,8.84,57.19,56.15,87.58,4,0,0,73,88,0,1,0,0,0,1,0,0,0
24,8.59,91.25,75.29,69.94,0,0,5,98,100,1,1,0,0,0,0,1,0,0
24,5.23,86.8,56.21,73.9,2,1,0,97,56,0,1,0,0,1,0,0,0,0
24,6.02,76.5,74.62,87.77,2,0,5,76,88,1,0,1,0,0,0,0,1,0
23,7.8,51.3,63.5,67.64,1,1,0,73,42,0,0,1,0,0,0,0,0,1
24,6.61,74.06,74.55,89.24,3,0,5,55,85,0,1,0,1,0,0,0,0,0
22,9.12,61.26,97.48,98.37,2,1,1,62,73,1,1,0,0,0,0,0,1,0
23,8.92,70.67,64.45,94.02,1,0,2,97,99,1,0,1,0,0,0,0,0,1
20,9.46,92.82,99.67,72.68,3,1,3,62,43,1,1,0,0,0,0,0,0,1
24,7.81,88.48,61.47,78.98,0,0,0,54,62,0,0,1,1,0,0,0,0,0
24,6.76,62.1,60.41,85.82,0,1,3,64,98,1,0,1,0,0,0,0,1,0
20,8.03,99.25,77.24,67.47,1,1,5,68,98,1,1,0,1,0,0,0,0,0
24,5.45,95.16,92.1,89.96,1,0,3,75,57,0,0,1,0,0,1,0,0,0
20,5.05,76.43,87.48,71.85,0,1,5,54,73,1,1,0,1,0,0,0,0,0
23,5.09,76.51,86.18,92.34,1,1,3,76,68,0,0,1,0,0,0,1,0,0
22,7.04,95.06,64.13,62.74,4,0,5,74,99,0,0,1,0,1,0,0,0,0
20,6.14,81.81,51.13,50.57,2,0,1,85,83,0,1,0,0,1,0,0,0,0
21,5.79,76.83,58.09,81.63,4,1,5,78,54,0,1,0,0,1,0,0,0,0
20,8.08,87.46,67.47,72.59,3,1,3,86,84,1,0,1,0,0,0,0,1,0
24,9.98,61.75,98.58,52.99,1,0,4,76,50,1,0,1,0,0,0,0,1,0
23,5.89,93.92,95.99,74.38,1,1,5,80,78,1,1,0,0,0,1,0,0,0
23,7.73,76.57,60.03,58.43,3,1,1,67,99,0,0,1,0,1,0,0,0,0
20,5.6,80.17,86.28,81.49,2,0,1,84,48,0,1,0,0,0,1,0,0,0
22,9.67,54.5,78.95,72.25,0,1,4,69,98,1,1,0,0,1,0,0,0,0
21,6.46,65.48,52.49,58.56,4,0,2,46,86,0,0,1,0,0,0,0,1,0
23,9.39,71.34,68.59,70.6,2,0,2,43,74,1,0,1,0,0,0,1,0,0
24,6.42,70.7,74.3,61.64,0,0,5,46,49,0,0,1,0,0,0,1,0,0
24,9.03,88.91,83.38,82.65,0,0,0,72,79,1,1,0,0,0,0,1,0,0
22,6.05,64.12,64.75,64.76,1,0,2,86,77,0,0,1,1,0,0,0,0,0
23,6.46,59.11,96.69,91.1,3,0,0,86,68,0,0,1,0,0,0,1,0,0
20,5.96,79.13,72.59,50.71,1,0,3,57,85,0,0,1,0,0,0,0,0,1
24,6.32,80.75,62.43,70.17,3,1,0,54,45,0,1,0,0,1,0,0,0,0
22,9.17,56.08,65.82,80.85,1,1,2,74,58,1,0,1,0,0,0,1,0,0
23,8.2,50.12,87.59,51.13,4,0,0,76,65,0,0,1,0,0,0,0,0,1
23,7.03,95.88,82.01,60.79,1,1,1,99,48,1,1,0,0,0,0,0,0,1
23,9.86,53.98,87.11,66.37,4,1,2,44,80,1,1,0,0,0,0,0,0,1
23,7.32,94.89,64.62,51.09,2,0,0,87,91,0,1,0,0,0,1,0,0,0
23,9.85,69.96,66.34,77.33,2,0,2,62,87,1,0,1,0,0,1,0,0,0
24,5.98,82.65,69.84,81.54,1,1,4,96,84,1,0,1,0,0,0,0,0,1
22,9.52,59.28,59.43,61.38,2,1,2,49,52,1,1,0,1,0,0,0,0,0
23,5.07,91.2,84.55,77.17,0,1,4,64,65,1,0,1,0,0,0,1,0,0
21,7.73,59.01,66.47,99.96,4,0,0,61,83,0,1,0,0,1,0,0,0,0
21,7.12,69.33,66.31,94.35,3,0,4,70,93,0,1,0,1,0,0,0,0,0
22,7.63,61.9,63.47,52.93,4,1,2,62,92,0,0,1,0,0,0,0,1,0
20,7.77,91.88,72.64,56.39,1,0,1,67,59,0,1,0,0,0,1,0,0,0
20,6.95,92.92,88.6,74.72,2,1,4,84,41,1,1,0,0,0,0,1,0,0
20,9.99,68.6,91.78,62.26,2,0,2,54,43,1,0,1,0,0,0,1,0,0
21,9.88,65.37,90.23,54.05,0,1,1,79,46,1,0,1,0,0,0,0,1,0
20,9.81,88.68,81.06,62.73,2,0,3,91,58,1,0,1,0,0,0,0,1,0
24,9.9,93.93,64.02,53.06,1,1,5,46,74,1,0,1,0,0,0,1,0,0
23,8.97,81.2,86.74,76.5,1,1,4,85,50,1,0,1,0,0,0,0,1,0
21,9.94,96.37,51.97,74.51,3,1,4,77,58,1,1,0,0,0,0,1,0,0
22,9.46,69.15,89.91,50.32,4,1,0,79,71,0,1,0,1,0,0,0,0,0
22,7.08,57.59,89.01,74.13,4,0,3,54,96,0,0,1,0,0,0,0,1,0
23,8.92,58.98,83.5,75.99,4,0,0,88,53,0,0,1,1,0,0,0,0,0
21,9.56,83.49,54.9,80.29,3,0,0,44,88,0,1,0,1,0,0,0,0,0
20,8.56,70.38,99.87,98.5,3,1,2,51,44,1,0,1,0,0,0,0,1,0
20,7.11,57.82,87.82,99.13,3,1,0,52,64,0,1,0,0,0,0,1,0,0
24,5.33,64.61,86.74,76.35,0,1,4,42,53,0,0,1,0,0,0,0,0,1
24,9.05,76.53,53.2,92.26,3,1,0,96,78,1,0,1,0,0,0,1,0,0
20,9.76,56.07,69.94,54.26,2,1,1,96,51,1,0,1,0,1,0,0,0,0
22,6.81,50.17,54.31,76.56,0,0,4,58,99,1,1,0,0,0,0,0,1,0
22,5.76,95.86,68.05,83.95,2,1,5,65,88,1,0,1,0,0,1,0,0,0
24,6.63,65.24,78.52,78.24,4,0,2,69,59,0,1,0,0,0,0,0,1,0
23,7.91,61.07,93.94,61.54,1,0,0,67,93,0,0,1,0,1,0,0,0,0
20,6.58,84.92,64.15,53.13,4,1,1,54,92,0,0,1,1,0,0,0,0,0
24,8.05,92.67,81.17,69.33,3,0,5,57,57,1,0,1,0,0,1,0,0,0
24,9.83,81.61,58.23,82.38,1,1,1,92,40,1,1,0,0,0,1,0,0,0
20,8.35,62.72,67.7,99.59,4,1,4,91,82,1,1,0,0,0,0,1,0,0
20,6.81,93.08,97.36,61.83,0,1,0,46,43,0,0,1,0,0,0,0,0,1
22,9.68,75.52,87.38,95.89,3,0,1,99,51,1,0,1,0,0,0,1,0,0
23,7.83,69.06,77.29,53.41,4,1,0,53,65,0,0,1,0,0,1,0,0,0
23,5.64,80.24,62.58,96.55,1,0,4,63,71,0,0,1,0,0,1,0,0,0
20,7.49,85.03,68.99,91.62,2,1,3,91,76,1,0,1,0,0,0,0,0,1
21,8.27,79.69,57.83,51.05,4,1,1,90,54,0,1,0,0,0,0,0,1,0
24,9.19,96.01,67.67,64.91,0,1,2,96,91,1,1,0,0,0,0,0,0,1
24,9.68,81.4,57.53,52.55,1,0,0,63,74,1,0,1,1,0,0,0,0,0
20,6.59,93.93,89.77,99.78,4,0,5,50,65,0,0,1,0,0,0,1,0,0
21,5.78,79.35,54.04,71.39,2,0,4,98,54,0,1,0,0,0,0,0,1,0
22,5.37,66.48,59.47,83.11,3,1,4,78,47,0,1,0,0,0,0,1,0,0
20,8.69,76.61,84.56,61.71,3,1,5,82,67,1,0,1,0,0,0,0,0,1
20,8.98,54.32,95.13,96.69,3,0,2,79,69,1,0,1,0,0,0,0,1,0
24,7.05,61.51,98.23,63.71,1,1,3,95,93,1,0,1,0,0,0,0,0,1
20,6.98,88.31,91.8,63.01,2,1,0,49,82,0,0,1,1,0,0,0,0,0
20,9.77,83.07,60.57,65.73,2,1,3,95,83,1,0,1,0,1,0,0,0,0
20,9.58,58.33,64.29,73.12,4,0,4,82,42,1,0,1,0,0,1,0,0,0
24,6.17,71.9,93.54,50.93,3,0,1,72,45,0,1,0,0,0,0,0,1,0
22,8.9,57.1,94.47,79.89,1,1,3,59,70,1,0,1,0,0,1,0,0,0
22,8.11,92.79,82.03,51.58,3,0,1,81,65,0,0,1,0,1,0,0,0,0
20,5.77,55.46,65.68,76.96,3,0,2,78,47,0,0,1,0,0,0,0,1,0
24,6.78,82.71,61.2,72.89,4,1,4,61,78,0,1,0,0,0,1,0,0,0
22,5.89,80.35,92.61,62.13,4,1,1,74,68,0,1,0,0,0,1,0,0,0
22,6.48,73.64,60.26,66.49,4,0,0,90,56,0,0,1,0,0,0,0,1,0
22,8.08,63.91,83.09,85.28,0,0,4,67,55,1,0,1,0,0,1,0,0,0
24,6.88,70.2,98.4,50.48,0,1,2,75,93,1,1,0,0,0,1,0,0,0
24,6.97,90.32,85.26,65.83,1,0,0,69,88,0,0,1,0,0,0,0,1,0
20,7.7,88.08,62.88,84.01,1,0,4,97,84,1,0,1,0,0,1,0,0,0
23,5.44,86.94,64.13,57.61,4,0,3,45,43,0,0,1,0,0,1,0,0,0
22,8.69,87.49,54.64,78.02,2,1,5,40,49,1,0,1,0,0,0,1,0,0
23,7.01,57.19,84.31,58.45,1,1,4,97,55,1,0,1,1,0,0,0,0,0
24,7.4,54.95,75.92,57.74,0,0,0,43,58,0,1,0,0,0,0,1,0,0
24,9.87,93.07,60.32,88.61,0,0,1,64,78,1,1,0,0,1,0,0,0,0
24,6.72,91.86,61.38,63.33,3,1,1,78,89,0,0,1,0,0,0,1,0,0
23,8.24,84.07,50.45,68.79,4,0,4,50,52,0,1,0,0,0,0,1,0,0
24,6.96,80.3,98.92,86.5,2,0,4,77,99,1,0,1,0,1,0,0,0,0
20,9.47,68.34,91.4,58.98,4,0,2,98,43,0,0,1,0,0,1,0,0,0
24,9.23,61.2,69.71,76.59,0,1,3,76,71,1,1,0,0,0,1,0,0,0
21,6.21,83.38,97.3,95.89,2,0,2,51,92,0,1,0,0,0,0,1,0,0
23,8.46,95.65,83.86,77.69,1,0,5,68,57,1,0,1,0,1,0,0,0,0
21,5.33,71.85,87.57,52.44,3,1,2,73,55,0,0,1,0,0,1,0,0,0
24,9.82,65.16,84.0,79.48,0,1,1,57,64,1,1,0,0,0,0,0,0,1
20,6.74,63.54,87.84,54.51,3,1,1,93,89,0,1,0,0,0,0,0,1,0
22,9.16,51.19,58.55,64.11,4,0,0,48,55,0,1,0,0,0,0,0,1,0
24,6.59,76.02,78.12,92.48,2,1,5,85,61,1,0,1,1,0,0,0,0,0
20,8.16,99.41,92.47,50.55,4,0,5,51,99,1,0,1,0,0,0,0,1,0
23,9.92,90.76,50.98,53.85,3,0,2,48,63,1,0,1,0,0,0,1,0,0
21,9.38,94.87,56.17,68.17,0,0,0,40,67,1,0,1,0,0,0,0,1,0
21,5.8,81.06,62.28,99.97,3,0,4,46,62,0,1,0,0,0,0,0,1,0
21,7.74,74.07,64.74,64.59,0,0,0,78,93,0,0,1,0,0,0,0,0,1
23,6.74,99.52,59.14,57.86,3,1,1,81,95,0,0,1,0,0,1,0,0,0
20,7.17,72.36,81.22,77.47,4,0,2,73,60,0,1,0,0,0,0,0,0,1
23,6.68,95.84,64.7,75.96,3,1,1,71,97,0,0,1,0,0,0,1,0,0
21,6.68,88.09,57.9,72.48,1,1,4,67,48,1,0,1,0,0,0,0,1,0
24,7.71,66.55,95.29,97.33,4,1,3,65,41,0,1,0,0,0,1,0,0,0
22,5.96,75.15,84.75,64.01,3,0,5,75,77,0,1,0,1,0,0,0,0,0
23,7.69,69.22,62.3,64.67,3,1,2,100,67,0,1,0,1,0,0,0,0,0
23,6.39,56.81,68.05,57.01,2,0,1,79,65,0,0,1,0,0,0,0,1,0
20,6.44,67.84,87.04,84.86,4,0,3,93,99,0,1,0,0,0,0,0,1,0
20,8.69,94.45,89.55,66.07,2,1,4,98,99,1,1,0,1,0,0,0,0,0
23,5.15,87.63,58.82,90.14,4,0,3,53,66,0,0,1,1,0,0,0,0,0
21,6.9,63.88,96.83,98.59,0,0,1,84,94,1,0,1,0,0,0,1,0,0
22,7.04,68.4,89.26,52.18,4,1,1,70,64,0,1,0,0,0,0,0,1,0
20,7.43,80.82,92.84,99.66,4,0,4,55,60,0,0,1,1,0,0,0,0,0
21,8.35,70.81,57.19,62.71,3,0,4,78,77,1,1,0,0,1,0,0,0,0
24,6.85,75.15,57.17,71.01,1,1,3,81,64,1,0,1,1,0,0,0,0,0
20,6.07,84.91,65.27,88.89,4,1,3,50,97,0,0,1,0,0,1,0,0,0
21,9.42,73.36,53.23,83.27,2,0,5,50,77,1,0,1,0,0,1,0,0,0
21,9.91,59.55,54.55,88.92,1,0,5,77,85,1,1,0,0,1,0,0,0,0
22,5.1,76.03,57.16,73.32,4,1,1,96,50,0,0,1,0,0,0,1,0,0
22,7.73,67.81,85.62,95.8,1,1,4,98,67,1,0,1,0,0,0,0,1,0
24,6.71,64.54,51.51,89.5,0,0,0,51,88,0,1,0,0,0,0,0,1,0
21,6.38,66.41,54.16,65.46,1,1,4,81,75,1,1,0,1,0,0,0,0,0
21,6.68,71.95,97.21,97.42,0,0,2,97,43,1,1,0,0,0,1,0,0,0
22,8.19,94.33,54.18,98.05,1,0,2,48,58,1,0,1,0,0,0,1,0,0
20,5.95,86.7,76.87,70.75,1,0,4,61,63,0,0,1,0,0,0,1,0,0
20,9.56,83.39,82.13,82.6,2,1,3,77,61,1,1,0,0,0,0,1,0,0
23,7.33,73.56,97.93,90.74,2,0,2,48,94,0,1,0,1,0,0,0,0,0
22,6.63,50.09,94.99,90.87,3,1,5,97,87,1,0,1,0,0,0,0,1,0
23,8.83,67.03,72.03,50.71,1,1,1,96,64,1,0,1,0,0,0,1,0,0
22,5.08,90.66,97.11,81.45,0,0,1,42,47,0,1,0,1,0,0,0,0,0
24,7.16,69.41,71.61,98.68,1,0,1,78,90,0,0,1,1,0,0,0,0,0
21,6.78,78.19,83.5,61.57,4,0,5,74,59,0,1,0,0,1,0,0,0,0
24,6.69,60.24,62.98,89.78,0,0,4,91,40,1,0,1,0,0,0,0,0,1
22,6.69,95.79,81.83,76.71,4,1,2,69,43,0,0,1,0,0,0,1,0,0
21,5.16,96.16,76.91,61.07,3,1,3,96,51,0,1,0,0,0,0,0,0,1
20,5.76,57.3,80.34,52.55,4,0,5,65,64,0,0,1,0,0,0,0,1,0
20,5.71,86.21,84.13,88.0,3,1,5,47,60,0,0,1,1,0,0,0,0,0
23,9.94,53.76,58.67,65.82,3,0,1,93,58,0,0,1,0,0,0,1,0,0
22,5.11,79.93,65.06,68.78,3,0,5,71,73,0,0,1,0,0,1,0,0,0
22,5.84,58.93,86.81,74.26,4,0,5,61,45,0,1,0,0,0,0,0,1,0
20,9.87,57.29,58.19,75.36,3,0,3,47,91,1,1,0,0,1,0,0,0,0
24,8.14,50.21,67.21,60.31,3,1,5,84,93,1,1,0,0,1,0,0,0,0
21,7.25,97.04,83.32,83.53,2,1,1,41,74,1,0,1,0,0,0,0,0,1
24,5.39,91.46,96.88,84.63,1,1,5,53,42,1,0,1,1,0,0,0,0,0
24,8.35,53.87,53.77,57.12,3,1,4,44,72,0,0,1,0,0,0,0,0,1
20,5.69,79.97,75.83,76.65,0,1,1,52,48,0,1,0,0,0,1,0,0,0
20,8.36,61.64,54.1,80.46,0,1,4,62,46,1,1,0,0,0,1,0,0,0
20,9.9,63.2,68.96,59.31,2,0,2,99,80,1,1,0,0,1,0,0,0,0
23,7.66,93.71,58.77,94.72,4,1,2,52,66,0,0,1,0,0,0,1,0,0
24,6.07,55.72,82.47,74.14,4,0,3,58,40,0,0,1,0,1,0,0,0,0
22,8.13,80.07,87.89,55.75,4,1,5,63,79,1,0,1,0,1,0,0,0,0
21,7.56,70.06,62.37,66.72,3,1,1,74,57,0,0,1,0,0,1,0,0,0
23,7.67,59.54,85.64,73.85,4,1,2,53,74,0,0,1,0,0,0,0,0,1
22,7.39,72.6,72.34,50.51,4,1,5,43,56,0,1,0,0,0,1,0,0,0
24,8.37,97.02,64.18,51.6,1,0,0,65,78,0,0,1,1,0,0,0,0,0
20,7.86,89.08,76.17,52.78,3,0,0,49,99,0,0,1,0,0,1,0,0,0
24,9.93,56.61,68.98,76.91,3,0,3,77,50,1,0,1,0,0,1,0,0,0
21,9.13,92.47,61.5,66.8,0,0,5,77,76,1,1,0,0,1,0,0,0,0
23,6.32,96.87,87.84,94.66,0,0,2,73,84,1,1,0,0,0,0,1,0,0
23,8.63,63.85,89.88,77.96,1,0,4,73,50,1,1,0,0,1,0,0,0,0
21,6.07,66.67,90.02,87.99,2,0,5,58,42,0,1,0,0,0,0,0,1,0
22,8.91,56.32,69.11,84.36,3,1,0,42,52,0,0,1,0,0,1,0,0,0
22,5.74,67.25,58.48,76.02,0,0,5,91,91,1,1,0,0,0,1,0,0,0
23,7.37,83.66,92.02,87.24,4,0,2,75,99,0,0,1,0,0,0,0,1,0
23,8.95,63.61,66.46,77.24,3,0,4,43,67,1,0,1,0,0,1,0,0,0
20,6.4,50.34,87.4,69.27,3,0,1,97,97,0,1,0,0,0,1,0,0,0
22,9.19,66.93,90.87,71.79,3,1,5,65,77,1,1,0,1,0,0,0,0,0
21,8.22,72.66,88.41,91.93,0,0,2,50,93,1,0,1,0,0,1,0,0,0
22,6.99,78.32,69.49,78.16,1,0,1,42,86,0,0,1,0,0,0,0,1,0
20,7.12,84.19,96.9,68.86,0,0,0,88,73,0,0,1,0,1,0,0,0,0
23,9.63,53.09,83.01,58.99,4,0,1,48,94,0,0,1,0,0,1,0,0,0
23,6.09,73.49,78.79,74.77,4,1,0,85,67,0,0,1,0,0,0,1,0,0
20,8.47,63.32,84.9,62.62,2,1,3,41,100,1,0,1,0,0,0,0,1,0
21,8.54,97.4,52.24,97.78,0,0,3,53,41,1,0,1,0,0,0,0,0,1
23,9.61,67.99,69.53,74.55,0,1,0,42,96,1,1,0,1,0,0,0,0,0
24,8.57,55.01,94.06,50.45,2,0,4,41,85,1,0,1,0,0,0,0,1,0
23,7.92,52.07,58.05,54.64,2,0,3,61,41,0,0,1,0,1,0,0,0,0
24,9.51,63.27,70.72,64.22,3,1,4,93,76,1,0,1,0,0,0,0,1,0
20,9.15,58.94,70.26,54.61,3,1,4,68,55,1,1,0,0,0,0,0,0,1
20,8.58,82.49,67.8,94.7,4,0,4,72,47,1,0,1,1,0,0,0,0,0
23,5.16,92.35,78.12,92.72,1,1,2,75,79,0,0,1,0,0,0,1,0,0
22,6.87,65.63,99.81,98.54,4,1,5,49,100,1,0,1,0,0,0,0,0,1
24,8.16,78.89,62.79,85.32,0,0,2,86,50,1,1,0,0,0,0,0,1,0
21,7.61,86.52,85.25,82.27,1,0,5,92,84,1,1,0,0,0,0,0,0,1
23,6.6,69.92,87.9,96.17,3,0,5,83,54,0,1,0,0,0,0,0,1,0
21,5.72,53.32,79.22,97.32,2,0,4,77,43,0,1,0,0,0,0,1,0,0
23,7.76,61.46,54.87,93.87,2,0,0,60,62,0,1,0,0,0,0,1,0,0
22,6.43,94.15,78.62,93.07,4,0,5,70,47,0,1,0,0,1,0,0,0,0
22,6.17,91.22,97.67,83.59,0,0,3,74,55,1,0,1,0,0,0,1,0,0
22,6.99,54.33,67.1,50.08,0,0,1,42,55,0,0,1,0,0,1,0,0,0
22,8.93,61.2,81.98,71.48,2,1,2,58,63,1,1,0,0,0,0,0,0,1
20,7.44,88.46,97.97,81.78,4,1,2,61,92,1,0,1,0,0,0,0,0,1
20,6.08,74.29,89.9,77.36,4,0,1,59,49,0,0,1,0,0,0,0,1,0
24,5.58,88.0,84.42,91.06,3,1,4,75,73,0,1,0,0,0,0,1,0,0
21,7.49,60.55,98.56,90.95,3,1,5,58,57,1,0,1,0,1,0,0,0,0
23,8.97,97.63,58.53,79.93,3,0,1,85,92,1,1,0,0,1,0,0,0,0
23,8.26,89.18,88.64,51.1,1,1,4,43,55,1,1,0,0,1,0,0,0,0
20,6.16,59.87,70.34,68.47,4,1,2,71,75,0,0,1,1,0,0,0,0,0
23,7.18,77.92,68.02,61.44,4,1,1,47,91,0,1,0,0,0,1,0,0,0
20,9.28,55.65,76.03,66.94,3,0,5,90,90,1,0,1,0,0,0,1,0,0
24,5.89,68.07,51.69,80.86,2,0,0,65,96,0,0,1,0,1,0,0,0,0
21,7.66,82.98,65.63,53.32,3,0,3,90,47,0,0,1,0,0,1,0,0,0
24,6.78,66.51,58.31,51.11,1,0,3,93,59,0,1,0,0,0,0,0,0,1
22,5.62,82.84,56.93,71.84,2,0,3,40,62,0,1,0,0,0,0,0,1,0
22,5.25,62.24,66.87,89.68,4,0,1,65,79,0,0,1,0,0,0,1,0,0
22,7.78,86.06,90.11,51.53,1,1,5,93,53,1,1,0,0,0,0,1,0,0
24,5.1,67.98,60.06,92.45,1,0,4,86,55,0,0,1,1,0,0,0,0,0
23,5.52,89.52,76.57,69.19,2,1,5,82,77,1,1,0,0,0,0,0,0,1
21,6.74,56.83,87.43,55.91,3,1,5,48,57,0,0,1,0,0,0,1,0,0
22,5.22,68.1,62.05,78.37,3,0,2,74,79,0,1,0,1,0,0,0,0,0
22,7.0,73.2,96.21,97.62,0,1,3,57,90,1,0,1,1,0,0,0,0,0
22,5.65,71.19,93.32,77.13,2,0,1,58,69,0,0,1,1,0,0,0,0,0
21,6.75,71.65,62.56,84.33,3,1,3,87,75,0,0,1,0,0,0,1,0,0
22,8.96,72.24,99.48,90.82,1,1,5,55,75,1,1,0,0,0,0,1,0,0
21,8.13,99.44,83.46,89.97,3,1,4,67,78,1,0,1,0,0,0,1,0,0
22,7.23,59.66,64.31,53.66,3,0,0,42,79,0,1,0,0,0,1,0,0,0
24,5.46,88.43,84.05,87.05,1,0,0,57,80,0,0,1,1,0,0,0,0,0
24,8.1,77.59,83.31,97.47,2,0,5,52,40,1,0,1,0,0,1,0,0,0
21,5.82,70.68,80.31,85.03,0,0,2,66,56,0,0,1,0,0,0,0,1,0
24,5.38,81.68,85.58,91.82,3,0,0,91,67,0,1,0,0,0,0,1,0,0
21,8.32,92.68,63.42,74.28,3,1,0,79,46,0,0,1,0,0,0,0,0,1
24,9.56,73.33,98.95,65.95,3,0,1,78,59,1,1,0,0,1,0,0,0,0
24,7.3,93.24,92.89,83.81,2,0,1,97,81,1,1,0,0,0,0,0,1,0
21,5.2,54.69,87.29,74.61,1,0,2,96,63,0,1,0,0,1,0,0,0,0
23,9.4,82.65,51.32,94.76,1,1,5,63,92,1,0,1,0,1,0,0,0,0
24,5.33,66.66,79.52,98.72,1,0,2,68,40,0,1,0,0,0,0,1,0,0
22,9.34,69.34,85.32,90.99,1,1,5,94,57,1,1,0,0,0,0,0,0,1
23,6.96,78.55,92.7,99.63,1,0,1,61,65,0,0,1,0,1,0,0,0,0
21,6.83,74.0,97.31,67.42,1,0,0,90,53,0,1,0,1,0,0,0,0,0
23,7.71,69.09,95.79,94.79,3,1,5,65,58,1,0,1,0,1,0,0,0,0
20,9.79,65.42,70.3,66.5,3,1,4,59,57,1,0,1,0,0,0,0,1,0
20,9.49,80.92,94.83,55.9,1,0,0,63,96,1,0,1,0,0,0,0,0,1
24,7.35,75.28,50.04,81.07,1,0,0,51,84,0,0,1,0,0,0,0,0,1
24,8.48,66.17,67.57,72.75,2,0,4,57,46,1,0,1,0,1,0,0,0,0
22,7.9,60.25,55.69,96.08,2,0,2,86,41,0,0,1,0,0,0,0,0,1
23,8.47,88.72,94.15,74.61,4,0,1,51,46,0,1,0,0,0,0,0,1,0
20,9.15,89.99,96.4,96.38,3,1,2,77,67,1,0,1,0,0,0,0,1,0
24,5.17,60.69,62.8,53.93,1,0,2,71,67,0,0,1,0,0,0,0,1,0
23,6.63,63.08,68.37,91.53,3,0,2,100,81,0,0,1,1,0,0,0,0,0
24,9.8,61.96,99.19,87.96,4,1,1,88,56,1,1,0,0,0,0,1,0,0
24,9.75,94.23,78.3,86.0,2,1,2,62,69,1,1,0,0,1,0,0,0,0
20,5.06,88.71,74.85,67.76,4,1,2,43,60,0,1,0,0,0,0,0,0,1
20,6.01,53.73,75.02,89.19,0,1,3,51,76,1,1,0,0,0,0,0,1,0
24,9.97,91.63,84.81,74.16,2,0,0,56,48,1,0,1,0,1,0,0,0,0
21,7.46,51.84,97.73,85.76,3,1,3,60,75,1,1,0,0,1,0,0,0,0
24,7.86,62.66,68.33,77.61,2,0,1,76,91,0,0,1,0,0,0,1,0,0
24,5.83,95.95,58.63,57.87,4,0,5,68,61,0,0,1,1,0,0,0,0,0
22,9.47,93.22,59.25,53.23,1,1,5,45,54,1,1,0,0,0,0,0,0,1
22,6.16,89.07,51.02,68.31,4,1,4,86,53,0,0,1,1,0,0,0,0,0
22,5.95,72.88,77.77,96.64,4,0,5,67,66,0,1,0,0,0,0,0,0,1
21,6.14,66.07,96.46,76.49,1,1,4,47,57,1,1,0,0,0,0,0,1,0
21,9.6,94.08,85.65,90.11,3,1,5,70,49,1,0,1,0,0,0,0,1,0
24,8.51,82.85,99.65,78.8,3,1,3,59,87,1,0,1,0,1,0,0,0,0
22,8.84,64.78,95.48,97.9,2,1,3,55,61,1,0,1,0,0,0,0,0,1
21,6.89,73.16,74.59,68.47,4,1,3,52,62,0,1,0,0,0,0,0,0,1
20,9.55,94.08,74.33,52.85,2,1,0,99,91,1,1,0,1,0,0,0,0,0
24,8.95,95.17,81.42,89.03,1,0,1,94,81,1,0,1,0,0,0,0,1,0
23,8.75,82.97,55.55,85.27,0,1,5,98,80,1,0,1,0,0,1,0,0,0
24,9.85,86.63,80.38,76.38,3,0,5,54,87,1,1,0,0,1,0,0,0,0
23,6.83,51.96,73.2,66.32,1,1,5,91,44,1,1,0,0,0,0,0,0,1
22,8.05,80.23,82.14,59.41,3,1,2,52,90,1,0,1,0,0,0,1,0,0
23,9.55,84.45,78.26,74.11,2,0,3,86,64,1,0,1,0,0,0,1,0,0
22,8.95,51.02,65.52,83.31,0,1,0,41,40,1,1,0,0,0,1,0,0,0
20,7.82,92.19,80.39,78.94,4,1,4,95,63,1,0,1,0,0,0,0,1,0
23,5.38,96.41,68.3,71.87,3,0,4,92,72,0,0,1,0,0,0,0,1,0
24,8.26,61.9,59.73,76.98,4,1,4,97,97,1,1,0,0,0,0,0,1,0
22,7.63,92.29,83.75,55.4,2,1,3,59,95,1,1,0,1,0,0,0,0,0
24,5.92,83.28,65.32,84.79,3,1,4,67,76,0,0,1,0,0,0,1,0,0
21,9.41,79.03,94.45,86.71,2,1,4,57,46,1,0,1,0,0,0,0,1,0
22,6.72,92.16,59.97,50.57,4,1,4,46,63,0,0,1,0,0,0,1,0,0
23,6.94,64.28,80.01,63.53,2,0,2,60,54,0,0,1,0,0,1,0,0,0
22,8.36,89.54,78.58,54.61,2,0,4,80,50,1,1,0,0,1,0,0,0,0
24,7.44,65.73,59.89,99.91,2,0,0,78,83,0,0,1,1,0,0,0,0,0
20,5.45,89.37,71.99,79.67,1,0,3,48,56,0,1,0,0,0,0,0,0,1
22,6.94,72.55,83.78,73.29,1,0,5,100,88,1,1,0,0,0,1,0,0,0
23,5.47,55.85,65.93,73.15,3,0,2,83,62,0,0,1,0,0,0,1,0,0
21,5.95,69.08,55.69,98.24,2,0,2,49,88,0,0,1,0,0,1,0,0,0
20,5.04,61.67,80.76,82.99,2,1,3,70,43,0,0,1,0,0,0,0,0,1
21,5.91,55.03,61.21,58.43,2,1,4,81,70,0,1,0,1,0,0,0,0,0
22,6.65,55.51,84.07,72.41,1,0,5,52,93,1,1,0,0,1,0,0,0,0
24,7.69,89.0,91.97,88.71,4,0,5,44,73,1,0,1,0,0,0,0,0,1
24,9.6,94.07,56.17,71.17,2,1,4,98,49,1,1,0,1,0,0,0,0,0
23,7.7,96.36,71.88,65.48,0,0,1,93,76,1,1,0,0,0,0,1,0,0
24,8.53,92.7,72.25,99.56,3,0,4,79,49,1,1,0,0,0,0,0,0,1
20,6.79,91.51,81.63,96.78,1,1,5,81,81,1,0,1,0,0,1,0,0,0
24,8.76,53.44,66.72,97.08,4,0,0,77,98,0,0,1,0,0,0,0,1,0
23,8.1,89.51,70.93,56.58,0,0,4,82,50,1,1,0,0,0,1,0,0,0
22,7.3,89.16,50.6,61.71,2,0,3,75,70,0,0,1,0,0,0,1,0,0
22,5.97,56.56,56.12,72.1,1,1,4,41,49,0,0,1,0,1,0,0,0,0
24,6.52,83.1,78.49,91.61,2,1,3,45,82,1,0,1,0,0,0,0,0,1
21,8.1,72.63,60.79,86.84,3,1,2,52,77,1,0,1,0,1,0,0,0,0
22,7.13,95.0,57.23,92.48,1,1,1,68,92,1,0,1,0,0,0,1,0,0
24,9.45,84.77,66.22,96.04,0,0,2,83,81,1,1,0,0,0,0,0,0,1
23,6.17,97.55,58.18,89.04,4,0,3,53,47,0,0,1,1,0,0,0,0,0
24,5.37,55.25,52.98,63.09,4,0,1,69,50,0,0,1,1,0,0,0,0,0
22,7.95,52.03,64.19,64.27,3,1,2,64,59,0,1,0,0,0,1,0,0,0
23,9.43,98.68,58.22,67.62,4,1,4,79,63,1,0,1,0,0,1,0,0,0
24,6.82,54.01,89.97,65.15,4,0,5,74,98,0,0,1,0,0,0,1,0,0
20,8.24,69.31,53.13,62.45,3,1,5,76,90,1,1,0,1,0,0,0,0,0
23,6.16,82.5,87.37,87.62,0,0,4,93,46,1,1,0,0,0,0,0,0,1
20,7.79,94.0,69.14,51.7,1,0,1,46,99,0,1,0,1,0,0,0,0,0
21,8.93,62.73,83.77,86.42,1,0,2,89,60,1,1,0,0,0,1,0,0,0
23,9.34,51.45,52.63,91.18,3,1,0,77,83,1,0,1,0,0,0,1,0,0
20,5.53,76.06,96.04,53.3,2,0,0,57,92,0,1,0,1,0,0,0,0,0
22,6.78,73.56,88.37,53.09,3,1,0,47,45,0,0,1,0,0,0,1,0,0
22,8.2,65.34,57.01,64.27,3,0,2,46,70,0,1,0,1,0,0,0,0,0
21,5.17,93.69,60.94,60.42,3,1,5,73,51,0,0,1,0,1,0,0,0,0
23,8.45,87.47,82.2,79.06,3,0,2,75,76,1,1,0,1,0,0,0,0,0
23,7.64,92.91,96.08,83.77,4,1,2,94,52,1,1,0,0,0,1,0,0,0
23,6.44,58.09,72.29,81.71,4,0,3,80,88,0,1,0,0,0,0,0,0,1
21,9.07,84.62,74.28,67.87,0,1,5,87,70,1,0,1,0,0,1,0,0,0
23,6.45,98.76,61.89,74.92,3,1,0,90,48,0,0,1,0,0,1,0,0,0
22,9.96,80.6,69.15,82.0,1,0,0,49,66,1,1,0,0,0,1,0,0,0
20,9.08,58.57,64.3,55.97,2,0,0,97,91,0,1,0,0,0,0,1,0,0
22,8.54,99.79,67.53,61.48,4,0,5,79,92,1,0,1,0,0,0,0,1,0
22,5.31,76.42,51.03,94.52,1,0,3,68,56,0,1,0,0,0,0,0,1,0
20,9.52,92.0,52.05,67.12,4,1,3,55,90,1,1,0,0,1,0,0,0,0
22,8.95,57.47,84.03,90.06,0,1,2,64,90,1,0,1,0,0,1,0,0,0
21,6.15,83.3,84.09,62.55,2,1,5,68,47,1,1,0,0,0,0,0,1,0
20,6.96,95.63,66.51,52.08,4,0,5,47,66,0,0,1,0,1,0,0,0,0
22,6.34,76.6,94.27,75.02,2,1,0,59,79,0,0,1,0,0,0,1,0,0
24,9.92,64.43,63.31,94.62,2,0,0,75,96,1,0,1,0,0,1,0,0,0
22,9.27,56.37,69.79,90.96,1,0,5,98,97,1,1,0,0,0,0,0,0,1
21,9.65,64.8,86.57,62.65,4,0,4,94,54,1,1,0,0,0,0,1,0,0
23,8.94,67.74,87.18,95.5,2,0,5,91,78,1,0,1,0,1,0,0,0,0
22,7.28,85.5,93.06,73.99,3,1,4,66,45,1,1,0,0,0,0,1,0,0
23,6.03,58.93,51.45,52.45,2,0,4,52,71,0,1,0,0,0,0,0,0,1
24,6.04,55.31,59.19,51.4,2,0,3,65,87,0,1,0,0,0,0,1,0,0
22,5.76,69.35,82.03,74.26,4,0,2,81,47,0,0,1,0,1,0,0,0,0
20,7.73,72.93,66.91,77.32,3,1,1,94,74,0,1,0,0,0,0,0,0,1
23,9.6,81.42,52.18,54.0,2,1,0,64,70,1,0,1,0,0,0,0,0,1
24,9.96,85.38,79.32,96.11,4,0,4,67,81,1,0,1,0,0,0,1,0,0
20,6.44,94.46,69.65,85.91,4,1,0,48,65,0,0,1,0,0,0,0,0,1
20,8.49,64.45,68.2,90.06,2,0,0,96,81,0,0,1,0,0,0,1,0,0
20,7.99,76.43,63.22,79.2,0,1,0,65,63,1,1,0,0,0,1,0,0,0
20,7.44,68.3,50.3,83.18,0,0,5,51,90,1,0,1,0,0,0,0,0,1
22,8.33,50.07,59.12,69.39,1,0,2,65,100,1,1,0,0,0,0,1,0,0
22,6.86,78.97,73.71,83.96,0,0,0,86,41,0,0,1,0,0,1,0,0,0
22,9.72,90.79,63.79,98.91,0,0,2,61,80,1,0,1,0,0,0,0,0,1
24,8.53,51.82,93.72,82.39,4,0,1,40,40,0,1,0,0,0,1,0,0,0
24,8.77,50.17,57.15,67.08,4,0,1,51,49,0,1,0,1,0,0,0,0,0
24,6.21,86.39,93.77,64.26,2,0,3,63,97,0,0,1,0,0,0,0,0,1
21,5.84,84.19,70.24,98.17,2,1,0,69,89,0,0,1,1,0,0,0,0,0
24,6.97,70.29,63.79,59.25,4,1,4,53,62,0,0,1,0,1,0,0,0,0
22,8.83,83.08,65.21,90.31,2,1,3,93,72,1,0,1,0,1,0,0,0,0
22,9.69,97.67,66.5,73.26,4,1,5,62,83,1,1,0,0,0,0,1,0,0
21,7.14,62.39,75.33,72.19,0,0,3,41,76,1,1,0,0,0,0,0,1,0
21,8.87,62.3,67.69,87.38,2,0,1,42,99,1,0,1,1,0,0,0,0,0
24,7.35,59.31,82.36,57.4,0,0,4,45,96,1,1,0,1,0,0,0,0,0
23,6.48,86.2,71.26,73.31,1,1,0,58,96,0,1,0,0,1,0,0,0,0
21,8.7,67.66,83.58,51.79,2,1,0,60,50,0,0,1,1,0,0,0,0,0
20,8.99,99.43,80.22,83.52,4,0,1,84,59,0,0,1,0,0,0,0,1,0
22,6.01,85.73,62.22,52.92,4,0,5,59,65,0,1,0,0,0,1,0,0,0
20,6.53,68.37,90.64,54.36,1,0,2,60,85,0,1,0,0,0,1,0,0,0
22,7.47,57.46,89.95,92.24,4,0,1,79,86,0,0,1,0,0,0,0,1,0
22,5.93,79.6,99.45,72.15,0,0,4,43,41,0,0,1,1,0,0,0,0,0
21,9.64,64.75,58.75,60.05,4,0,2,64,64,0,0,1,1,0,0,0,0,0
21,7.96,95.28,92.39,79.63,1,0,4,90,98,1,1,0,1,0,0,0,0,0
20,5.61,72.07,93.6,75.96,3,0,0,99,43,0,0,1,0,0,0,1,0,0
22,5.92,64.63,82.11,70.55,3,1,2,46,58,0,0,1,0,0,0,0,0,1
20,9.77,79.43,75.32,95.27,0,0,4,46,52,1,1,0,0,0,0,0,1,0
23,8.69,56.85,97.86,87.47,3,0,0,72,58,0,1,0,0,0,0,0,1,0
20,8.67,78.08,98.63,57.58,4,1,4,90,52,1,1,0,0,0,0,0,1,0
24,5.36,52.81,82.08,78.54,1,1,2,65,94,0,0,1,0,0,0,0,1,0
20,9.48,80.34,67.98,54.44,0,0,0,56,51,1,0,1,0,0,0,0,1,0
24,7.22,76.51,90.86,62.23,3,0,4,47,41,0,0,1,1,0,0,0,0,0
24,8.3,76.04,54.46,95.49,4,0,3,65,76,0,0,1,0,0,0,1,0,0
24,9.8,84.21,64.53,73.1,4,1,2,92,89,1,1,0,0,1,0,0,0,0
23,5.5,52.22,99.28,94.61,2,1,2,54,62,0,0,1,1,0,0,0,0,0
20,7.41,72.99,90.72,58.3,2,1,2,59,94,1,0,1,1,0,0,0,0,0
20,5.25,72.2,96.98,60.27,1,0,5,58,58,0,0,1,0,0,0,0,0,1
23,7.5,72.99,79.74,67.64,0,0,0,46,42,0,0,1,0,1,0,0,0,0
22,6.26,98.99,70.38,68.32,3,0,2,95,63,0,1,0,0,0,0,0,1,0
21,9.56,56.96,98.98,87.26,3,1,4,95,62,1,0,1,0,1,0,0,0,0
20,6.99,84.52,65.47,79.97,4,1,3,84,43,0,0,1,0,0,0,1,0,0
21,8.17,70.1,87.87,77.66,3,1,4,40,57,1,0,1,0,0,1,0,0,0
23,9.3,75.59,77.91,80.12,1,0,4,78,51,1,0,1,1,0,0,0,0,0
22,9.92,88.12,61.43,86.61,2,1,2,76,100,1,0,1,0,1,0,0,0,0
22,7.52,57.87,50.87,94.64,4,1,3,57,74,0,1,0,0,0,0,0,0,1
22,7.28,88.18,69.19,70.74,0,0,3,47,66,1,1,0,0,0,0,1,0,0
23,5.38,53.52,77.38,90.15,4,0,3,54,82,0,1,0,0,0,1,0,0,0
24,5.06,74.17,59.16,74.75,3,1,3,89,53,0,1,0,0,0,0,1,0,0
24,8.04,87.1,70.73,86.1,1,1,1,45,98,1,1,0,0,0,0,0,1,0
21,5.33,59.63,80.76,93.74,0,0,3,99,70,0,1,0,0,0,1,0,0,0
24,6.9,88.55,85.75,51.61,4,0,2,76,42,0,0,1,0,0,0,0,0,1
24,5.02,58.34,52.64,77.33,3,0,5,61,44,0,0,1,0,0,1,0,0,0
22,8.08,89.96,83.21,99.47,4,1,3,50,68,1,0,1,0,0,0,0,0,1
22,7.13,73.45,52.83,74.81,0,0,4,65,78,1,1,0,0,0,0,0,1,0
21,5.64,84.23,51.41,93.22,3,0,1,47,91,0,1,0,0,0,0,0,0,1
20,6.48,95.87,57.62,59.29,2,0,4,48,56,0,1,0,0,0,0,1,0,0
21,7.85,70.42,82.68,80.21,0,1,2,52,58,1,0,1,0,1,0,0,0,0
21,8.28,61.65,52.64,93.52,2,1,2,42,74,1,1,0,0,0,0,1,0,0
23,7.31,93.36,51.04,71.58,2,0,5,42,72,1,0,1,1,0,0,0,0,0
23,9.02,58.08,55.9,74.34,3,0,5,46,47,1,0,1,0,0,0,1,0,0
21,5.56,81.57,97.49,54.1,4,0,3,42,91,0,0,1,0,0,1,0,0,0
21,5.42,96.16,95.36,52.11,4,1,5,50,76,0,0,1,0,0,0,0,1,0
21,5.22,83.72,54.32,73.44,1,0,2,85,74,0,0,1,1,0,0,0,0,0
24,7.68,59.78,65.2,92.17,0,1,1,97,59,1,0,1,1,0,0,0,0,0
23,8.53,57.61,97.36,96.57,0,1,5,67,56,1,0,1,1,0,0,0,0,0
21,5.65,62.62,54.88,82.93,3,0,4,92,84,0,1,0,0,1,0,0,0,0
22,8.19,69.57,54.73,91.32,3,1,2,81,52,0,1,0,0,0,0,0,0,1
22,7.38,57.96,54.3,86.74,1,1,5,70,43,1,1,0,0,0,1,0,0,0
24,9.94,89.89,98.82,85.07,1,0,5,91,89,1,0,1,0,0,0,0,1,0
24,8.59,67.85,87.16,88.45,2,1,2,98,97,1,1,0,0,1,0,0,0,0
20,8.29,96.8,60.72,75.27,1,0,1,48,69,1,1,0,0,0,0,1,0,0
20,7.85,92.12,52.3,72.9,4,0,0,66,45,0,0,1,0,0,0,0,1,0
20,9.99,95.44,98.26,57.96,2,0,0,51,41,1,0,1,1,0,0,0,0,0
24,9.9,64.72,71.27,92.19,1,0,1,47,54,1,0,1,0,0,0,0,1,0
24,7.69,78.69,79.92,52.23,4,0,2,83,96,0,0,1,0,0,0,0,1,0
24,7.28,66.07,63.96,63.37,4,1,1,80,73,0,1,0,0,0,0,1,0,0
22,7.31,62.85,87.92,76.0,2,0,1,61,91,0,1,0,0,0,0,0,0,1
24,7.14,80.35,59.84,98.58,2,0,0,57,100,0,0,1,0,0,1,0,0,0
22,7.66,90.9,89.35,89.3,4,1,3,95,59,1,1,0,1,0,0,0,0,0
20,6.37,54.68,61.53,68.43,3,0,5,69,55,0,1,0,0,0,0,0,0,1
20,9.63,63.79,54.9,85.7,2,1,2,88,99,1,1,0,0,1,0,0,0,0
20,7.45,60.26,73.94,96.57,0,1,4,50,82,1,0,1,1,0,0,0,0,0
21,9.21,89.92,90.66,76.94,3,1,1,92,88,1,1,0,0,0,1,0,0,0
21,7.38,96.67,69.24,73.1,0,1,0,41,68,1,0,1,0,1,0,0,0,0
23,8.59,54.0,51.44,77.65,1,0,3,68,66,1,1,0,0,0,0,1,0,0
23,6.68,68.96,77.67,65.58,2,0,2,94,94,0,0,1,0,0,0,0,0,1
23,8.12,95.73,84.02,95.37,2,0,1,92,40,1,0,1,1,0,0,0,0,0
21,7.49,67.23,87.03,89.86,4,0,0,65,52,0,1,0,0,0,0,0,1,0
21,6.84,85.63,70.1,85.27,2,0,1,90,79,0,0,1,0,0,1,0,0,0
23,9.41,55.03,54.85,79.45,0,0,4,53,71,1,0,1,1,0,0,0,0,0
23,5.56,72.22,79.22,98.47,3,0,2,94,42,0,0,1,0,0,0,0,1,0
24,7.43,75.17,66.48,64.89,1,1,5,67,53,1,1,0,1,0,0,0,0,0
23,5.97,87.88,97.34,64.16,3,0,2,74,95,0,0,1,0,1,0,0,0,0
24,9.31,64.44,75.14,62.11,0,0,2,45,95,1,1,0,0,0,0,0,1,0
22,6.27,63.21,73.61,87.09,1,0,2,75,97,0,0,1,0,0,0,0,1,0
21,8.17,65.15,65.46,89.86,4,0,0,51,67,0,0,1,1,0,0,0,0,0
23,5.83,77.78,66.94,79.86,2,0,4,97,85,0,0,1,0,0,0,1,0,0
21,7.02,93.8,75.64,82.6,2,0,1,73,65,0,0,1,0,0,0,1,0,0
21,9.5,91.55,65.33,67.45,4,0,0,96,60,0,0,1,0,0,0,0,0,1
21,5.83,52.9,94.62,51.99,0,0,3,45,85,0,0,1,0,1,0,0,0,0
22,8.32,93.95,71.95,62.68,4,1,2,76,90,1,1,0,0,0,0,1,0,0
20,6.02,54.76,64.6,79.22,0,1,2,100,50,0,1,0,1,0,0,0,0,0
23,7.08,70.77,57.77,90.65,1,0,1,76,66,0,0,1,0,0,0,1,0,0
20,7.7,88.27,83.62,88.86,3,1,2,47,83,1,0,1,0,0,0,0,0,1
20,7.89,54.08,51.29,58.97,3,1,2,76,98,0,1,0,0,0,1,0,0,0
20,8.01,52.02,72.5,52.57,4,0,1,95,96,0,0,1,0,0,0,0,0,1
21,8.2,66.5,77.51,92.53,2,1,4,79,40,1,0,1,0,0,0,0,1,0
24,6.36,86.5,66.99,53.78,4,0,0,72,72,0,1,0,0,0,0,0,1,0
21,7.01,76.09,87.49,69.67,2,0,4,91,85,1,1,0,0,0,0,1,0,0
21,5.19,70.85,83.78,54.71,4,0,1,80,57,0,1,0,0,0,0,1,0,0
20,8.84,90.65,98.57,78.2,4,0,5,85,100,1,0,1,0,0,0,0,0,1
21,9.19,88.34,75.44,68.17,3,0,5,70,97,1,0,1,0,0,0,0,0,1
20,6.0,89.3,76.89,60.12,2,0,5,73,93,0,1,0,1,0,0,0,0,0
24,6.01,72.99,62.29,79.76,3,1,2,50,41,0,0,1,0,1,0,0,0,0
23,5.21,50.97,69.27,68.17,2,0,2,75,43,0,0,1,1,0,0,0,0,0
20,9.85,58.61,51.34,58.34,1,0,4,43,93,1,0,1,0,0,0,0,1,0
24,9.04,87.07,84.46,85.0,1,1,3,56,89,1,0,1,1,0,0,0,0,0
23,6.8,87.66,65.58,91.84,1,0,0,97,43,0,1,0,0,0,0,0,0,1
22,7.41,98.61,77.02,63.69,0,0,2,97,94,1,1,0,1,0,0,0,0,0
20,6.46,59.51,62.75,59.32,3,1,1,55,56,0,1,0,0,0,1,0,0,0
20,7.99,56.15,81.05,53.76,3,0,4,69,87,0,0,1,0,1,0,0,0,0
22,8.59,56.94,72.38,76.4,1,1,0,78,55,1,0,1,0,0,0,0,0,1
22,7.24,59.24,74.09,91.56,4,1,5,83,48,0,0,1,0,0,0,1,0,0
20,9.37,76.42,97.13,62.54,3,0,3,88,65,1,0,1,1,0,0,0,0,0
22,7.59,98.76,85.31,73.03,2,0,5,44,49,1,1,0,0,0,0,0,0,1
21,5.72,79.47,63.09,58.04,3,1,5,79,46,0,0,1,0,0,0,1,0,0
23,8.11,76.13,75.2,70.21,3,0,2,91,48,0,0,1,0,0,0,1,0,0
23,7.31,83.67,73.33,50.77,2,1,4,76,94,1,0,1,0,0,0,0,1,0
23,9.68,53.7,89.75,95.54,1,1,2,82,87,1,1,0,0,0,0,0,1,0
21,6.96,90.77,91.67,83.83,1,1,4,65,66,1,0,1,0,0,0,0,0,1
22,7.01,82.34,64.17,66.64,2,1,3,67,71,1,0,1,0,0,0,0,0,1
24,8.25,58.56,91.06,94.06,3,1,1,58,88,1,0,1,0,0,1,0,0,0
22,7.63,81.54,58.98,59.15,3,0,1,60,62,0,1,0,0,1,0,0,0,0
20,6.87,79.81,88.14,53.94,1,1,0,67,66,0,0,1,0,1,0,0,0,0
23,9.95,53.24,62.44,97.13,0,1,2,58,64,1,1,0,0,0,0,0,0,1
22,6.51,63.35,64.9,65.45,1,0,2,75,68,0,1,0,0,0,0,0,1,0
24,6.39,69.55,92.62,96.8,2,1,2,50,63,0,0,1,1,0,0,0,0,0
20,9.32,62.24,71.0,81.88,0,0,1,58,55,1,1,0,0,0,1,0,0,0
21,5.02,62.16,99.53,99.0,0,1,0,44,55,0,0,1,0,1,0,0,0,0
21,6.01,78.65,57.6,87.67,2,1,1,41,67,0,1,0,0,0,0,0,0,1
24,7.95,73.54,73.17,55.27,4,0,5,64,59,0,0,1,0,0,0,0,1,0
20,5.81,83.36,86.62,92.61,1,1,4,90,92,1,0,1,0,0,0,0,1,0
23,9.93,97.82,50.27,57.39,3,1,2,65,58,1,0,1,0,0,0,0,1,0
22,7.32,83.03,57.59,84.61,1,1,4,69,49,1,0,1,1,0,0,0,0,0
20,7.99,79.1,51.02,75.02,2,0,5,56,65,1,1,0,0,0,0,1,0,0
21,5.8,92.38,99.64,85.39,3,0,3,60,99,0,0,1,1,0,0,0,0,0
24,6.45,81.6,88.03,88.25,4,0,4,59,41,0,1,0,0,0,0,0,1,0
24,8.07,58.28,68.68,90.18,2,0,4,57,42,0,0,1,0,0,0,0,0,1
22,7.75,65.74,57.81,91.75,1,0,4,86,78,1,1,0,0,0,1,0,0,0
24,8.92,86.67,54.52,92.36,0,1,1,55,95,1,0,1,1,0,0,0,0,0
24,6.35,86.92,76.6,70.63,2,0,4,67,41,0,0,1,0,0,0,0,0,1
20,8.27,99.35,98.79,94.46,2,0,5,51,64,1,0,1,0,0,0,0,1,0
23,6.45,81.35,83.73,85.98,1,0,2,79,84,0,1,0,0,0,1,0,0,0
22,7.93,94.98,68.26,91.95,4,1,0,96,43,0,0,1,0,1,0,0,0,0
20,8.03,52.73,75.04,99.46,1,0,3,45,54,1,0,1,0,1,0,0,0,0
23,5.61,78.31,99.95,55.82,1,1,2,63,57,0,0,1,0,0,0,0,0,1
20,7.74,95.99,75.94,68.53,4,0,0,89,46,0,1,0,0,0,1,0,0,0
20,5.06,64.36,98.21,90.33,4,1,2,82,66,0,0,1,0,0,0,0,0,1
24,7.51,57.74,50.82,54.32,2,0,4,45,57,0,1,0,0,0,1,0,0,0
23,8.49,67.53,86.05,77.04,0,1,3,56,46,1,0,1,0,0,1,0,0,0
22,5.36,89.61,81.36,92.92,1,0,2,81,95,0,1,0,0,0,0,0,0,1
22,9.69,54.24,84.27,50.95,0,1,3,58,68,1,1,0,0,0,1,0,0,0
23,7.29,80.02,78.53,96.98,4,0,1,86,80,0,0,1,1,0,0,0,0,0
24,9.69,56.78,52.21,98.91,4,0,1,87,99,1,0,1,0,0,0,0,1,0
21,5.54,71.78,57.48,66.11,1,1,4,94,83,0,0,1,0,0,1,0,0,0
20,9.75,98.3,96.11,88.34,2,0,4,67,98,1,0,1,1,0,0,0,0,0
24,5.55,59.76,61.65,56.36,1,1,1,100,72,0,0,1,0,0,1,0,0,0
23,7.31,51.7,99.65,88.64,2,0,2,68,41,0,1,0,1,0,0,0,0,0
20,9.69,71.36,83.98,74.08,3,0,0,88,57,0,0,1,0,0,0,0,0,1
22,6.16,78.88,72.22,93.01,2,1,0,93,85,0,1,0,0,1,0,0,0,0
21,5.17,64.88,96.0,60.63,1,0,1,46,62,0,0,1,0,0,0,1,0,0
22,8.97,77.09,89.75,83.63,1,1,0,58,45,1,1,0,0,0,1,0,0,0
23,7.98,97.67,71.45,89.31,2,1,2,98,82,1,0,1,0,0,0,1,0,0
20,7.57,65.59,53.43,60.12,0,1,0,47,64,0,0,1,0,0,1,0,0,0
23,5.17,65.47,93.42,90.91,2,1,5,47,58,0,0,1,0,0,0,0,0,1
20,8.27,74.14,88.25,97.9,3,0,0,44,47,0,0,1,0,0,0,0,0,1
24,5.86,75.77,89.54,80.8,3,1,5,82,92,1,0,1,1,0,0,0,0,0
21,9.66,50.07,87.24,89.24,0,0,1,73,76,1,1,0,0,0,1,0,0,0
24,8.43,80.79,63.79,76.63,3,1,3,89,65,1,1,0,0,0,0,0,0,1
24,8.54,99.87,92.94,79.91,1,0,3,60,68,1,0,1,0,0,0,0,0,1
23,6.16,64.6,50.11,50.67,0,1,2,43,98,0,0,1,0,0,1,0,0,0
21,9.4,81.54,61.86,76.21,0,1,3,83,67,1,0,1,1,0,0,0,0,0
20,7.69,50.23,52.33,78.78,0,0,4,75,92,1,0,1,1,0,0,0,0,0
20,9.29,80.22,55.53,83.5,2,0,1,44,95,1,0,1,1,0,0,0,0,0
22,6.35,72.35,76.62,58.47,2,0,5,88,46,0,1,0,1,0,0,0,0,0
20,8.78,76.51,51.86,62.07,0,0,5,62,98,1,1,0,0,1,0,0,0,0
23,7.87,77.2,59.07,87.8,3,1,3,58,99,1,1,0,0,0,1,0,0,0
24,5.24,58.85,61.64,58.38,1,1,0,81,94,0,0,1,0,1,0,0,0,0
24,7.03,88.5,82.77,70.8,1,0,3,85,75,1,1,0,0,0,0,0,0,1
24,5.92,77.77,73.44,62.52,2,0,1,54,54,0,1,0,0,1,0,0,0,0
21,6.8,63.51,72.92,77.26,4,1,0,97,93,0,0,1,1,0,0,0,0,0
20,6.92,96.87,88.42,99.34,0,0,0,53,100,1,0,1,0,0,0,0,0,1
23,7.37,50.64,72.84,92.6,4,0,5,87,72,0,1,0,0,1,0,0,0,0
21,8.0,86.3,67.42,63.47,1,0,1,47,93,0,0,1,0,1,0,0,0,0
22,7.85,69.06,98.12,68.43,2,1,2,48,44,1,0,1,0,0,1,0,0,0
23,5.19,76.13,50.41,95.93,2,0,2,79,68,0,0,1,0,1,0,0,0,0
23,8.75,64.58,65.27,94.91,2,1,1,50,56,1,1,0,0,0,0,0,0,1
23,9.75,66.06,80.47,58.03,2,1,5,83,84,1,0,1,1,0,0,0,0,0
24,6.74,50.76,89.14,91.46,2,0,1,85,66,0,1,0,0,0,1,0,0,0
23,5.9,86.49,90.82,64.88,0,0,1,57,56,0,1,0,0,1,0,0,0,0
20,7.7,85.54,52.3,77.19,4,0,0,94,90,0,1,0,0,0,1,0,0,0
23,8.52,82.72,85.46,50.25,1,1,0,71,43,1,0,1,0,0,0,1,0,0
24,8.39,93.9,86.01,99.93,1,0,1,83,88,1,1,0,0,0,1,0,0,0
23,8.06,95.06,60.7,88.05,2,1,5,75,51,1,0,1,1,0,0,0,0,0
22,5.73,77.82,55.64,62.09,2,0,0,84,97,0,0,1,0,0,0,1,0,0
22,9.18,84.24,87.48,84.19,2,1,4,60,62,1,0,1,0,0,0,1,0,0
24,7.13,50.55,62.48,64.67,3,1,1,66,89,0,0,1,0,0,1,0,0,0
20,6.11,92.32,50.08,54.47,1,1,0,87,50,0,1,0,0,0,0,0,0,1
20,5.43,90.82,61.18,71.27,2,1,2,81,75,0,0,1,1,0,0,0,0,0
21,7.08,51.01,51.55,80.69,4,0,1,60,51,0,0,1,0,0,0,0,0,1
24,8.09,77.14,62.46,54.49,3,0,1,50,48,0,0,1,1,0,0,0,0,0
23,8.33,95.33,66.75,75.92,0,1,1,96,63,1,1,0,1,0,0,0,0,0
24,9.81,59.07,63.57,75.74,3,0,3,83,57,1,1,0,0,0,0,0,0,1
21,5.77,67.63,96.0,81.43,3,0,1,89,66,0,1,0,0,0,0,0,1,0
24,9.93,66.55,61.63,62.23,3,0,2,73,98,1,0,1,0,0,0,1,0,0
24,8.27,67.8,73.38,51.03,4,1,0,90,48,0,0,1,0,0,1,0,0,0
21,7.27,52.09,97.87,66.24,1,0,1,44,72,0,1,0,0,0,0,0,0,1
20,9.44,63.95,93.96,69.93,2,1,5,67,45,1,0,1,0,0,0,0,0,1
23,8.47,64.74,65.46,81.79,4,0,4,91,90,1,0,1,0,0,1,0,0,0
21,6.74,93.29,66.32,96.51,4,0,5,49,72,0,1,0,0,0,0,1,0,0
22,9.42,67.61,79.67,60.17,2,1,5,97,79,1,0,1,0,0,1,0,0,0
20,8.33,72.36,95.89,84.37,3,0,0,87,45,0,1,0,1,0,0,0,0,0
22,8.49,69.04,50.5,54.87,0,1,2,51,43,1,0,1,0,0,0,0,1,0
20,9.48,56.03,69.66,59.53,3,1,3,80,42,1,0,1,1,0,0,0,0,0
23,7.24,99.52,92.49,75.46,3,1,2,42,52,0,0,1,0,0,0,0,1,0
23,8.28,91.29,70.52,85.42,1,0,5,40,65,1,0,1,0,0,1,0,0,0
24,8.72,77.05,86.0,92.93,3,0,3,76,73,1,1,0,1,0,0,0,0,0
22,7.27,73.82,84.6,87.2,0,1,0,79,52,1,1,0,0,0,0,1,0,0
20,5.42,82.46,60.27,50.77,4,1,3,88,92,0,0,1,1,0,0,0,0,0
23,8.86,66.32,72.48,84.2,3,1,0,40,86,0,0,1,0,0,0,0,0,1
21,5.24,52.51,78.31,91.23,4,0,2,52,47,0,1,0,0,0,0,0,1,0
23,8.59,70.22,85.77,76.28,1,0,5,77,51,1,1,0,0,0,0,0,1,0
21,9.55,99.2,91.12,98.28,0,0,2,54,47,1,0,1,0,0,0,1,0,0
20,6.73,59.12,88.0,50.22,2,0,3,46,58,0,0,1,0,0,0,0,1,0
23,5.51,76.39,51.42,90.93,2,0,4,69,80,0,0,1,0,0,0,0,1,0
23,6.16,50.43,83.53,66.74,1,1,5,63,49,0,1,0,0,0,0,1,0,0
20,7.81,56.1,74.87,82.52,0,1,5,47,71,1,1,0,1,0,0,0,0,0
23,9.71,79.36,78.69,84.67,4,0,2,42,60,1,0,1,0,0,1,0,0,0
21,7.56,64.87,68.65,65.31,1,0,3,54,62,0,1,0,1,0,0,0,0,0
23,5.56,95.28,85.7,99.77,3,0,1,75,66,0,0,1,0,0,0,0,0,1
22,8.14,70.31,83.69,55.16,4,1,0,80,64,0,0,1,0,0,0,0,0,1
24,8.66,60.4,78.97,57.85,3,1,1,82,46,0,0,1,0,0,0,0,1,0
21,6.97,77.28,93.08,94.61,3,1,1,92,81,0,1,0,0,0,0,0,0,1
22,8.61,89.75,55.1,55.96,4,0,1,53,74,0,0,1,0,0,1,0,0,0
20,6.62,50.97,65.05,69.06,3,0,3,66,41,0,0,1,0,0,0,0,1,0
21,8.95,75.28,74.76,86.66,2,1,2,69,67,1,0,1,0,0,0,0,0,1
24,6.71,88.67,97.93,89.57,4,0,5,80,46,0,0,1,0,1,0,0,0,0
24,6.28,55.18,53.6,97.73,1,0,1,83,81,0,0,1,0,1,0,0,0,0
20,9.4,95.14,66.85,89.48,2,1,3,76,79,1,1,0,0,1,0,0,0,0
20,7.74,63.23,96.29,92.23,1,1,2,92,51,1,0,1,0,1,0,0,0,0
21,6.43,58.53,94.9,97.47,0,0,0,96,99,0,1,0,1,0,0,0,0,0
23,9.68,79.46,93.26,77.68,1,0,2,45,91,1,0,1,0,1,0,0,0,0
20,8.45,58.75,65.42,67.17,4,0,2,58,56,0,0,1,0,0,0,0,1,0
23,6.1,83.99,92.34,88.08,1,0,1,99,61,0,0,1,0,0,0,1,0,0
22,8.07,74.51,75.27,58.18,0,1,3,76,48,1,0,1,1,0,0,0,0,0
24,9.35,55.5,80.99,53.41,3,1,5,40,91,1,0,1,0,0,0,1,0,0
23,8.48,95.62,61.94,89.27,4,0,4,64,42,0,0,1,0,0,0,0,1,0
24,6.22,83.66,85.33,97.53,2,0,0,49,61,0,1,0,0,0,0,0,1,0
23,8.24,77.3,66.38,72.12,2,1,3,85,93,1,1,0,0,0,1,0,0,0
22,8.1,68.72,67.19,58.06,1,1,5,65,75,1,0,1,1,0,0,0,0,0
20,9.1,56.74,81.84,74.85,2,1,1,98,78,1,0,1,0,0,0,1,0,0
22,5.89,85.38,61.99,69.67,0,1,3,62,98,1,0,1,0,1,0,0,0,0
20,8.5,90.68,61.22,68.62,2,1,5,56,57,1,0,1,0,0,0,0,1,0
20,5.14,56.29,68.46,81.4,1,0,4,69,56,0,0,1,0,1,0,0,0,0
24,8.48,74.73,88.9,58.74,2,0,0,66,66,0,1,0,0,0,0,1,0,0
22,9.8,74.24,61.23,69.02,3,1,2,50,93,1,0,1,1,0,0,0,0,0
23,5.87,67.5,89.37,93.43,3,0,5,43,74,0,0,1,0,0,0,0,0,1
22,6.56,89.47,84.78,86.48,2,0,0,57,71,0,0,1,0,0,0,0,0,1
24,7.91,54.98,83.95,52.78,4,1,4,58,42,0,0,1,0,0,0,0,1,0
20,8.66,60.25,73.74,75.7,2,0,0,75,52,0,1,0,0,0,1,0,0,0
24,6.72,50.08,87.29,54.56,3,1,5,83,56,0,0,1,0,1,0,0,0,0
21,8.32,68.65,50.68,97.87,3,0,0,85,100,0,0,1,0,0,0,0,1,0
21,9.5,64.56,65.28,62.23,0,1,1,89,57,1,1,0,0,0,1,0,0,0
23,8.63,93.35,83.96,96.63,1,1,2,65,90,1,0,1,0,1,0,0,0,0
24,8.56,87.29,99.36,91.7,0,0,4,40,56,1,1,0,0,0,0,1,0,0
23,6.91,54.22,50.13,77.57,4,1,1,98,95,0,1,0,0,0,0,0,0,1
23,9.56,87.05,75.5,66.82,1,1,0,59,87,1,0,1,0,0,1,0,0,0
21,6.39,83.77,96.19,92.9,2,1,0,96,55,0,1,0,0,1,0,0,0,0
23,6.03,64.09,93.18,57.64,2,0,3,50,61,0,0,1,0,0,0,0,1,0
21,6.82,50.77,51.16,59.0,4,0,1,98,64,0,0,1,0,1,0,0,0,0
20,8.25,55.76,76.48,61.24,3,1,4,64,40,1,0,1,0,0,0,0,1,0
24,9.31,62.5,50.21,79.88,2,1,4,99,66,1,0,1,0,0,0,0,0,1
23,5.66,90.83,89.48,65.72,0,0,4,96,53,1,1,0,0,0,0,0,0,1
21,9.07,73.27,65.44,99.46,3,1,5,58,67,1,1,0,0,1,0,0,0,0
22,9.06,95.92,88.28,59.76,2,0,5,71,86,1,1,0,0,1,0,0,0,0
23,7.93,89.46,97.24,90.28,3,1,5,40,75,1,1,0,0,0,0,0,1,0
20,8.8,64.36,98.8,54.79,1,0,4,40,91,1,0,1,0,0,0,0,1,0
20,5.91,92.27,94.71,67.67,2,0,0,42,92,0,0,1,0,0,1,0,0,0
22,5.85,55.84,60.21,62.19,2,1,5,97,82,0,0,1,0,0,1,0,0,0
21,9.31,51.81,59.73,98.84,3,0,0,85,89,0,0,1,0,0,1,0,0,0
23,7.49,80.43,81.29,51.29,1,0,1,79,71,0,0,1,0,1,0,0,0,0
21,6.23,67.09,77.2,86.08,0,1,2,71,68,1,1,0,1,0,0,0,0,0
20,8.44,66.47,50.48,62.39,1,1,4,86,56,1,0,1,1,0,0,0,0,0
21,9.46,84.36,69.59,90.56,0,1,0,75,67,1,0,1,1,0,0,0,0,0
20,8.16,92.51,95.33,65.56,4,1,1,82,80,1,0,1,1,0,0,0,0,0
21,6.74,66.11,94.92,59.36,1,1,4,47,60,1,1,0,0,0,1,0,0,0
22,7.42,66.25,60.2,84.65,0,0,2,69,63,1,1,0,0,1,0,0,0,0
24,8.76,76.69,69.1,62.88,3,0,4,78,85,1,1,0,1,0,0,0,0,0
22,5.34,82.66,78.02,74.28,0,0,5,95,99,1,0,1,0,0,0,0,0,1
22,6.09,60.15,92.64,56.58,4,0,3,73,74,0,1,0,0,0,0,1,0,0
24,7.31,95.63,76.6,86.23,0,0,4,47,59,1,0,1,0,0,0,0,0,1
24,8.02,82.72,98.41,70.34,1,0,3,64,91,1,1,0,0,1,0,0,0,0
23,6.7,81.26,89.95,57.03,0,0,2,65,61,0,0,1,0,1,0,0,0,0
23,6.49,95.21,97.65,87.08,1,1,3,66,43,1,0,1,0,0,0,1,0,0
22,5.21,95.36,86.57,55.17,4,1,2,93,55,0,0,1,0,0,0,0,1,0
22,5.16,56.78,93.88,78.74,0,1,1,58,60,0,1,0,0,0,0,0,1,0
20,6.39,57.25,91.55,80.37,0,0,3,62,83,1,0,1,0,0,0,0,1,0
20,7.65,88.1,62.69,96.52,4,1,5,80,60,1,1,0,0,0,1,0,0,0
23,7.78,97.84,61.48,57.55,0,1,4,55,79,1,0,1,0,0,0,0,1,0
23,7.47,83.33,93.22,82.67,1,0,4,47,80,1,0,1,0,0,1,0,0,0
20,7.05,70.57,54.23,69.04,2,0,1,69,50,0,0,1,0,0,1,0,0,0
20,6.26,84.17,70.43,70.04,2,0,0,47,95,0,0,1,0,0,0,0,1,0
21,7.0,61.44,91.03,75.09,1,0,5,50,99,1,0,1,0,0,0,0,1,0
21,5.69,99.9,90.66,61.69,0,1,5,46,76,1,0,1,0,0,0,1,0,0
20,5.58,71.55,56.94,73.06,1,0,2,60,83,0,1,0,1,0,0,0,0,0
21,6.5,96.58,74.39,84.34,4,0,5,73,99,0,0,1,0,0,0,1,0,0
24,9.98,71.54,73.99,72.86,1,0,0,60,61,1,1,0,0,0,1,0,0,0
23,6.63,96.41,66.19,52.13,2,0,0,44,59,0,1,0,0,0,0,1,0,0
23,9.68,66.78,95.86,62.89,3,1,1,89,41,1,1,0,0,0,1,0,0,0
20,6.96,88.03,82.66,67.57,4,1,1,82,82,0,0,1,0,1,0,0,0,0
22,7.2,97.55,99.01,67.74,0,0,3,97,50,1,0,1,0,0,1,0,0,0
20,8.99,82.3,53.34,54.05,1,1,5,56,60,1,0,1,0,0,1,0,0,0
21,5.47,83.88,69.72,72.48,4,1,3,60,72,0,1,0,0,0,0,1,0,0
22,5.91,55.14,91.76,84.6,2,0,3,45,88,0,1,0,1,0,0,0,0,0
21,9.87,73.71,71.13,52.43,0,1,3,84,56,1,0,1,0,1,0,0,0,0
24,7.53,94.34,63.09,87.55,1,0,3,46,75,1,0,1,0,0,0,0,0,1
21,5.22,62.05,99.89,97.76,1,1,4,50,53,0,1,0,0,0,0,0,0,1
24,5.24,89.42,93.66,50.47,0,1,1,57,76,0,0,1,1,0,0,0,0,0
24,9.54,83.79,77.32,59.68,3,0,2,77,70,1,1,0,0,0,0,0,0,1
21,9.37,61.15,78.09,77.17,3,1,2,51,43,1,0,1,0,1,0,0,0,0
21,7.29,64.14,50.34,60.9,4,0,2,95,45,0,1,0,0,0,0,0,1,0
24,5.82,71.38,99.05,88.23,1,0,2,61,89,0,0,1,0,1,0,0,0,0
22,9.15,56.26,90.31,65.61,4,0,2,42,60,0,0,1,0,0,0,1,0,0
24,6.62,95.67,51.84,64.68,0,1,4,58,52,1,1,0,0,0,1,0,0,0
23,7.1,86.97,58.82,50.05,4,0,1,82,77,0,1,0,0,0,1,0,0,0
24,8.41,68.25,91.05,63.51,1,1,5,62,54,1,0,1,0,0,0,1,0,0
22,6.77,64.98,54.34,60.88,3,0,3,73,44,0,0,1,0,0,0,1,0,0
23,8.14,84.48,97.09,67.16,3,1,3,42,77,1,1,0,0,0,1,0,0,0
20,9.43,71.21,99.99,57.38,0,1,3,62,63,1,1,0,1,0,0,0,0,0
20,8.99,61.47,94.32,79.73,2,0,1,96,57,1,1,0,0,0,0,0,1,0
22,6.91,71.51,86.95,61.94,4,0,1,88,68,0,1,0,0,0,0,0,1,0
24,6.44,93.56,74.36,91.59,0,0,5,44,71,1,0,1,0,0,0,0,1,0
21,6.43,53.43,54.12,64.23,3,0,4,68,46,0,0,1,0,0,0,1,0,0
22,6.74,68.42,86.52,60.54,1,1,4,73,69,1,1,0,0,0,1,0,0,0
23,7.47,98.12,69.84,52.84,1,1,5,83,77,1,1,0,1,0,0,0,0,0
23,7.08,50.74,78.51,87.0,2,0,3,44,65,0,0,1,0,0,1,0,0,0
20,5.67,94.53,64.67,75.41,2,1,5,68,47,0,0,1,0,0,1,0,0,0
23,5.82,68.74,62.11,55.69,3,1,1,84,64,0,1,0,1,0,0,0,0,0
22,6.71,59.48,66.21,61.07,2,0,3,93,69,0,0,1,0,1,0,0,0,0
23,7.81,50.75,90.69,99.94,2,1,4,63,63,1,0,1,1,0,0,0,0,0
22,7.96,53.53,71.32,90.3,1,0,5,78,69,1,0,1,0,1,0,0,0,0
21,7.43,58.59,65.59,67.49,4,0,3,60,44,0,1,0,0,0,0,0,0,1
20,8.69,51.27,71.65,77.13,1,0,4,71,43,1,1,0,0,1,0,0,0,0
23,8.69,66.79,51.61,70.8,1,1,0,82,90,1,0,1,0,0,0,0,1,0
22,7.14,52.24,94.53,51.82,3,1,2,44,81,0,1,0,0,0,0,0,1,0
24,5.62,84.61,77.59,88.93,3,0,0,57,48,0,1,0,1,0,0,0,0,0
20,7.65,90.95,55.24,85.85,4,1,5,77,94,1,0,1,0,0,0,0,1,0
21,6.91,94.37,64.42,70.44,0,1,3,74,72,1,1,0,0,0,0,0,1,0
22,5.69,77.46,99.18,92.29,2,0,3,77,90,0,0,1,0,0,0,0,0,1
21,9.91,97.33,79.65,76.74,2,0,1,55,68,1,0,1,0,0,0,0,1,0
21,6.85,50.28,64.57,53.26,1,1,2,74,70,0,0,1,0,0,0,1,0,0
23,8.13,56.7,71.32,62.97,1,1,4,89,83,1,0,1,0,0,0,1,0,0
23,7.45,64.66,62.92,73.09,4,0,3,63,58,0,0,1,0,0,0,1,0,0
22,5.71,89.45,51.59,55.17,2,1,4,75,84,0,1,0,0,1,0,0,0,0
24,5.28,94.27,92.1,78.55,1,0,4,44,93,0,1,0,1,0,0,0,0,0
22,8.13,80.91,64.62,56.03,1,1,4,48,86,1,1,0,1,0,0,0,0,0
24,6.24,69.16,91.92,60.03,3,0,0,43,100,0,0,1,0,0,1,0,0,0
21,6.22,83.29,73.93,94.7,0,1,4,100,41,1,0,1,0,0,0,0,0,1
20,9.78,59.04,59.14,99.99,4,1,1,72,59,1,0,1,0,0,0,1,0,0
22,7.31,72.89,90.09,77.51,0,1,0,66,51,1,0,1,0,0,0,1,0,0
22,5.15,75.38,68.86,80.98,0,1,0,61,89,0,0,1,0,0,0,0,1,0
24,6.7,55.24,85.39,89.87,4,1,3,98,60,0,1,0,0,0,0,1,0,0
21,7.92,51.69,91.86,84.81,2,1,2,50,100,1,1,0,0,0,0,0,1,0
21,6.64,87.51,98.15,59.12,1,0,2,44,70,0,0,1,0,0,0,0,1,0
24,5.13,76.74,54.29,70.58,4,1,5,49,75,0,0,1,0,0,1,0,0,0
21,7.22,66.61,50.42,76.76,1,0,3,42,59,0,1,0,0,1,0,0,0,0
23,5.53,71.86,77.42,67.99,3,1,2,54,83,0,0,1,0,0,0,0,1,0
20,8.1,97.89,63.21,58.81,0,0,4,98,59,1,1,0,0,0,0,0,1,0
22,8.1,69.25,73.46,86.81,3,0,1,98,84,0,1,0,1,0,0,0,0,0
20,5.19,55.17,53.63,59.94,0,0,4,85,75,0,1,0,0,0,1,0,0,0
22,6.45,73.18,75.08,63.02,2,1,2,76,85,0,0,1,0,0,0,0,1,0
23,7.07,82.4,56.24,64.33,4,0,2,79,92,0,1,0,0,0,0,0,0,1
21,7.75,50.61,91.93,58.09,2,1,1,56,57,0,0,1,0,1,0,0,0,0
24,6.48,66.62,87.97,92.48,0,1,0,59,45,0,1,0,0,0,0,0,0,1
23,6.44,69.68,53.7,80.53,3,0,0,90,72,0,0,1,0,0,0,1,0,0
20,9.92,73.19,91.82,91.74,0,1,1,43,49,1,0,1,0,1,0,0,0,0
24,5.21,65.08,66.25,74.69,2,1,0,73,57,0,0,1,0,0,0,1,0,0
21,9.95,83.35,67.64,75.98,2,1,2,73,90,1,0,1,1,0,0,0,0,0
23,5.24,97.24,58.99,80.81,3,1,0,70,73,0,1,0,0,0,0,0,1,0
24,6.44,95.7,91.77,68.55,3,1,2,73,54,0,1,0,0,0,1,0,0,0
23,7.47,83.22,70.24,74.83,2,0,3,42,42,0,1,0,0,0,0,0,0,1
23,5.72,75.34,52.44,77.35,0,1,4,67,47,0,0,1,0,0,0,1,0,0
21,5.67,91.29,98.31,97.68,0,0,0,80,90,0,1,0,0,0,0,0,1,0
22,6.28,91.8,62.79,94.15,4,0,3,76,50,0,0,1,0,0,0,0,0,1
24,9.87,91.48,96.81,56.46,2,0,5,91,85,1,1,0,0,0,0,0,0,1
21,6.9,57.89,65.06,52.06,4,0,0,68,71,0,1,0,1,0,0,0,0,0
23,7.83,51.27,91.57,84.02,2,0,3,54,87,1,0,1,1,0,0,0,0,0
21,8.52,99.16,83.21,52.46,4,0,1,75,81,0,1,0,0,0,0,1,0,0
22,8.71,97.98,93.06,53.02,1,1,3,74,56,1,0,1,0,0,0,0,1,0
24,8.44,78.22,98.81,57.96,0,0,2,80,86,1,0,1,0,0,1,0,0,0
22,6.68,99.65,93.57,67.59,0,0,1,98,69,1,0,1,0,0,0,1,0,0
20,5.56,88.53,70.18,71.75,1,0,1,49,82,0,0,1,0,0,0,0,0,1
24,6.41,75.87,90.73,75.97,3,1,2,56,47,0,1,0,0,0,0,0,0,1
22,6.05,69.47,85.58,99.61,1,1,0,69,79,0,0,1,0,1,0,0,0,0
23,5.68,79.64,53.08,69.26,0,0,1,93,46,0,0,1,0,0,0,0,1,0
24,5.12,75.79,96.49,62.14,2,0,0,91,59,0,1,0,0,1,0,0,0,0
24,9.68,99.69,73.3,78.76,4,0,4,47,51,1,1,0,1,0,0,0,0,0
21,9.61,74.52,56.72,60.76,0,0,3,62,60,1,1,0,0,0,1,0,0,0
23,5.25,91.8,71.27,97.03,1,0,3,58,67,0,1,0,0,0,0,1,0,0
20,5.87,90.68,80.16,62.96,2,1,2,76,67,0,1,0,0,0,0,0,0,1
22,5.7,53.57,78.65,99.5,0,0,2,98,98,0,0,1,0,0,0,0,1,0
21,6.41,54.35,78.74,70.93,1,1,5,82,55,1,0,1,0,0,0,0,0,1
22,6.02,82.99,62.79,90.63,0,0,3,75,87,1,0,1,1,0,0,0,0,0
20,9.73,62.96,81.64,82.41,1,1,4,43,49,1,0,1,0,1,0,0,0,0
20,5.42,82.88,95.37,96.67,1,1,2,65,93,1,1,0,0,1,0,0,0,0
24,6.06,57.23,69.43,81.27,0,1,4,86,61,1,0,1,0,0,0,1,0,0
20,5.4,69.85,81.53,79.06,2,0,5,79,46,0,1,0,0,0,0,0,1,0
22,9.9,55.12,62.2,82.64,0,0,2,96,43,1,0,1,1,0,0,0,0,0
23,9.59,64.1,52.41,89.32,0,1,1,66,63,1,0,1,0,0,0,0,1,0
23,8.58,54.41,79.29,94.94,2,0,5,52,73,1,0,1,0,0,0,1,0,0
24,7.13,98.53,52.38,63.34,0,0,0,91,80,0,1,0,1,0,0,0,0,0
22,5.95,69.75,86.18,60.04,4,0,3,83,86,0,1,0,1,0,0,0,0,0
22,6.11,95.06,83.52,51.72,4,0,0,73,93,0,1,0,0,1,0,0,0,0
20,7.22,98.56,68.47,68.5,4,1,5,72,53,1,0,1,0,1,0,0,0,0
22,8.84,95.48,70.56,92.31,1,1,3,85,83,1,1,0,0,1,0,0,0,0
21,6.32,72.75,95.89,53.49,3,1,5,65,88,1,0,1,0,0,0,0,0,1
20,6.55,88.94,50.66,76.93,0,0,2,59,56,0,0,1,0,0,1,0,0,0
21,8.0,57.68,78.17,84.74,3,1,0,47,84,0,1,0,0,1,0,0,0,0
24,6.19,54.74,96.17,91.84,4,0,5,55,47,0,0,1,0,0,1,0,0,0
23,7.92,93.85,95.7,79.17,2,1,5,44,81,1,1,0,0,0,1,0,0,0
24,6.94,51.56,79.23,59.32,4,1,4,73,97,0,0,1,0,0,0,0,1,0
23,5.17,98.62,69.06,98.23,0,0,5,86,52,1,1,0,0,0,0,1,0,0
24,7.01,83.61,54.95,54.73,3,0,2,66,46,0,1,0,0,0,0,0,0,1
22,9.6,70.98,58.69,88.45,3,1,5,75,42,1,0,1,0,0,1,0,0,0
21,6.47,57.07,83.98,54.33,1,0,1,43,63,0,1,0,0,0,0,0,0,1
23,6.61,86.16,50.83,57.17,2,0,0,81,86,0,0,1,0,0,0,0,1,0
20,5.33,78.16,94.17,94.91,4,0,0,92,63,0,1,0,0,1,0,0,0,0
21,8.08,85.56,79.4,87.65,2,1,1,89,100,1,0,1,1,0,0,0,0,0
20,9.25,70.9,52.26,68.28,0,1,3,46,46,1,0,1,0,0,1,0,0,0
21,6.76,53.31,61.99,81.94,1,0,2,76,69,0,0,1,0,0,0,1,0,0
21,6.2,65.75,79.71,72.86,4,0,1,75,44,0,0,1,1,0,0,0,0,0
24,9.78,65.75,51.78,53.33,0,0,5,63,79,1,1,0,0,0,0,0,1,0
23,8.73,50.43,89.0,86.06,2,0,4,54,60,1,0,1,0,0,0,0,0,1
23,7.84,50.48,96.0,88.16,1,0,2,89,88,1,0,1,0,1,0,0,0,0
21,6.53,66.54,98.06,94.12,4,1,1,88,47,0,0,1,0,0,0,0,0,1
22,6.1,86.38,86.68,77.03,2,1,1,45,46,0,0,1,0,0,0,1,0,0
22,8.58,81.2,92.84,83.66,4,1,0,65,78,0,1,0,0,0,1,0,0,0
20,7.61,61.95,80.54,71.9,1,0,0,65,41,0,1,0,0,0,0,1,0,0
20,7.6,80.14,72.93,65.95,1,0,0,95,82,0,0,1,0,0,0,0,0,1
24,5.37,82.37,85.66,70.58,2,0,2,94,51,0,1,0,0,0,0,0,0,1
21,7.56,76.13,61.21,95.59,4,0,5,64,67,0,1,0,1,0,0,0,0,0
20,9.11,76.07,55.49,58.21,3,0,3,72,83,1,0,1,0,0,0,1,0,0
20,9.73,68.49,88.09,62.42,0,1,2,42,58,1,1,0,0,0,0,1,0,0
21,5.53,56.17,97.91,80.31,1,1,0,48,67,0,0,1,0,0,0,1,0,0
24,8.16,69.27,78.87,55.81,4,1,0,76,74,0,1,0,0,1,0,0,0,0
20,7.84,67.27,74.13,94.59,2,0,2,77,51,0,1,0,0,0,0,0,0,1
24,9.45,79.6,76.72,52.36,2,0,5,69,67,1,0,1,0,0,0,0,1,0
23,8.76,92.81,73.92,87.77,1,1,5,66,98,1,1,0,0,1,0,0,0,0
24,9.83,68.77,72.11,68.69,1,0,1,52,65,1,1,0,0,1,0,0,0,0
22,9.8,85.49,97.35,52.56,3,0,1,62,77,1,0,1,0,1,0,0,0,0
22,6.13,90.59,73.99,92.15,2,1,0,42,45,0,1,0,1,0,0,0,0,0
24,8.63,60.59,54.06,82.02,4,0,0,62,58,0,0,1,0,0,0,0,1,0
22,7.65,95.08,88.28,50.44,0,1,3,74,66,1,1,0,0,0,0,1,0,0
23,6.07,53.52,69.58,63.38,0,0,5,93,92,1,1,0,1,0,0,0,0,0
21,5.97,95.09,85.53,67.6,3,0,1,63,48,0,0,1,0,0,0,0,0,1
22,5.41,58.18,78.98,66.13,4,1,3,94,94,0,0,1,0,0,1,0,0,0
22,8.98,66.86,85.66,74.92,0,0,0,76,80,1,1,0,1,0,0,0,0,0
24,6.62,80.26,53.1,76.34,0,1,5,51,89,1,0,1,0,0,1,0,0,0
23,9.28,95.28,51.69,69.84,4,1,0,93,49,0,0,1,0,0,0,0,0,1
21,8.04,62.79,68.93,66.59,4,0,3,59,49,0,0,1,0,0,0,0,1,0
24,8.37,88.18,84.66,75.22,1,0,3,57,72,1,0,1,0,0,1,0,0,0
24,6.46,85.52,61.18,51.68,0,1,0,46,57,0,0,1,0,1,0,0,0,0
23,7.29,57.99,71.67,82.26,0,1,4,91,93,1,0,1,1,0,0,0,0,0
21,7.06,73.97,99.04,80.3,3,0,0,93,49,0,0,1,0,0,1,0,0,0
23,6.18,74.08,60.74,63.96,1,1,1,65,46,0,1,0,0,0,0,0,0,1
21,9.16,65.23,92.4,58.98,1,1,5,51,79,1,0,1,0,1,0,0,0,0
23,8.11,89.0,91.27,53.65,0,1,5,73,71,1,0,1,0,0,1,0,0,0
24,5.19,96.3,94.57,79.37,2,0,0,87,82,0,0,1,0,0,0,0,0,1
24,9.1,85.83,95.76,78.45,2,0,2,71,93,1,1,0,0,0,0,0,1,0
20,5.53,98.65,75.37,76.67,4,1,0,69,45,0,0,1,0,0,0,0,0,1
22,7.02,52.52,84.1,99.28,1,0,4,41,58,0,0,1,0,0,0,0,1,0
23,7.86,51.86,80.94,76.58,0,1,1,93,80,1,0,1,0,1,0,0,0,0
20,5.04,94.69,65.45,86.09,0,0,0,47,82,0,1,0,0,0,0,0,0,1
22,8.26,94.89,63.99,55.65,0,1,3,72,73,1,1,0,0,0,0,1,0,0
23,8.3,55.36,67.08,64.95,3,1,1,85,82,0,1,0,1,0,0,0,0,0
21,8.26,67.87,60.92,63.77,2,0,1,81,44,0,1,0,0,0,0,1,0,0
22,5.82,91.77,87.87,78.8,3,1,4,94,58,0,1,0,0,0,0,1,0,0
24,6.28,56.43,98.23,66.54,0,1,5,93,88,1,0,1,0,0,0,1,0,0
20,6.24,63.37,93.39,82.05,0,0,3,69,89,1,1,0,1,0,0,0,0,0
22,9.8,84.05,60.9,84.5,1,0,2,92,93,1,0,1,0,0,0,1,0,0
22,5.34,99.09,52.6,51.68,1,1,0,84,53,0,1,0,0,0,0,0,1,0
24,7.14,89.86,87.85,81.99,2,0,2,81,49,0,1,0,0,0,0,0,0,1
23,9.36,88.87,69.51,55.84,4,0,5,84,88,1,0,1,0,1,0,0,0,0
21,8.85,67.13,91.23,73.26,0,0,3,67,50,1,0,1,0,0,0,1,0,0
24,9.11,83.07,88.96,86.33,1,0,1,52,70,1,0,1,0,0,0,1,0,0
21,9.86,55.65,81.27,85.17,2,0,4,63,41,1,1,0,0,1,0,0,0,0
23,6.94,99.61,62.77,64.99,3,0,4,72,49,0,1,0,0,1,0,0,0,0
22,6.55,74.03,55.2,63.62,0,1,1,44,60,0,1,0,0,0,0,1,0,0
21,5.15,81.94,62.63,72.01,4,1,4,99,40,0,0,1,0,0,0,0,1,0
20,5.75,93.81,75.49,59.43,2,0,2,87,85,0,1,0,0,1,0,0,0,0
20,7.81,50.05,98.97,98.73,4,1,5,45,70,1,1,0,0,0,0,0,0,1
24,5.79,98.8,53.18,67.25,0,1,1,43,50,0,1,0,0,0,0,0,0,1
23,8.68,67.96,60.0,96.15,2,1,0,81,82,1,0,1,0,0,0,0,1,0
24,5.19,66.98,81.36,95.41,1,1,0,82,49,0,0,1,1,0,0,0,0,0
24,6.3,57.25,65.22,68.24,4,1,3,99,59,0,1,0,0,0,1,0,0,0
24,8.48,92.91,92.93,62.7,3,1,5,97,60,1,1,0,0,0,0,0,1,0
20,6.28,93.54,56.97,88.54,3,1,5,73,76,1,1,0,0,0,0,1,0,0
20,8.64,51.0,98.16,61.47,4,0,1,68,76,0,0,1,0,0,1,0,0,0
24,9.98,52.79,95.62,76.06,0,0,5,95,53,1,0,1,0,0,0,1,0,0
20,8.99,95.92,94.38,55.53,0,1,2,60,97,1,1,0,0,0,0,0,0,1
23,6.71,56.14,58.65,69.3,0,0,5,65,96,1,0,1,0,1,0,0,0,0
24,9.5,81.05,66.47,53.91,3,0,1,71,96,1,1,0,0,0,0,1,0,0
20,5.26,80.98,90.2,64.17,3,0,1,61,44,0,0,1,0,0,0,0,0,1
21,8.63,93.49,90.39,83.26,1,0,2,80,45,1,0,1,0,0,0,0,1,0
24,5.12,78.63,85.26,99.57,0,1,4,53,63,1,1,0,0,0,0,1,0,0
24,5.87,71.7,72.4,62.74,3,1,2,73,55,0,1,0,0,0,0,0,0,1
23,9.94,98.72,65.58,73.67,3,1,1,76,99,1,0,1,0,1,0,0,0,0
22,6.8,61.44,98.15,72.4,0,1,1,83,62,1,0,1,0,0,0,1,0,0
22,9.1,63.14,56.96,59.21,0,1,1,40,86,1,1,0,1,0,0,0,0,0
23,6.88,54.24,52.19,80.5,3,0,1,71,77,0,0,1,0,0,0,0,0,1
23,9.2,98.77,50.46,86.24,4,1,3,71,91,1,1,0,0,0,0,1,0,0
23,9.83,85.32,88.75,57.36,3,0,4,90,55,1,0,1,0,1,0,0,0,0
22,7.18,50.6,52.84,87.86,1,0,1,93,90,0,1,0,0,0,0,1,0,0
23,7.8,85.22,76.93,85.01,2,0,3,63,91,1,1,0,0,0,0,1,0,0
20,8.14,70.21,68.36,59.87,0,1,5,83,52,1,1,0,1,0,0,0,0,0
24,9.67,98.38,57.35,82.45,1,0,1,60,90,1,0,1,0,0,0,0,0,1
24,6.28,63.87,87.03,69.68,4,1,4,51,84,0,1,0,0,0,1,0,0,0
21,8.06,85.51,52.75,84.06,2,1,4,59,47,1,0,1,0,0,0,1,0,0
21,6.62,81.37,65.92,74.8,3,0,2,76,77,0,0,1,0,0,1,0,0,0
24,6.08,50.6,78.11,52.41,0,1,3,59,71,0,1,0,0,0,0,0,1,0
20,5.42,94.26,70.12,89.35,3,0,5,41,61,0,1,0,0,0,0,1,0,0
22,8.1,56.98,62.96,77.78,1,0,4,53,56,1,1,0,0,0,1,0,0,0
22,9.41,83.18,96.3,86.24,0,1,0,56,44,1,0,1,0,0,0,0,1,0
20,6.76,88.78,96.55,56.3,3,0,1,63,47,0,0,1,1,0,0,0,0,0
22,7.76,81.55,70.8,86.06,0,0,4,69,98,1,0,1,0,0,0,0,0,1
23,8.21,54.86,69.69,70.68,1,1,5,54,100,1,1,0,0,0,0,1,0,0
24,7.07,98.76,65.37,89.96,3,0,5,100,89,1,1,0,0,0,0,0,0,1
24,9.52,61.84,92.79,79.96,2,0,3,88,69,1,0,1,0,0,0,0,1,0
20,6.81,81.39,78.4,67.75,4,0,3,73,58,0,1,0,0,0,0,0,0,1
22,5.63,89.86,54.48,60.1,3,0,3,92,51,0,0,1,0,0,0,0,0,1
21,5.72,96.96,92.67,90.8,0,0,2,47,64,0,0,1,0,1,0,0,0,0
21,9.45,80.2,76.74,78.01,3,0,5,81,83,1,0,1,0,0,0,0,1,0
22,9.94,62.95,70.78,99.37,0,0,1,42,52,1,0,1,0,0,0,0,0,1
21,6.44,91.83,66.89,68.67,1,1,0,50,43,0,0,1,0,0,1,0,0,0
20,5.72,58.16,54.97,84.29,4,1,3,66,98,0,1,0,0,0,0,0,1,0
20,7.41,51.11,97.84,81.14,0,0,1,48,49,0,0,1,0,1,0,0,0,0
22,8.55,95.41,87.06,81.88,3,1,3,54,87,1,1,0,0,0,0,1,0,0
21,8.06,78.77,56.59,86.85,1,0,3,71,67,1,0,1,1,0,0,0,0,0
20,9.76,53.48,75.56,56.96,2,0,5,93,44,1,1,0,0,0,0,0,0,1
20,9.09,78.99,77.78,77.48,3,1,0,50,67,1,1,0,0,0,1,0,0,0
23,9.34,57.25,58.39,75.46,4,0,1,42,83,0,1,0,0,1,0,0,0,0
23,7.71,51.57,71.36,67.13,1,1,3,65,70,1,0,1,0,0,0,0,1,0
20,6.64,55.83,82.29,71.81,3,0,5,46,55,0,1,0,1,0,0,0,0,0
22,8.51,88.76,64.2,75.94,0,1,2,67,98,1,1,0,1,0,0,0,0,0
24,7.2,87.78,66.58,66.05,0,1,3,94,62,1,0,1,0,0,0,0,0,1
24,6.44,80.22,56.1,64.66,0,0,5,78,68,1,0,1,0,1,0,0,0,0
20,5.76,60.47,70.66,86.91,3,0,1,43,86,0,0,1,0,1,0,0,0,0
20,7.64,86.95,79.19,53.35,4,1,4,69,60,0,1,0,0,0,1,0,0,0
20,7.97,70.4,55.83,65.65,0,1,3,77,41,1,0,1,0,0,0,1,0,0
22,7.84,75.54,80.74,82.69,3,1,2,90,62,1,0,1,0,0,0,1,0,0
23,5.58,94.88,69.89,60.44,3,1,2,53,55,0,0,1,0,0,0,1,0,0
20,7.85,72.89,83.91,78.61,4,0,3,75,50,0,0,1,1,0,0,0,0,0
20,5.84,81.32,65.74,65.11,1,1,1,70,93,0,1,0,1,0,0,0,0,0
21,8.32,98.09,78.42,92.17,1,0,3,90,98,1,0,1,0,0,0,0,1,0
22,7.15,72.57,80.64,67.5,3,0,2,58,48,0,1,0,1,0,0,0,0,0
20,9.24,78.04,84.53,61.48,1,0,3,88,41,1,1,0,1,0,0,0,0,0
21,8.89,79.22,87.85,76.51,2,0,2,92,57,1,0,1,0,1,0,0,0,0
24,8.62,62.04,56.82,56.78,4,1,4,99,52,1,1,0,0,0,0,0,1,0
20,8.5,86.85,98.26,89.87,3,1,3,90,84,1,0,1,0,1,0,0,0,0
20,7.8,86.33,92.18,84.0,1,0,0,51,47,0,1,0,0,0,1,0,0,0
21,5.31,60.68,78.12,88.53,1,0,3,88,49,0,0,1,0,0,1,0,0,0
22,8.28,50.67,94.52,69.94,4,0,2,54,66,0,1,0,0,0,0,0,1,0
20,7.33,99.95,69.12,91.75,0,0,1,48,56,1,0,1,0,0,0,0,1,0
24,7.35,79.08,51.71,74.68,1,0,2,66,63,0,0,1,1,0,0,0,0,0
20,6.9,59.05,86.35,54.73,4,0,4,99,60,0,1,0,0,0,1,0,0,0
24,9.65,64.18,97.17,61.2,0,0,1,59,40,1,0,1,0,0,0,0,0,1
23,6.25,80.89,58.09,85.55,3,0,0,67,55,0,1,0,0,0,0,1,0,0
23,6.58,56.88,82.19,94.82,0,0,0,64,97,0,0,1,1,0,0,0,0,0
24,9.82,51.86,90.67,54.76,1,1,4,55,82,1,1,0,0,0,0,1,0,0
22,9.05,89.92,95.25,93.21,3,0,4,57,72,1,0,1,0,0,1,0,0,0
20,5.07,85.79,63.83,89.95,3,1,4,89,45,0,1,0,0,0,0,1,0,0
20,9.53,65.48,56.44,67.83,0,1,5,75,51,1,0,1,0,0,0,0,0,1
23,6.13,52.92,62.39,84.46,3,0,4,43,71,0,0,1,0,0,0,0,0,1
24,8.53,74.31,78.89,59.35,0,0,3,60,87,1,0,1,0,1,0,0,0,0
20,7.77,63.81,95.94,90.67,0,0,2,66,97,1,1,0,0,0,0,0,1,0
20,7.68,69.89,79.13,82.87,0,1,5,40,50,1,0,1,0,0,0,1,0,0
22,8.59,63.7,95.98,71.94,4,1,3,44,57,1,1,0,0,0,0,0,0,1
21,6.04,58.76,88.5,93.23,1,1,1,83,41,0,1,0,0,0,0,0,1,0
23,5.8,69.35,79.92,56.96,3,0,0,85,71,0,0,1,0,0,0,0,1,0
23,8.26,98.24,51.09,92.29,2,0,0,49,88,0,1,0,0,1,0,0,0,0
21,6.45,63.31,66.65,51.19,1,1,1,89,88,0,0,1,0,0,0,0,1,0
20,9.87,66.8,52.87,87.66,2,0,0,60,59,0,0,1,0,0,0,0,1,0
22,7.26,66.46,66.11,78.67,0,1,4,49,60,1,1,0,1,0,0,0,0,0
22,5.56,74.01,53.12,84.84,3,0,4,65,75,0,1,0,0,0,1,0,0,0
23,8.43,92.18,58.39,70.62,1,1,5,55,77,1,1,0,0,1,0,0,0,0
22,6.53,70.11,70.53,93.22,2,0,4,77,95,1,0,1,0,1,0,0,0,0
21,5.74,90.31,75.74,65.66,2,1,1,42,66,0,0,1,0,0,0,1,0,0
20,7.11,55.75,60.86,63.75,2,1,2,59,86,0,0,1,0,0,0,0,1,0
21,9.82,94.75,86.63,65.09,1,0,1,86,50,1,1,0,0,0,0,1,0,0
24,7.06,59.27,79.52,88.72,4,0,2,44,57,0,0,1,1,0,0,0,0,0
23,6.74,51.96,84.59,74.76,0,0,0,45,56,0,1,0,0,0,0,0,0,1
22,7.22,57.92,86.64,76.85,3,0,5,64,73,0,0,1,0,0,0,0,1,0
24,5.06,59.54,86.35,91.58,2,0,0,64,84,0,0,1,0,0,0,0,0,1
22,5.67,75.43,96.81,91.67,1,0,0,93,65,0,0,1,0,0,1,0,0,0
20,9.25,72.5,61.86,58.09,2,0,2,51,98,1,0,1,1,0,0,0,0,0
20,9.89,85.79,63.51,77.49,1,0,0,40,45,1,0,1,0,0,0,0,1,0
20,5.79,52.55,54.71,56.3,4,1,1,93,82,0,1,0,0,0,0,1,0,0
22,7.68,74.89,79.63,93.43,2,1,2,81,69,1,1,0,0,0,0,1,0,0
24,9.83,66.62,69.76,91.85,2,0,4,42,91,1,0,1,0,0,0,0,1,0
20,5.78,81.54,74.81,92.47,3,0,2,60,78,0,0,1,0,0,0,1,0,0
24,5.93,52.18,58.49,85.24,1,1,1,44,89,0,0,1,0,0,0,0,1,0
22,9.63,51.75,82.45,73.34,1,1,5,97,71,1,1,0,0,1,0,0,0,0
24,8.53,71.36,80.95,70.24,4,1,1,54,56,0,0,1,0,0,0,1,0,0
22,5.76,90.57,63.24,69.76,2,0,1,43,52,0,1,0,0,0,0,0,1,0
22,6.97,83.55,73.27,53.31,3,1,0,58,92,0,0,1,0,0,0,0,1,0
23,5.28,50.84,94.72,97.44,0,0,5,56,85,1,0,1,0,0,0,1,0,0
22,7.16,58.92,88.67,72.51,3,0,4,94,80,0,1,0,0,1,0,0,0,0
22,8.89,61.34,61.35,96.51,3,0,5,100,52,1,0,1,0,0,0,1,0,0
21,7.77,71.15,93.94,93.96,3,1,4,47,45,1,1,0,0,0,0,0,1,0
20,8.24,79.34,53.37,91.43,3,0,3,76,61,0,0,1,0,1,0,0,0,0
23,6.63,60.82,70.7,79.42,2,0,5,63,72,0,0,1,0,0,0,0,0,1
23,5.81,69.13,54.01,55.08,3,1,5,43,72,0,0,1,0,0,1,0,0,0
23,5.07,79.2,96.21,66.2,1,1,1,63,43,0,1,0,0,0,0,1,0,0
21,9.11,69.17,52.04,80.18,1,0,5,58,53,1,1,0,1,0,0,0,0,0
22,8.18,57.16,57.56,50.67,3,0,0,63,89,0,0,1,0,0,0,0,1,0
20,6.15,74.58,95.75,52.13,1,1,2,93,87,1,1,0,0,1,0,0,0,0
24,7.09,66.2,79.11,83.88,2,1,0,80,74,0,0,1,0,1,0,0,0,0
22,9.01,93.21,89.76,94.41,0,0,1,84,66,1,0,1,0,0,0,0,0,1
21,7.69,88.78,50.82,92.76,3,0,0,60,45,0,0,1,0,0,0,1,0,0
22,6.5,59.51,70.95,58.41,1,0,5,56,97,0,0,1,1,0,0,0,0,0
22,6.34,57.63,99.22,95.56,1,1,1,47,100,0,0,1,0,1,0,0,0,0
21,6.09,67.38,78.99,84.82,2,1,5,70,40,0,1,0,0,0,0,0,0,1
23,9.12,70.61,92.48,85.82,2,0,2,98,82,1,0,1,0,0,0,0,1,0
23,7.91,96.6,98.18,65.2,0,0,2,58,67,1,0,1,0,0,0,0,0,1
20,8.55,65.08,84.25,85.8,4,0,4,50,68,0,0,1,0,0,0,1,0,0
20,9.3,93.38,66.38,85.49,4,0,5,92,71,1,1,0,0,0,0,0,0,1
23,9.93,75.27,65.43,79.73,4,1,3,85,67,1,1,0,0,1,0,0,0,0
24,6.25,94.28,53.56,67.86,0,0,0,89,66,0,0,1,0,1,0,0,0,0
22,5.9,85.1,71.39,90.55,3,1,3,62,49,0,0,1,0,0,1,0,0,0
24,7.31,85.42,95.77,96.88,4,0,0,76,57,0,0,1,0,0,0,0,0,1
22,5.18,75.94,73.9,93.49,4,0,4,67,43,0,0,1,0,0,0,0,1,0
23,8.96,92.02,95.55,62.15,1,0,4,62,77,1,0,1,1,0,0,0,0,0
20,9.42,62.72,90.86,72.28,1,0,2,51,100,1,0,1,1,0,0,0,0,0
20,8.43,95.37,99.21,67.12,3,1,2,55,90,1,0,1,0,0,0,1,0,0
24,6.34,81.84,97.38,85.37,2,1,5,55,80,1,0,1,0,0,1,0,0,0
20,5.62,71.94,85.32,91.57,0,0,2,53,81,0,0,1,0,0,0,0,0,1
23,6.91,99.11,93.56,60.79,4,0,5,46,91,0,1,0,0,0,0,0,1,0
24,9.17,93.1,87.4,97.36,0,0,0,60,94,1,1,0,0,0,1,0,0,0
22,6.74,88.6,85.17,83.87,1,0,5,60,71,1,1,0,0,1,0,0,0,0
20,5.17,63.7,85.78,60.92,0,0,3,80,98,0,0,1,0,0,0,1,0,0
21,6.37,98.69,86.05,68.55,1,1,3,74,44,1,0,1,0,0,0,0,0,1
20,9.95,87.15,68.97,55.23,0,1,2,85,61,1,0,1,1,0,0,0,0,0
22,8.38,80.26,71.18,79.85,1,1,4,63,96,1,1,0,0,0,0,0,1,0
24,9.5,96.09,64.7,58.46,0,0,3,40,87,1,0,1,0,1,0,0,0,0
22,8.87,58.11,57.41,84.65,4,0,4,53,96,1,1,0,0,0,1,0,0,0
21,7.7,56.95,72.92,86.86,4,1,2,59,61,0,1,0,0,0,0,1,0,0
23,5.74,78.19,95.0,73.97,3,0,0,67,41,0,0,1,0,0,1,0,0,0
20,6.74,52.84,82.56,54.69,0,1,5,57,80,1,1,0,1,0,0,0,0,0
24,7.92,83.2,52.81,80.54,2,1,1,42,82,0,0,1,0,0,1,0,0,0
23,9.35,62.04,90.56,68.61,3,0,3,66,73,1,0,1,0,0,0,0,1,0
22,6.34,55.95,96.77,97.48,0,1,5,45,89,1,0,1,0,1,0,0,0,0
24,5.61,70.47,91.47,75.66,2,0,5,43,41,0,0,1,0,0,0,0,0,1
23,7.79,73.3,86.38,53.61,4,0,2,40,85,0,1,0,0,0,0,0,1,0
24,5.88,58.52,57.51,81.8,4,1,2,60,94,0,0,1,1,0,0,0,0,0
21,8.05,52.08,67.45,88.97,4,0,5,74,98,1,0,1,0,0,0,1,0,0
21,6.32,70.7,78.26,58.03,2,0,3,100,75,0,1,0,1,0,0,0,0,0
20,6.15,87.98,53.84,72.45,1,0,1,67,79,0,1,0,1,0,0,0,0,0
20,7.0,93.71,55.31,87.16,0,1,0,57,47,0,0,1,0,0,1,0,0,0
21,7.97,54.88,96.71,51.02,3,1,3,91,72,1,1,0,0,0,0,1,0,0
24,7.73,76.23,85.13,51.45,3,1,5,100,72,1,1,0,0,0,0,0,1,0
21,6.22,63.17,63.75,83.85,4,1,0,91,43,0,0,1,1,0,0,0,0,0
20,9.46,68.73,66.37,86.26,1,0,2,74,57,1,0,1,0,0,0,0,1,0
21,5.55,96.67,69.22,92.29,0,1,5,92,100,1,0,1,0,0,0,0,0,1
21,5.2,67.6,53.75,69.98,0,0,5,60,58,0,1,0,0,0,1,0,0,0
24,8.01,68.27,86.96,69.49,3,0,3,55,49,0,1,0,0,0,0,0,1,0
23,5.62,60.47,58.84,77.62,3,0,0,95,89,0,1,0,0,0,0,1,0,0
20,7.52,98.0,90.26,87.87,3,1,4,65,81,1,0,1,1,0,0,0,0,0
24,9.76,72.82,92.29,82.05,0,1,4,78,80,1,0,1,0,0,0,0,0,1
21,8.49,78.52,81.92,66.37,3,1,4,98,69,1,0,1,0,0,0,1,0,0
21,8.09,72.66,88.49,67.33,0,1,5,48,61,1,0,1,0,0,1,0,0,0
23,7.87,62.65,58.59,88.15,4,1,0,62,78,0,1,0,0,0,0,0,0,1
20,5.9,90.52,78.8,76.73,1,0,4,41,77,0,1,0,0,0,0,0,0,1
20,7.16,51.42,83.84,54.9,3,1,2,42,40,0,0,1,0,0,0,0,0,1
22,6.71,84.51,83.08,57.65,0,1,5,93,69,1,0,1,1,0,0,0,0,0
20,9.77,79.71,55.86,92.56,4,1,0,72,44,0,0,1,0,1,0,0,0,0
23,6.21,57.21,67.22,99.94,2,0,2,63,90,0,0,1,0,0,0,0,0,1
22,7.36,58.3,66.25,66.78,4,0,1,62,86,0,0,1,0,0,0,1,0,0
22,9.69,82.96,78.63,69.34,1,0,0,45,65,1,0,1,0,0,0,1,0,0
21,8.95,65.61,88.26,57.72,4,1,4,60,95,1,0,1,0,0,1,0,0,0
21,9.82,63.29,78.53,61.79,3,0,4,86,85,1,0,1,0,0,0,0,1,0
20,8.04,52.96,87.74,71.23,3,1,5,97,70,1,0,1,0,0,0,0,1,0
22,6.67,88.32,54.95,64.22,2,1,1,44,78,0,0,1,0,1,0,0,0,0
21,9.13,94.13,93.91,85.07,0,0,5,52,80,1,1,0,1,0,0,0,0,0
23,6.46,90.99,76.83,76.89,4,0,3,79,51,0,0,1,1,0,0,0,0,0
21,5.82,73.3,51.87,91.11,2,0,1,95,56,0,1,0,0,0,0,0,0,1
21,8.53,76.7,82.16,86.23,3,0,4,52,57,1,0,1,0,1,0,0,0,0
22,8.19,62.11,75.87,56.41,0,1,4,58,41,1,0,1,0,0,1,0,0,0
22,9.39,58.64,61.02,56.17,0,1,3,48,88,1,0,1,0,0,1,0,0,0
24,9.81,91.15,88.22,94.78,1,0,1,42,63,1,0,1,0,0,0,0,1,0
23,9.29,89.92,96.68,90.98,3,1,2,100,67,1,1,0,0,0,1,0,0,0
22,5.3,88.87,66.13,73.4,0,0,1,70,91,0,0,1,0,0,0,0,0,1
20,8.32,73.17,74.7,56.52,1,0,2,97,78,1,1,0,0,0,0,1,0,0
23,8.92,93.23,56.41,94.93,1,0,4,85,49,1,1,0,0,0,1,0,0,0
23,9.91,96.31,96.49,61.54,3,0,4,95,86,1,0,1,0,1,0,0,0,0
22,6.87,66.42,65.94,51.78,0,0,1,78,72,0,0,1,0,0,0,0,0,1
23,5.85,61.23,59.74,96.21,0,1,4,52,63,1,1,0,0,0,1,0,0,0
22,9.26,73.21,73.92,90.45,4,1,5,80,50,1,0,1,1,0,0,0,0,0
21,6.59,58.97,52.16,84.67,0,0,5,50,47,0,1,0,0,0,1,0,0,0
24,7.99,94.2,62.64,51.7,1,0,5,80,66,1,0,1,1,0,0,0,0,0
21,6.95,66.9,53.38,76.42,2,1,3,50,65,0,0,1,0,0,0,0,0,1
22,7.01,78.81,56.37,82.68,3,0,0,85,51,0,0,1,0,0,1,0,0,0
22,8.66,79.74,55.61,87.97,2,0,2,86,74,1,0,1,1,0,0,0,0,0
21,6.81,75.75,93.62,73.55,0,0,4,88,96,1,1,0,0,0,0,1,0,0
20,8.47,57.83,96.52,97.67,1,1,2,40,54,1,0,1,0,0,0,0,1,0
20,5.07,99.55,73.73,62.24,2,0,1,74,60,0,1,0,0,0,0,0,0,1
20,6.62,58.63,81.52,53.49,3,1,3,94,76,0,0,1,1,0,0,0,0,0
22,6.6,87.58,84.8,66.64,4,0,2,74,99,0,0,1,0,1,0,0,0,0
23,8.74,89.57,69.57,83.09,2,1,4,42,69,1,0,1,0,0,1,0,0,0
22,6.57,57.26,68.51,86.86,4,0,0,43,44,0,0,1,1,0,0,0,0,0
23,8.17,96.66,83.78,86.92,0,0,5,63,56,1,0,1,1,0,0,0,0,0
21,8.44,74.39,68.84,55.53,0,1,3,69,65,1,0,1,1,0,0,0,0,0
24,8.29,81.44,79.05,94.25,3,0,1,71,73,0,1,0,0,0,0,0,1,0
23,8.02,82.11,75.76,64.04,4,0,4,88,72,0,0,1,0,1,0,0,0,0
20,7.07,75.25,76.22,60.5,4,0,3,59,57,0,0,1,0,1,0,0,0,0
22,6.87,57.1,91.47,80.72,3,1,4,75,64,0,1,0,0,0,0,1,0,0
21,7.82,87.59,85.2,60.59,2,1,1,52,80,1,1,0,0,0,0,0,1,0
20,5.32,79.09,98.03,75.4,3,0,1,95,100,0,0,1,1,0,0,0,0,0
21,9.38,55.93,89.55,70.35,0,1,0,78,69,1,0,1,0,0,0,0,0,1
24,9.13,85.02,57.29,61.6,4,0,3,43,76,0,1,0,0,0,0,0,1,0
22,6.73,85.14,86.92,64.6,1,1,0,67,59,0,1,0,0,0,0,0,1,0
22,7.83,77.42,83.28,71.37,1,1,0,79,84,1,0,1,0,1,0,0,0,0
24,9.66,54.53,82.3,67.31,0,1,0,82,41,1,0,1,0,0,0,1,0,0
22,6.36,67.63,74.04,69.08,4,1,5,90,93,0,1,0,0,0,0,1,0,0
23,8.71,52.55,53.12,86.77,4,0,2,97,52,0,0,1,0,0,0,0,1,0
21,5.41,73.88,97.57,58.42,3,0,1,46,96,0,1,0,0,0,0,0,1,0
20,7.62,95.32,92.6,81.38,2,0,0,48,100,0,0,1,0,0,1,0,0,0
24,9.42,50.11,74.34,83.91,3,1,2,61,79,1,1,0,1,0,0,0,0,0
23,7.76,63.33,57.93,90.1,1,0,2,43,81,0,0,1,0,1,0,0,0,0
20,8.08,89.99,91.22,92.37,4,0,2,75,59,0,0,1,1,0,0,0,0,0
20,9.54,50.49,71.53,57.93,2,0,0,72,45,0,1,0,0,0,0,0,0,1
24,8.58,50.51,69.51,56.91,3,0,2,45,50,0,0,1,0,0,0,0,0,1
23,8.48,80.54,83.27,80.74,2,1,0,42,85,1,0,1,0,0,0,1,0,0
20,7.93,89.46,87.93,87.85,1,1,3,74,64,1,0,1,0,1,0,0,0,0
20,8.16,88.83,53.14,63.62,2,0,1,72,81,0,0,1,1,0,0,0,0,0
23,9.02,88.98,88.38,76.29,4,0,4,46,49,1,0,1,0,0,0,1,0,0
22,9.9,68.05,86.7,88.61,2,1,0,80,70,1,1,0,0,0,0,0,0,1
20,8.98,94.14,79.46,88.38,2,1,1,74,82,1,0,1,0,0,0,0,1,0
21,8.54,50.64,66.92,82.69,3,0,0,94,43,0,0,1,0,1,0,0,0,0
23,5.68,65.61,58.24,53.94,2,0,5,96,64,0,0,1,0,1,0,0,0,0
20,9.09,66.86,55.13,52.53,2,0,3,86,67,1,1,0,1,0,0,0,0,0
24,8.68,58.28,50.06,69.42,1,0,1,42,63,0,1,0,0,0,1,0,0,0
21,8.85,66.81,60.32,51.33,2,1,1,96,74,1,0,1,1,0,0,0,0,0
20,6.16,79.29,70.57,95.21,3,1,2,82,80,0,0,1,0,0,0,0,1,0
21,9.52,76.01,62.18,51.01,3,0,0,57,100,0,1,0,0,0,0,0,1,0
21,5.49,65.97,65.45,51.48,4,0,0,42,99,0,0,1,0,0,0,1,0,0
22,6.27,87.47,69.52,58.27,1,1,4,98,44,1,1,0,0,1,0,0,0,0
21,8.32,85.74,65.41,81.35,0,1,2,91,72,1,1,0,0,0,0,1,0,0
22,8.37,64.03,86.23,77.08,4,0,2,78,50,0,1,0,0,0,0,0,1,0
23,6.57,66.16,74.59,82.97,2,1,4,66,47,0,0,1,0,0,1,0,0,0
22,8.51,64.38,50.97,94.68,1,0,2,48,60,1,1,0,0,1,0,0,0,0
24,6.94,56.44,61.33,72.75,4,0,2,100,71,0,1,0,0,0,0,0,1,0
20,5.0,87.64,85.48,52.19,3,0,3,56,44,0,1,0,0,0,1,0,0,0
23,5.81,52.31,65.05,88.17,1,0,5,99,73,0,0,1,1,0,0,0,0,0
23,9.41,57.53,96.01,90.6,1,1,1,80,48,1,0,1,0,0,0,0,0,1
24,6.11,55.27,85.63,52.49,2,0,4,81,77,0,0,1,0,0,0,0,1,0
22,5.56,91.27,64.5,62.14,1,1,3,84,82,0,0,1,0,0,0,0,0,1
20,8.41,52.2,75.82,88.53,1,0,5,44,71,1,1,0,0,0,0,1,0,0
22,7.2,83.23,83.36,68.81,0,0,3,85,49,1,0,1,0,0,0,0,0,1
21,8.98,52.22,59.67,73.63,2,1,3,43,51,1,0,1,0,0,0,0,1,0
22,9.31,89.32,62.31,91.16,1,1,2,53,74,1,0,1,0,0,0,0,0,1
23,9.23,95.64,75.36,54.73,1,1,5,68,78,1,1,0,0,1,0,0,0,0
20,6.57,74.34,96.24,83.86,0,0,5,50,57,1,1,0,0,0,0,0,1,0
22,7.53,90.23,67.2,60.75,0,1,4,99,62,1,0,1,0,0,1,0,0,0
20,8.25,85.32,70.11,53.13,3,0,2,61,51,0,0,1,0,0,0,0,0,1
20,6.61,89.78,59.53,83.12,2,0,2,81,70,0,0,1,0,1,0,0,0,0
21,5.21,88.34,79.66,56.07,0,0,3,44,50,0,1,0,0,0,0,1,0,0
21,7.48,60.27,87.01,87.35,1,0,0,92,73,0,1,0,0,0,0,1,0,0
23,5.06,74.98,72.03,60.14,0,1,4,51,66,0,1,0,0,0,0,0,0,1
24,9.75,98.02,87.51,52.43,4,0,4,60,60,1,0,1,0,0,0,1,0,0
20,8.98,67.18,65.13,54.96,3,1,3,54,49,1,1,0,0,0,1,0,0,0
24,5.96,98.52,85.35,92.06,3,1,3,63,52,0,0,1,0,0,0,0,1,0
23,6.44,79.16,62.92,68.55,2,1,1,52,97,0,1,0,0,1,0,0,0,0
20,9.91,73.08,89.03,65.11,3,0,3,71,84,1,0,1,1,0,0,0,0,0
20,6.87,82.89,91.53,74.56,2,1,2,65,86,1,1,0,0,0,0,0,0,1
24,8.92,90.79,89.89,81.65,4,0,3,79,64,1,0,1,0,0,0,1,0,0
22,7.23,69.71,60.77,51.86,1,1,4,65,52,1,1,0,0,0,0,0,1,0
21,9.32,51.65,84.71,94.91,4,0,0,75,80,0,1,0,1,0,0,0,0,0
22,8.52,85.44,76.93,97.92,2,0,0,84,45,0,0,1,0,0,1,0,0,0
24,5.11,97.81,99.3,70.87,2,0,2,69,74,0,0,1,0,0,0,1,0,0
21,6.47,81.25,68.08,70.63,2,0,0,86,67,0,1,0,0,0,0,1,0,0
22,7.79,59.42,88.56,93.93,1,0,3,48,59,1,0,1,0,1,0,0,0,0
21,9.63,62.41,68.5,71.47,2,1,0,63,59,1,0,1,0,0,1,0,0,0
20,5.51,95.49,69.84,92.81,4,0,3,99,80,0,0,1,0,0,1,0,0,0
22,8.01,50.68,55.55,51.42,1,0,5,77,43,1,1,0,0,0,0,0,0,1
21,6.51,77.44,61.98,74.48,4,1,1,57,59,0,0,1,1,0,0,0,0,0
21,9.45,57.93,58.22,97.62,1,1,4,48,44,1,0,1,0,1,0,0,0,0
21,8.83,64.14,57.96,62.64,2,1,5,61,61,1,0,1,0,0,0,0,0,1
22,6.85,65.35,50.45,63.31,1,0,2,95,63,0,0,1,0,1,0,0,0,0
23,5.84,60.96,89.69,81.51,0,1,1,77,83,0,1,0,0,0,1,0,0,0
22,5.06,89.62,73.4,96.31,4,1,0,60,56,0,1,0,0,1,0,0,0,0
24,8.11,66.61,90.21,59.94,0,1,2,46,44,1,1,0,0,1,0,0,0,0
22,7.03,67.27,80.63,96.08,0,0,3,51,96,1,0,1,0,1,0,0,0,0
21,6.57,72.65,91.57,83.15,2,0,1,75,65,0,1,0,0,0,0,0,1,0
20,9.93,95.11,75.19,99.65,2,0,4,97,75,1,0,1,0,0,0,0,1,0
22,7.33,84.41,54.7,86.82,0,1,4,50,47,1,0,1,1,0,0,0,0,0
22,8.75,53.09,80.84,83.39,1,0,1,42,48,0,1,0,1,0,0,0,0,0
21,5.89,51.96,83.89,90.75,2,0,1,66,56,0,1,0,0,0,1,0,0,0
20,5.07,78.32,81.33,58.76,4,0,1,99,95,0,1,0,0,1,0,0,0,0
20,7.09,94.35,90.07,97.3,0,0,0,46,47,0,1,0,0,0,1,0,0,0
24,8.33,66.16,86.57,58.28,4,0,5,41,44,0,0,1,0,0,0,0,1,0
22,7.53,62.39,71.63,51.28,4,0,5,49,49,0,0,1,0,1,0,0,0,0
20,9.45,87.41,90.96,84.89,4,0,5,42,89,1,1,0,0,0,0,0,0,1
20,7.17,80.1,84.59,59.23,0,0,4,56,99,1,0,1,0,0,0,0,1,0
23,6.56,78.25,56.02,87.94,3,1,4,82,94,1,0,1,0,0,0,0,1,0
23,9.58,57.47,76.99,89.75,2,1,0,99,53,1,1,0,0,0,0,0,1,0
20,7.03,58.8,86.43,61.83,4,0,2,40,66,0,1,0,0,1,0,0,0,0
24,6.35,64.09,77.66,54.34,0,0,4,73,66,0,0,1,1,0,0,0,0,0
20,5.49,60.34,97.45,75.04,3,1,2,52,44,0,1,0,0,0,0,1,0,0
21,8.97,98.57,55.07,94.51,0,0,2,53,54,1,1,0,0,0,0,0,0,1
22,9.13,50.93,86.12,92.36,2,1,2,56,67,1,1,0,0,0,0,0,0,1
24,5.17,81.3,91.22,55.85,0,1,4,73,44,0,0,1,0,0,1,0,0,0
21,6.79,75.88,85.13,98.24,1,1,3,56,61,1,0,1,0,1,0,0,0,0
24,8.75,66.16,69.28,63.2,1,0,2,90,51,1,0,1,1,0,0,0,0,0
21,9.73,94.38,69.27,67.47,4,0,5,96,81,1,0,1,0,0,0,0,1,0
22,6.89,83.51,79.33,57.45,0,0,3,80,47,1,0,1,0,0,0,1,0,0
22,9.36,99.92,69.85,68.89,0,0,0,95,98,1,0,1,0,1,0,0,0,0
23,6.97,58.43,94.16,81.78,4,0,5,64,40,0,0,1,0,1,0,0,0,0
21,5.9,54.39,55.5,75.3,4,0,3,83,74,0,1,0,1,0,0,0,0,0
23,5.02,56.97,81.96,91.38,3,1,3,69,99,0,0,1,0,0,0,1,0,0
21,6.65,63.46,56.71,82.07,0,0,1,87,55,0,1,0,0,0,0,0,1,0
23,6.89,70.84,77.01,63.18,2,1,2,75,94,0,1,0,0,1,0,0,0,0
22,9.73,93.13,85.78,77.87,2,0,4,95,69,1,0,1,0,0,0,0,0,1
24,6.03,64.18,58.28,53.21,2,0,1,50,82,0,1,0,0,0,0,0,0,1
23,6.91,95.76,85.2,79.04,4,0,5,60,80,0,1,0,0,0,0,1,0,0
21,5.13,73.15,57.0,69.48,4,0,3,59,49,0,0,1,0,0,0,0,1,0
21,8.82,82.35,81.03,54.92,4,0,0,68,73,0,1,0,0,0,0,1,0,0
22,9.58,63.22,75.28,65.37,2,1,4,43,91,1,0,1,0,1,0,0,0,0
21,6.19,57.8,64.9,94.9,3,1,0,73,50,0,1,0,0,0,0,0,0,1
20,7.14,93.47,55.58,79.3,1,0,3,81,59,1,0,1,0,0,1,0,0,0
24,5.61,55.48,86.79,95.16,0,1,0,80,82,0,1,0,0,0,0,1,0,0
23,7.28,88.7,69.09,70.54,1,0,1,100,46,0,0,1,0,0,1,0,0,0
24,5.67,79.05,54.33,98.95,0,1,0,96,60,0,1,0,0,0,1,0,0,0
22,7.62,93.06,88.64,68.0,4,0,1,56,99,0,0,1,1,0,0,0,0,0
23,8.67,85.89,61.64,87.84,2,0,2,51,50,1,1,0,0,0,0,0,0,1
23,7.77,64.08,86.82,65.27,1,1,4,43,76,1,1,0,0,0,0,1,0,0
20,6.23,78.72,78.24,55.3,4,1,0,80,62,0,0,1,0,0,1,0,0,0
22,6.77,50.65,59.73,91.65,0,0,1,53,83,0,1,0,0,1,0,0,0,0
21,8.19,73.76,53.82,88.13,1,0,3,43,70,1,0,1,1,0,0,0,0,0
20,7.95,54.3,79.66,91.03,1,1,5,73,57,1,1,0,0,0,0,0,1,0
20,5.68,71.45,51.26,64.98,1,1,3,57,63,0,0,1,1,0,0,0,0,0
24,9.22,55.48,53.27,85.18,1,0,1,52,61,1,1,0,0,0,0,0,1,0
24,7.38,97.77,85.11,61.0,1,1,4,49,76,1,1,0,0,0,0,0,0,1
24,5.81,76.15,76.94,50.57,4,1,2,53,86,0,0,1,0,0,0,1,0,0
20,5.61,95.66,66.31,93.32,0,0,2,48,83,0,0,1,0,0,0,1,0,0
21,9.83,51.12,76.96,76.18,0,0,4,82,40,1,0,1,0,0,0,0,1,0
23,6.41,81.88,79.58,99.18,3,0,5,59,89,1,1,0,0,1,0,0,0,0
24,9.54,65.35,78.26,69.25,2,0,0,40,45,0,0,1,0,0,0,0,1,0
21,7.05,71.59,82.13,97.84,1,0,1,83,77,0,0,1,0,0,0,0,1,0
22,6.93,93.65,97.01,80.75,0,0,2,68,68,1,1,0,0,0,0,1,0,0
24,8.5,99.0,69.44,75.61,2,1,4,56,82,1,0,1,0,0,1,0,0,0
23,5.05,62.32,65.06,65.14,2,1,2,88,96,0,1,0,0,1,0,0,0,0
22,6.69,97.41,51.92,91.26,4,1,2,47,50,0,0,1,0,0,0,1,0,0
22,6.51,84.44,57.35,91.44,1,1,0,56,55,0,0,1,1,0,0,0,0,0
23,9.34,97.57,55.31,70.85,3,0,2,60,45,1,1,0,0,0,0,0,1,0
24,7.65,78.12,66.77,86.36,2,0,1,64,40,0,0,1,0,0,1,0,0,0
20,6.82,98.04,80.5,72.36,4,0,4,59,99,0,0,1,0,1,0,0,0,0
23,6.33,94.62,52.32,86.98,1,0,5,98,94,1,1,0,0,0,0,0,0,1
23,7.95,56.43,86.38,99.71,0,0,5,64,87,1,0,1,0,1,0,0,0,0
23,5.76,65.54,69.87,63.12,3,0,5,60,99,0,1,0,0,1,0,0,0,0
22,6.23,62.15,98.18,81.7,1,1,0,52,74,0,1,0,0,0,0,0,1,0
21,6.47,78.6,78.42,68.99,4,0,5,96,63,0,0,1,0,0,0,0,1,0
20,8.04,90.14,88.57,77.42,4,0,0,52,77,0,0,1,0,0,0,0,0,1
24,6.87,87.97,93.06,93.71,4,1,5,86,42,1,1,0,0,0,0,0,0,1
24,7.53,86.34,94.44,67.38,4,1,4,89,90,1,0,1,0,0,0,0,0,1
21,8.25,68.76,75.92,53.62,4,1,1,69,100,0,0,1,0,0,0,1,0,0
23,9.78,56.98,69.84,89.95,3,0,5,52,79,1,1,0,0,0,0,1,0,0
20,8.82,60.53,78.03,77.75,2,1,2,79,93,1,0,1,0,0,0,0,1,0
24,7.03,87.08,70.1,72.47,2,0,2,46,41,0,1,0,0,0,0,0,1,0
24,8.74,57.38,62.04,59.17,0,1,5,94,90,1,0,1,0,0,0,0,0,1
23,9.75,61.15,66.2,54.64,2,1,1,90,99,1,0,1,0,0,0,1,0,0
21,7.5,71.23,61.64,63.94,4,0,3,81,54,0,0,1,0,0,1,0,0,0
20,7.05,53.61,63.47,85.95,2,0,4,51,61,0,1,0,0,0,0,1,0,0
21,5.39,60.63,54.68,70.59,2,1,1,41,85,0,1,0,0,0,0,0,1,0
21,9.46,57.49,71.32,78.51,4,0,2,98,85,1,1,0,0,0,0,1,0,0
20,6.23,97.57,61.76,54.1,3,1,4,53,94,0,0,1,0,0,0,0,1,0
20,5.32,59.58,72.42,56.16,4,0,5,81,43,0,0,1,0,0,0,0,0,1
24,7.69,93.09,89.61,50.57,2,0,4,56,63,1,0,1,0,0,0,0,0,1
24,9.23,55.74,72.42,83.66,2,1,2,52,58,1,0,1,0,0,0,0,0,1
20,7.03,93.48,97.73,63.22,0,0,1,40,69,0,1,0,0,0,1,0,0,0
22,8.92,79.97,57.39,98.35,4,1,3,94,61,1,1,0,0,0,1,0,0,0
24,9.18,92.49,92.51,65.42,0,1,4,96,78,1,0,1,0,0,0,0,1,0
22,7.27,93.37,62.41,68.18,0,1,5,86,87,1,1,0,0,1,0,0,0,0
20,7.95,79.82,96.7,73.47,1,1,4,40,79,1,0,1,1,0,0,0,0,0
24,7.67,95.88,61.36,65.96,0,0,4,86,66,1,1,0,0,0,1,0,0,0
21,9.7,79.27,87.35,90.87,2,0,5,65,54,1,0,1,0,0,0,0,1,0
20,8.63,85.63,53.11,93.81,2,0,5,91,91,1,0,1,0,0,0,1,0,0
23,9.63,70.8,81.49,50.55,1,1,5,86,76,1,0,1,0,0,0,0,0,1
22,6.1,95.7,60.93,82.73,1,0,1,85,93,0,0,1,0,0,0,0,0,1
20,6.55,91.21,83.51,84.3,4,1,4,52,40,0,1,0,0,0,0,0,0,1
20,5.35,58.34,81.79,98.07,1,0,5,73,51,0,0,1,0,0,0,0,1,0
24,7.5,78.82,96.18,68.52,3,0,2,79,48,0,0,1,0,0,0,0,0,1
24,9.37,94.84,81.33,59.76,2,1,2,48,58,1,1,0,0,0,1,0,0,0
24,6.63,89.65,70.41,76.03,2,0,5,90,57,1,1,0,0,0,0,1,0,0
23,5.64,98.13,59.68,72.38,1,0,0,58,98,0,1,0,0,0,0,0,0,1
24,5.34,61.57,82.87,89.59,1,0,4,62,78,0,0,1,0,0,0,0,1,0
20,7.24,68.37,55.82,95.2,2,0,3,80,50,0,1,0,0,0,0,1,0,0
24,5.82,75.36,91.43,54.34,1,0,0,94,50,0,1,0,0,0,0,0,0,1
21,6.73,61.63,62.37,92.33,4,0,4,67,69,0,0,1,0,1,0,0,0,0
24,9.1,69.7,76.21,95.45,1,0,4,69,59,1,0,1,0,0,0,0,0,1
23,6.92,76.88,79.8,96.21,1,1,5,100,91,1,0,1,1,0,0,0,0,0
21,8.05,59.57,68.12,88.22,4,0,1,46,97,0,0,1,0,0,1,0,0,0
20,7.51,62.83,83.19,87.1,4,1,1,53,54,0,0,1,0,0,0,1,0,0
20,8.59,56.24,62.51,50.74,4,0,2,41,96,0,0,1,0,0,1,0,0,0
22,5.78,85.67,51.73,96.01,2,0,0,51,94,0,1,0,0,1,0,0,0,0
21,9.6,68.08,97.96,67.58,1,0,0,82,64,1,1,0,0,1,0,0,0,0
22,8.22,61.01,66.0,52.06,4,0,5,88,88,0,1,0,1,0,0,0,0,0
21,6.35,75.37,85.67,70.65,4,0,0,41,42,0,1,0,0,0,1,0,0,0
21,5.62,53.41,75.38,86.64,2,1,5,67,97,1,0,1,0,0,0,1,0,0
23,5.75,96.17,83.45,72.1,3,0,2,93,82,0,1,0,0,1,0,0,0,0
22,8.91,64.72,55.55,87.9,1,0,3,67,65,1,1,0,0,1,0,0,0,0
23,7.94,94.32,75.94,75.47,3,0,3,51,84,1,0,1,0,0,0,0,0,1
21,6.9,74.88,69.61,64.97,3,1,5,69,67,1,1,0,1,0,0,0,0,0
20,6.66,92.51,72.59,60.15,4,0,3,97,45,0,1,0,0,0,0,0,1,0
21,9.28,62.35,98.31,71.06,2,1,5,86,85,1,0,1,0,1,0,0,0,0
23,9.37,58.76,56.81,51.79,1,1,0,100,71,1,1,0,0,0,0,1,0,0
22,7.91,92.47,87.74,71.13,1,1,4,79,50,1,0,1,0,0,0,1,0,0
22,7.62,60.65,66.52,53.43,1,1,0,79,52,0,0,1,0,0,0,0,0,1
23,9.08,87.31,64.52,93.85,3,1,5,61,56,1,0,1,0,0,0,1,0,0
22,8.75,67.23,63.54,78.77,0,0,4,57,85,1,1,0,0,0,0,0,0,1
24,7.0,87.41,67.44,82.3,2,0,1,53,92,0,1,0,0,1,0,0,0,0
20,5.41,95.38,67.86,64.44,0,1,5,64,85,1,1,0,0,1,0,0,0,0
20,8.84,99.08,63.54,61.29,3,0,5,49,75,1,0,1,0,1,0,0,0,0
20,5.84,67.99,83.37,85.4,4,0,2,75,69,0,0,1,0,1,0,0,0,0
22,5.08,68.38,52.39,83.58,0,1,3,87,43,0,1,0,0,0,0,0,1,0
22,9.22,99.07,66.61,56.13,0,1,0,87,53,1,1,0,1,0,0,0,0,0
21,7.89,93.08,64.01,61.93,2,0,0,100,85,0,0,1,1,0,0,0,0,0
21,9.46,52.25,87.57,97.33,3,1,1,92,67,1,0,1,0,0,0,0,1,0
20,7.42,78.67,57.32,65.21,2,1,4,88,46,1,1,0,0,1,0,0,0,0
24,9.63,59.06,97.03,51.29,4,0,3,48,55,0,1,0,0,0,0,1,0,0
21,6.77,99.7,58.53,53.19,1,0,2,50,53,0,0,1,0,0,0,0,0,1
21,8.62,56.95,68.5,88.77,3,0,4,66,76,1,0,1,1,0,0,0,0,0
22,6.5,77.97,59.99,87.86,4,0,4,98,78,0,1,0,0,0,1,0,0,0
24,5.01,83.26,64.33,69.09,4,0,5,97,88,0,1,0,0,0,0,0,0,1
20,6.9,96.85,88.05,57.66,0,0,3,52,66,1,0,1,0,0,1,0,0,0
21,8.69,92.36,73.82,74.91,2,1,2,40,69,1,0,1,0,0,1,0,0,0
24,5.75,62.29,58.13,66.59,0,0,3,78,54,0,1,0,0,1,0,0,0,0
24,7.52,78.63,52.33,68.7,0,0,3,50,96,1,0,1,0,0,1,0,0,0
20,6.06,97.68,61.5,63.05,1,1,0,96,95,0,0,1,0,1,0,0,0,0
24,5.37,86.79,97.28,53.14,2,0,2,42,78,0,0,1,0,0,0,0,1,0
24,8.09,84.42,92.27,89.56,1,1,4,41,81,1,0,1,0,0,0,1,0,0
24,9.76,87.75,72.01,80.91,4,1,3,85,57,1,1,0,0,0,1,0,0,0
21,6.55,66.13,74.1,91.73,1,0,1,81,50,0,0,1,0,0,0,1,0,0
20,7.9,86.46,94.97,75.16,4,1,2,63,61,0,1,0,0,1,0,0,0,0
24,9.77,61.64,79.57,99.25,0,1,1,59,85,1,0,1,0,0,1,0,0,0
24,8.25,71.41,94.04,98.13,1,0,4,88,43,1,0,1,0,0,0,0,0,1
21,8.37,94.5,74.59,63.59,2,1,2,79,42,1,0,1,0,0,0,0,1,0
20,5.89,50.95,60.0,69.35,1,0,0,54,100,0,1,0,1,0,0,0,0,0
22,7.46,70.72,86.3,87.64,4,1,2,93,63,0,1,0,0,0,0,0,1,0
21,6.84,63.34,76.32,88.83,3,1,4,45,53,0,0,1,0,0,1,0,0,0
20,7.35,59.93,83.42,95.53,2,1,0,59,91,0,1,0,0,0,0,0,1,0
24,9.0,91.93,57.86,82.63,4,0,4,61,42,1,1,0,1,0,0,0,0,0
20,7.3,84.82,82.38,73.76,3,1,5,41,98,1,1,0,0,0,0,0,0,1
20,5.31,55.63,69.11,68.88,2,0,2,93,70,0,0,1,0,0,0,1,0,0
20,9.53,74.72,66.6,70.96,3,0,4,54,92,1,1,0,0,0,0,0,0,1
22,7.72,73.35,83.57,92.52,0,0,2,87,100,1,0,1,0,0,0,0,1,0
20,9.62,57.13,79.61,99.0,0,0,0,73,96,1,0,1,1,0,0,0,0,0
22,7.86,89.99,82.46,52.6,1,1,2,93,97,1,1,0,0,0,0,1,0,0
24,5.35,68.33,98.27,79.01,1,0,4,85,74,0,0,1,1,0,0,0,0,0
22,7.76,88.1,85.06,76.0,1,0,4,96,70,1,0,1,0,0,0,0,0,1
24,7.88,59.6,82.04,68.81,1,0,5,94,96,1,0,1,0,1,0,0,0,0
24,6.07,65.75,80.68,92.58,3,0,5,99,91,0,1,0,0,1,0,0,0,0
22,7.36,54.76,69.94,78.79,2,0,4,70,51,0,1,0,0,0,0,1,0,0
21,7.3,57.17,91.96,65.66,2,0,1,69,49,0,0,1,0,0,0,1,0,0
23,8.11,94.16,69.05,72.21,1,1,1,67,59,1,1,0,0,0,0,1,0,0
20,6.3,55.46,85.01,67.84,0,0,1,91,57,0,0,1,0,1,0,0,0,0
23,7.91,54.79,64.66,71.5,4,0,3,72,83,0,0,1,0,0,0,0,0,1
20,6.2,97.02,57.39,53.56,1,0,5,80,95,1,1,0,0,0,0,1,0,0
20,7.23,82.3,56.49,55.6,1,0,2,88,75,0,0,1,0,1,0,0,0,0
24,5.61,55.05,81.73,81.18,0,0,1,60,90,0,0,1,0,0,0,1,0,0
20,5.19,98.59,66.4,84.2,4,0,4,85,100,0,0,1,0,0,0,1,0,0
20,6.6,57.36,63.75,81.83,3,1,4,62,58,0,1,0,1,0,0,0,0,0
22,6.37,88.32,79.6,88.15,3,0,1,81,56,0,0,1,0,0,0,1,0,0
23,7.03,51.74,51.28,97.18,4,0,5,52,79,0,1,0,0,1,0,0,0,0
22,9.81,81.23,62.31,93.03,4,0,1,84,100,1,1,0,0,0,0,0,0,1
20,7.61,77.34,67.03,70.93,3,0,4,65,50,0,0,1,0,1,0,0,0,0
24,7.77,60.4,85.42,60.88,1,0,1,93,44,0,1,0,0,1,0,0,0,0
22,9.71,82.16,77.25,65.59,1,1,5,58,76,1,0,1,0,0,0,1,0,0
22,9.61,80.85,92.8,79.39,0,1,3,66,84,1,0,1,1,0,0,0,0,0
21,9.42,89.92,66.73,92.81,4,0,3,79,75,1,1,0,0,0,1,0,0,0
20,5.49,93.79,64.82,85.09,1,1,5,98,84,1,1,0,0,0,1,0,0,0
24,8.17,75.51,51.66,77.15,1,1,3,46,87,1,0,1,0,0,1,0,0,0
22,9.04,74.51,97.59,80.09,0,0,0,64,83,1,0,1,0,1,0,0,0,0
22,9.18,81.08,75.07,76.41,4,1,3,88,53,1,0,1,0,0,0,1,0,0
24,7.89,86.46,75.13,98.58,0,1,4,79,92,1,0,1,0,0,1,0,0,0
20,5.09,67.81,96.17,90.8,0,0,5,75,67,1,0,1,0,0,0,0,1,0
21,9.87,75.23,64.5,89.06,3,0,0,46,92,1,0,1,0,0,0,0,1,0
22,7.36,79.26,66.61,75.87,0,0,4,94,48,1,1,0,0,0,0,0,1,0
21,6.97,99.42,82.82,66.59,4,0,4,59,98,0,0,1,0,0,0,0,0,1
23,6.97,79.39,89.26,50.98,1,0,5,63,77,1,0,1,0,0,0,1,0,0
20,7.12,61.21,84.97,52.17,1,1,5,100,68,1,1,0,0,1,0,0,0,0
23,6.21,79.4,89.44,51.51,3,0,1,67,64,0,1,0,0,1,0,0,0,0
23,6.64,90.97,78.76,99.02,4,1,5,88,47,1,0,1,0,0,0,1,0,0
23,9.93,92.87,93.14,55.72,1,1,2,44,87,1,0,1,1,0,0,0,0,0
20,6.84,90.01,77.51,57.11,0,1,3,91,58,1,1,0,1,0,0,0,0,0
20,7.63,94.41,61.47,74.21,2,0,5,75,41,1,0,1,0,0,0,0,0,1
24,9.24,66.74,77.09,74.07,2,0,2,70,45,1,0,1,0,0,0,1,0,0
21,7.64,75.38,85.65,96.0,2,1,2,90,69,1,1,0,1,0,0,0,0,0
21,6.62,88.98,82.68,53.68,2,0,1,72,100,0,0,1,0,0,0,0,0,1
24,7.62,63.22,62.15,97.86,0,0,2,92,41,1,0,1,0,0,1,0,0,0
24,5.57,68.58,52.05,60.82,1,1,3,63,90,0,0,1,0,0,1,0,0,0
23,5.65,91.56,62.62,98.51,3,0,0,49,58,0,0,1,0,0,0,0,0,1
24,8.47,88.5,99.2,77.07,0,0,4,77,52,1,0,1,0,0,0,1,0,0
22,9.59,98.56,59.22,82.6,1,1,3,83,88,1,1,0,0,0,1,0,0,0
21,8.63,99.8,73.22,65.79,4,1,1,88,92,1,0,1,0,0,0,1,0,0
24,5.37,62.04,81.92,80.59,1,1,0,44,47,0,0,1,1,0,0,0,0,0
22,7.01,95.02,93.97,85.54,1,0,1,93,48,0,0,1,0,0,1,0,0,0
22,5.01,54.73,88.01,50.52,1,0,3,70,62,0,1,0,1,0,0,0,0,0
22,7.56,85.49,95.45,51.71,0,0,4,48,76,1,0,1,0,0,0,1,0,0
22,5.97,61.0,80.22,99.32,1,0,2,71,47,0,0,1,0,0,0,1,0,0
23,9.34,65.02,93.27,72.88,1,0,5,80,48,1,1,0,0,0,0,0,1,0
22,5.52,97.32,63.19,96.79,4,1,5,44,55,0,0,1,0,0,0,0,0,1
23,5.01,63.16,71.53,86.49,4,0,2,90,55,0,0,1,0,1,0,0,0,0
23,7.26,83.66,92.19,68.65,2,0,1,93,51,0,0,1,0,0,0,0,0,1
22,5.78,58.91,66.28,57.54,0,1,0,66,64,0,0,1,0,0,0,1,0,0
21,8.69,54.67,93.56,98.91,1,1,5,95,96,1,0,1,0,0,0,1,0,0
22,9.6,66.97,68.16,79.22,2,0,4,67,50,1,1,0,0,0,0,0,0,1
22,5.21,81.21,68.17,59.62,2,0,1,82,57,0,0,1,0,0,0,1,0,0
22,6.98,62.4,65.45,84.08,0,1,4,99,52,1,1,0,1,0,0,0,0,0
21,9.98,65.01,77.35,54.6,2,1,5,51,74,1,0,1,0,0,1,0,0,0
20,8.66,85.44,56.45,93.4,2,1,1,44,57,1,0,1,0,0,0,1,0,0
20,9.77,55.14,51.83,54.51,0,1,0,47,82,1,0,1,0,0,0,0,0,1
23,5.82,72.35,94.87,61.81,3,1,3,56,69,0,1,0,0,0,0,0,0,1
23,6.11,97.09,96.45,54.57,2,1,2,47,82,0,0,1,0,0,0,0,0,1
21,5.77,69.85,53.81,55.19,4,1,4,73,76,0,1,0,0,0,0,0,1,0
24,6.51,71.71,77.48,76.19,2,0,4,62,69,0,0,1,1,0,0,0,0,0
20,8.62,86.91,76.98,84.35,0,1,0,57,99,1,0,1,1,0,0,0,0,0
23,5.82,88.95,68.62,89.42,0,1,4,90,42,1,0,1,0,0,0,0,1,0
20,7.62,88.48,78.45,84.75,3,1,3,92,68,1,0,1,1,0,0,0,0,0
21,6.35,99.89,72.91,68.17,3,1,3,49,64,0,0,1,0,0,0,0,1,0
21,9.15,53.57,74.48,77.86,4,1,0,78,41,0,0,1,1,0,0,0,0,0
24,5.03,99.11,87.77,96.38,4,0,1,80,86,0,1,0,0,0,0,0,1,0
24,6.12,97.51,76.3,69.38,2,0,1,83,44,0,0,1,0,0,0,0,1,0
21,8.03,92.61,66.18,62.62,3,1,4,83,99,1,1,0,1,0,0,0,0,0
23,5.48,72.71,79.07,75.97,4,0,4,44,70,0,0,1,0,0,0,0,1,0
20,7.33,93.55,82.04,64.87,2,0,0,82,44,0,0,1,1,0,0,0,0,0
22,7.18,61.04,83.12,63.09,1,1,3,56,60,1,1,0,0,0,0,0,1,0
24,9.26,89.58,80.92,88.94,2,1,0,86,87,1,0,1,0,0,0,0,0,1
22,8.13,59.26,83.23,94.54,4,0,1,50,88,0,0,1,0,1,0,0,0,0
23,8.2,90.77,65.5,75.12,2,0,3,86,65,1,1,0,1,0,0,0,0,0
24,9.76,80.73,72.31,88.99,1,1,4,87,46,1,1,0,0,0,0,0,1,0
22,9.91,54.9,83.44,59.35,4,1,1,58,69,1,0,1,0,0,0,0,0,1
23,8.27,94.77,87.72,77.38,2,0,2,60,73,1,0,1,0,1,0,0,0,0
20,7.61,78.9,71.71,81.81,4,0,1,83,67,0,1,0,0,0,0,0,1,0
23,8.04,82.81,68.27,74.53,2,1,3,42,53,1,0,1,0,1,0,0,0,0
24,6.91,64.18,85.79,55.84,0,0,3,79,57,0,1,0,1,0,0,0,0,0
21,9.94,93.58,61.11,86.71,4,1,0,95,96,1,0,1,0,1,0,0,0,0
20,8.53,77.26,50.47,91.95,4,1,3,82,83,1,0,1,0,0,1,0,0,0
22,6.46,71.06,73.56,81.76,4,0,2,40,56,0,1,0,0,0,0,1,0,0
24,5.29,76.71,58.67,58.46,4,0,2,63,64,0,0,1,0,0,1,0,0,0
21,5.22,85.17,68.91,53.73,2,1,3,75,45,0,0,1,1,0,0,0,0,0
23,6.02,84.75,64.56,65.08,3,0,4,98,44,0,0,1,1,0,0,0,0,0
21,6.16,67.88,88.86,51.85,2,1,3,45,92,0,1,0,0,1,0,0,0,0
24,7.08,69.26,66.57,91.96,1,1,4,49,60,1,1,0,0,0,0,0,0,1
24,6.07,78.11,82.03,85.15,0,0,3,86,93,1,0,1,0,0,0,0,1,0
21,8.15,96.22,83.7,78.18,2,0,1,79,78,1,0,1,0,0,0,1,0,0
23,6.06,87.27,72.82,94.48,2,0,3,85,98,0,1,0,0,0,0,0,1,0
21,5.94,69.52,54.05,55.5,4,1,1,73,96,0,1,0,0,0,0,0,0,1
24,7.36,66.85,85.02,85.72,1,1,4,63,89,1,1,0,1,0,0,0,0,0
24,9.44,76.18,53.76,57.33,4,0,3,62,59,0,0,1,0,0,0,1,0,0
22,7.34,93.5,54.96,53.05,4,1,4,59,50,0,1,0,0,0,1,0,0,0
22,7.07,50.43,59.8,56.65,3,1,2,99,44,0,1,0,1,0,0,0,0,0
20,7.89,85.52,64.02,97.55,0,0,5,92,77,1,0,1,1,0,0,0,0,0
24,6.29,64.73,92.32,72.02,3,1,0,77,78,0,0,1,0,1,0,0,0,0
22,6.77,60.42,83.75,52.45,4,1,4,74,74,0,0,1,0,0,0,0,0,1
21,6.07,50.61,69.36,79.18,0,0,1,73,74,0,1,0,0,1,0,0,0,0
23,7.86,94.83,98.93,59.99,2,1,0,85,96,1,0,1,0,1,0,0,0,0
21,8.49,95.61,62.18,50.34,1,0,5,89,64,1,1,0,0,0,0,0,1,0
23,8.37,53.07,80.49,87.92,3,0,3,86,69,1,1,0,1,0,0,0,0,0
22,6.27,76.09,92.36,57.74,1,1,1,75,41,0,1,0,0,0,0,0,0,1
20,8.9,57.63,90.1,97.12,4,1,0,55,59,0,1,0,0,1,0,0,0,0
21,6.28,87.93,54.52,79.64,0,0,0,62,75,0,1,0,0,0,1,0,0,0
21,5.75,83.27,84.86,54.35,2,0,4,83,76,0,0,1,0,0,0,1,0,0
21,6.75,64.86,62.89,60.89,0,0,3,88,41,0,1,0,0,0,0,0,0,1
23,7.99,55.85,67.79,80.54,1,1,3,40,87,1,0,1,0,0,0,0,1,0
22,5.71,91.56,74.45,66.91,1,1,3,91,83,1,1,0,0,0,0,0,0,1
21,8.24,83.71,89.54,76.61,2,1,4,48,86,1,0,1,1,0,0,0,0,0
21,9.32,50.34,58.31,89.98,2,0,4,51,66,1,1,0,0,0,0,0,1,0
20,6.47,81.39,55.43,89.63,0,1,3,99,71,1,1,0,0,0,0,1,0,0
20,7.25,90.51,57.67,84.9,3,0,0,76,98,0,1,0,0,0,1,0,0,0
22,6.14,79.54,60.91,94.3,0,0,5,56,43,1,0,1,0,1,0,0,0,0
22,6.81,71.24,52.98,59.97,1,1,3,42,66,0,0,1,0,0,0,0,0,1
24,5.11,79.2,96.32,58.86,0,1,4,98,69,1,1,0,0,0,0,0,1,0
20,9.77,80.99,65.95,89.97,4,1,3,77,42,1,0,1,0,0,0,1,0,0
24,7.08,82.0,58.85,66.04,0,0,4,68,85,1,1,0,0,1,0,0,0,0
23,8.94,98.35,81.89,75.61,0,0,3,70,84,1,0,1,0,0,0,1,0,0
24,5.71,58.93,89.35,87.2,4,1,5,74,66,0,1,0,0,0,1,0,0,0
21,9.06,81.15,87.66,69.8,1,1,0,98,77,1,0,1,0,1,0,0,0,0
24,9.3,59.4,85.94,56.51,2,1,0,93,75,1,1,0,0,1,0,0,0,0
22,8.58,60.5,52.53,83.97,0,1,4,77,40,1,1,0,0,1,0,0,0,0
23,9.52,83.46,89.11,90.86,3,0,4,92,74,1,0,1,0,0,0,0,1,0
21,5.84,95.8,75.09,50.64,2,0,1,65,95,0,0,1,0,1,0,0,0,0
24,7.38,57.95,82.45,78.13,3,1,2,52,51,0,0,1,0,0,0,1,0,0
23,8.1,98.12,97.82,73.47,0,0,1,92,74,1,1,0,0,0,0,0,1,0
23,7.98,65.97,90.53,62.98,3,1,4,96,94,1,0,1,0,1,0,0,0,0
21,9.31,69.57,91.27,58.05,2,1,5,58,57,1,1,0,0,0,0,1,0,0
24,6.08,57.68,59.07,59.4,3,1,4,71,85,0,0,1,0,0,0,1,0,0
23,5.88,80.79,73.82,86.25,3,0,3,86,76,0,0,1,0,0,0,0,0,1
23,6.27,79.82,97.47,76.81,2,1,1,66,62,0,0,1,0,0,0,1,0,0
20,9.46,72.11,79.13,99.06,2,1,2,97,72,1,0,1,1,0,0,0,0,0
23,9.71,73.8,55.13,62.16,2,1,1,78,53,1,0,1,0,0,1,0,0,0
20,7.85,81.15,86.59,97.85,2,1,0,52,98,1,1,0,0,1,0,0,0,0
24,7.51,79.17,52.15,75.76,4,1,0,91,83,0,1,0,0,1,0,0,0,0
24,8.03,68.71,87.11,57.3,0,1,1,73,40,1,0,1,0,1,0,0,0,0
24,8.08,94.21,93.99,57.41,2,1,5,97,66,1,1,0,0,0,0,1,0,0
22,5.85,83.38,71.26,80.43,1,1,1,58,63,0,1,0,0,0,0,1,0,0
24,8.43,60.27,70.68,91.57,3,1,5,58,41,1,0,1,0,1,0,0,0,0
23,7.26,66.0,65.21,87.39,2,0,4,42,51,0,0,1,1,0,0,0,0,0
21,7.59,89.39,93.85,82.78,2,0,5,42,52,1,0,1,0,0,0,0,1,0
20,5.15,55.23,77.39,58.61,0,0,3,65,66,0,0,1,0,0,0,0,1,0
22,8.82,87.51,78.96,55.42,2,1,0,45,59,1,1,0,0,0,1,0,0,0
24,9.18,67.94,83.09,50.01,4,1,2,52,86,1,1,0,0,0,0,0,0,1
24,8.1,77.58,65.01,55.09,1,1,3,85,87,1,0,1,0,0,1,0,0,0
21,8.74,64.03,71.64,88.32,1,1,5,77,90,1,0,1,0,1,0,0,0,0
21,7.61,99.32,87.08,94.76,2,1,1,66,76,1,1,0,0,1,0,0,0,0
22,8.09,95.29,99.27,62.02,0,1,0,80,73,1,1,0,0,1,0,0,0,0
20,6.97,96.42,51.72,89.74,2,0,1,63,45,0,1,0,0,0,0,0,0,1
24,8.96,59.24,52.13,59.94,3,1,0,49,47,0,1,0,0,0,0,1,0,0
22,7.34,92.08,71.4,62.46,1,0,2,55,60,0,0,1,0,0,0,0,0,1
23,8.4,76.77,82.98,61.21,3,0,3,62,78,1,1,0,0,0,1,0,0,0
23,8.11,85.39,69.32,52.59,4,0,2,86,60,0,1,0,0,0,0,1,0,0
22,8.51,60.88,99.98,59.7,1,0,2,51,84,1,0,1,0,0,0,1,0,0
24,8.93,85.6,59.77,68.68,1,1,3,67,45,1,1,0,0,0,1,0,0,0
22,7.56,95.71,50.4,70.27,4,1,5,52,80,1,0,1,0,0,0,1,0,0
24,9.07,63.37,59.51,65.47,3,1,3,57,83,1,0,1,0,0,0,0,1,0
21,7.49,61.67,94.34,75.74,2,1,5,97,98,1,0,1,0,0,1,0,0,0
22,9.78,55.22,57.26,68.9,0,1,2,41,69,1,0,1,0,0,1,0,0,0
24,8.76,63.34,73.95,98.52,3,0,1,85,49,0,0,1,0,0,0,0,1,0
22,5.86,76.79,70.96,90.37,4,1,3,56,50,0,0,1,0,0,0,0,0,1
22,9.15,91.64,83.29,96.55,4,1,2,62,40,1,0,1,0,0,0,0,0,1
24,7.76,63.94,52.73,77.87,4,0,2,62,49,0,0,1,0,0,0,0,0,1
24,9.92,81.06,82.94,83.92,1,1,2,40,64,1,0,1,0,0,0,1,0,0
20,8.59,73.98,67.74,58.33,2,1,1,93,55,1,0,1,0,0,0,0,1,0
22,5.42,64.43,96.3,87.64,1,1,4,82,58,1,1,0,0,0,1,0,0,0
23,6.97,75.52,92.44,61.8,1,0,4,53,49,0,0,1,0,0,1,0,0,0
22,7.59,58.4,69.98,57.29,1,0,3,51,86,0,0,1,0,0,1,0,0,0
22,9.2,81.98,99.64,52.09,4,0,4,94,53,1,1,0,0,0,0,1,0,0
24,8.65,55.78,52.6,73.61,3,1,0,53,42,0,1,0,0,0,0,1,0,0
22,6.85,86.55,89.43,64.34,0,0,5,88,43,1,1,0,1,0,0,0,0,0
22,8.27,58.89,71.69,99.34,0,1,3,83,79,1,0,1,0,0,0,0,0,1
23,7.88,99.91,71.67,62.49,2,0,3,77,72,1,0,1,1,0,0,0,0,0
24,5.63,91.18,58.51,93.33,2,0,2,97,59,0,1,0,1,0,0,0,0,0
22,6.17,67.19,75.74,65.82,4,0,5,80,54,0,0,1,0,0,0,1,0,0
21,6.71,71.31,54.24,87.46,0,0,0,83,46,0,0,1,0,0,0,0,0,1
20,5.98,62.96,80.83,82.99,3,1,4,88,83,0,0,1,0,0,0,0,0,1
23,5.75,88.36,62.08,78.09,4,1,3,55,42,0,1,0,0,0,1,0,0,0
22,5.29,69.04,86.24,70.84,2,0,5,73,94,0,0,1,0,0,0,1,0,0
21,9.37,87.76,80.37,83.56,4,1,0,57,66,1,1,0,0,0,0,0,0,1
22,6.44,50.92,87.32,70.36,2,0,1,87,76,0,1,0,1,0,0,0,0,0
22,6.45,56.78,87.49,77.41,0,0,1,49,68,0,0,1,0,0,0,0,1,0
24,6.03,68.25,59.84,79.49,4,1,2,58,65,0,1,0,0,0,0,0,1,0
24,7.38,55.45,50.03,63.37,1,0,0,69,66,0,1,0,0,0,0,1,0,0
24,7.57,80.06,68.29,66.99,2,1,3,43,64,1,1,0,0,0,1,0,0,0
21,6.04,52.54,95.95,50.9,1,1,1,46,79,0,0,1,0,0,1,0,0,0
22,8.04,92.99,78.89,92.61,2,1,5,55,82,1,1,0,0,0,0,0,0,1
20,8.61,88.07,86.38,87.8,1,1,1,90,90,1,0,1,0,0,0,1,0,0
23,6.87,60.81,93.98,59.18,0,0,5,94,69,1,1,0,0,0,0,0,1,0
24,7.93,74.19,95.3,68.1,0,1,4,76,83,1,0,1,1,0,0,0,0,0
24,7.51,72.59,76.45,71.05,3,0,4,44,59,0,0,1,0,0,0,0,0,1
22,5.98,86.24,77.05,66.72,3,1,0,94,46,0,1,0,1,0,0,0,0,0
22,8.65,70.08,92.55,89.91,3,0,4,94,68,1,1,0,0,0,0,0,0,1
21,9.01,51.65,90.37,86.27,4,0,0,78,85,0,1,0,0,1,0,0,0,0
21,8.24,63.69,84.94,88.36,2,1,3,96,73,1,0,1,1,0,0,0,0,0
24,6.62,73.31,80.22,95.21,4,0,3,88,65,0,0,1,0,0,0,1,0,0
22,9.63,98.72,80.86,79.76,3,0,3,72,66,1,1,0,1,0,0,0,0,0
20,7.28,94.06,68.15,80.73,2,0,4,74,93,1,1,0,1,0,0,0,0,0
23,6.33,59.07,92.05,86.1,4,0,4,87,96,0,1,0,0,0,0,0,0,1
22,7.04,86.16,80.89,84.06,0,0,2,93,83,1,0,1,0,0,0,0,1,0
22,8.46,96.84,61.18,93.49,2,0,1,73,48,1,0,1,0,1,0,0,0,0
21,9.23,50.44,61.99,88.51,3,1,5,96,61,1,1,0,1,0,0,0,0,0
23,6.78,86.05,93.08,56.02,0,1,3,72,51,1,1,0,0,0,0,0,1,0
24,6.16,72.97,81.29,96.42,2,0,4,92,45,0,0,1,0,0,1,0,0,0
22,8.13,84.01,69.94,84.15,4,1,1,78,45,0,1,0,0,1,0,0,0,0
24,9.61,80.28,59.36,56.36,3,1,3,49,66,1,0,1,0,1,0,0,0,0
22,5.92,99.23,80.51,88.6,4,1,3,42,97,0,0,1,0,0,0,0,0,1
24,9.02,64.44,59.22,67.92,0,1,5,89,93,1,0,1,1,0,0,0,0,0
23,7.38,89.31,73.51,90.3,0,1,1,68,58,1,0,1,0,0,1,0,0,0
21,9.0,61.73,83.88,97.77,0,0,1,74,91,1,0,1,0,0,0,0,0,1
23,7.53,71.78,78.27,62.76,2,0,4,70,45,0,0,1,0,0,0,1,0,0
20,6.89,98.77,96.1,92.87,3,1,1,99,97,1,0,1,0,0,0,0,1,0
21,8.48,88.31,51.99,88.68,0,0,1,78,88,1,1,0,0,0,0,0,1,0
23,9.5,65.79,63.99,83.56,4,1,4,54,56,1,0,1,0,0,0,0,0,1
20,6.6,80.97,52.85,69.25,3,1,3,40,68,0,0,1,0,0,0,0,1,0
22,7.3,52.48,59.73,55.49,4,0,5,95,62,0,0,1,1,0,0,0,0,0
22,6.15,63.32,56.2,74.19,4,0,1,58,56,0,0,1,0,0,0,0,1,0
24,5.92,85.92,86.63,55.28,0,1,5,76,60,1,1,0,1,0,0,0,0,0
21,8.89,78.5,68.47,75.01,3,1,2,97,49,1,0,1,0,0,0,1,0,0
22,6.0,73.48,96.25,91.01,1,1,0,66,82,0,1,0,0,0,1,0,0,0
21,8.97,84.54,51.17,99.88,2,0,5,60,47,1,1,0,0,1,0,0,0,0
22,7.15,69.92,82.65,59.9,1,1,1,93,93,1,0,1,0,0,0,0,0,1
24,9.98,51.31,98.53,60.39,2,1,5,46,53,1,0,1,0,0,0,0,0,1
23,5.99,72.05,58.79,90.54,3,0,1,82,70,0,0,1,1,0,0,0,0,0
24,5.46,95.11,72.12,73.45,0,0,0,72,90,0,0,1,0,0,0,1,0,0
20,5.38,92.83,85.09,95.79,3,0,2,93,57,0,1,0,0,0,0,1,0,0
22,9.18,70.45,81.66,88.45,1,0,5,41,86,1,1,0,0,1,0,0,0,0
20,7.19,51.11,78.3,86.82,4,0,3,53,69,0,0,1,0,0,1,0,0,0
20,5.02,81.82,66.34,55.1,2,0,2,81,57,0,0,1,0,0,0,0,0,1
21,9.37,87.06,86.41,51.79,2,1,0,42,91,1,0,1,1,0,0,0,0,0
22,9.38,64.71,82.66,65.84,1,0,5,53,96,1,1,0,0,0,0,1,0,0
20,9.03,73.83,58.14,60.86,0,1,1,44,64,1,0,1,0,0,0,0,0,1
23,6.24,99.59,98.2,85.62,3,0,3,56,88,0,0,1,1,0,0,0,0,0
20,6.86,78.82,77.78,72.54,1,1,2,78,76,1,0,1,0,0,0,0,1,0
23,8.72,67.55,76.27,76.16,3,1,2,40,64,1,1,0,0,0,0,0,0,1
21,7.45,81.37,92.41,90.69,0,1,3,95,69,1,1,0,0,0,1,0,0,0
20,5.77,59.0,82.02,73.93,4,0,2,82,69,0,0,1,1,0,0,0,0,0
24,6.21,59.96,53.72,77.25,3,1,0,67,75,0,0,1,0,0,1,0,0,0
21,9.86,96.25,75.33,92.12,0,1,3,77,50,1,1,0,0,0,0,0,0,1
23,5.76,61.96,89.03,71.57,1,1,0,87,87,0,0,1,0,0,0,0,1,0
21,8.63,65.54,85.0,54.16,4,1,3,98,78,1,1,0,0,0,1,0,0,0
20,7.39,77.19,98.54,76.09,4,0,0,53,66,0,0,1,0,0,0,1,0,0
22,8.74,94.98,51.25,78.97,4,1,1,56,55,0,1,0,1,0,0,0,0,0
22,8.31,89.07,63.06,75.59,2,1,1,54,77,1,0,1,0,0,0,0,0,1
23,7.2,52.19,77.46,62.9,0,0,2,85,71,0,1,0,0,0,0,0,1,0
23,6.77,84.65,80.97,61.18,3,0,3,46,68,0,1,0,0,0,0,1,0,0
22,8.77,75.2,63.72,68.49,1,0,5,81,91,1,1,0,0,0,0,0,0,1
23,6.62,73.78,91.34,58.31,4,0,3,90,49,0,1,0,0,0,0,0,1,0
21,8.94,84.58,58.22,83.3,4,1,0,46,69,0,1,0,0,0,0,1,0,0
24,8.4,59.81,50.04,80.73,4,0,5,86,50,0,0,1,0,0,1,0,0,0
24,7.89,99.07,97.62,81.62,0,0,2,98,54,1,1,0,0,0,0,0,0,1
21,6.84,82.27,69.58,61.24,1,0,2,63,83,0,1,0,0,0,0,0,0,1
24,6.03,68.28,97.87,62.33,0,0,5,65,62,1,0,1,0,0,1,0,0,0
20,8.55,80.01,63.9,89.37,1,1,3,53,87,1,1,0,0,1,0,0,0,0
21,5.46,60.82,53.17,84.51,3,1,1,86,62,0,1,0,0,0,0,1,0,0
23,9.85,81.69,88.63,93.76,2,0,3,58,89,1,0,1,0,0,1,0,0,0
21,9.89,51.41,91.79,70.18,1,1,5,92,46,1,0,1,0,0,0,0,0,1
22,5.65,67.06,74.6,77.37,0,0,3,65,100,0,0,1,0,0,0,1,0,0
23,5.52,87.38,53.69,86.94,0,0,4,55,53,0,0,1,0,0,0,1,0,0
22,7.06,90.4,82.71,98.71,0,1,0,73,48,1,0,1,0,1,0,0,0,0
23,9.82,62.65,59.11,99.48,2,1,0,41,93,1,0,1,0,0,0,0,0,1
24,7.0,76.97,92.47,99.96,1,1,4,40,67,1,0,1,0,0,0,0,1,0
21,6.82,76.42,63.7,94.53,1,1,2,87,45,1,0,1,0,1,0,0,0,0
20,8.52,71.07,92.39,81.98,1,1,5,90,82,1,1,0,0,1,0,0,0,0
23,5.89,61.42,71.35,50.35,1,1,0,75,84,0,0,1,0,0,0,0,1,0
23,6.82,85.16,79.82,84.98,4,1,2,74,61,0,0,1,0,0,0,0,1,0
22,6.46,62.62,89.48,61.93,4,1,1,82,99,0,0,1,0,1,0,0,0,0
24,8.01,95.55,52.02,52.86,0,1,2,63,100,1,0,1,0,0,0,1,0,0
22,5.81,76.43,91.06,84.86,4,0,0,88,57,0,1,0,0,0,1,0,0,0
22,7.74,93.52,56.93,87.8,1,0,5,44,83,1,1,0,0,0,1,0,0,0
24,9.29,64.54,67.92,82.97,1,1,5,94,77,1,1,0,0,1,0,0,0,0
20,7.57,90.35,73.64,68.26,4,1,2,68,61,0,0,1,0,0,0,1,0,0
22,8.42,55.68,94.77,75.55,3,0,1,80,48,0,1,0,0,0,0,0,1,0
22,5.38,88.34,51.12,96.75,0,1,4,40,57,1,0,1,1,0,0,0,0,0
23,7.25,69.35,77.96,86.48,2,0,0,96,96,0,0,1,0,1,0,0,0,0
24,5.47,73.5,82.13,75.23,0,1,5,98,60,1,0,1,0,0,0,0,0,1
21,8.0,58.34,65.83,79.67,0,1,1,48,54,1,0,1,0,0,0,1,0,0
20,6.41,50.93,64.52,96.38,0,0,3,75,48,0,0,1,0,0,0,0,0,1
20,6.44,83.31,74.52,69.69,4,0,4,55,81,0,0,1,0,0,0,0,0,1
24,5.38,79.39,59.36,55.09,0,0,4,54,97,0,1,0,0,1,0,0,0,0
23,6.55,81.12,73.41,66.29,1,1,0,49,41,0,0,1,0,0,0,1,0,0
23,7.53,62.75,88.25,70.76,0,0,1,76,53,0,0,1,0,0,0,0,0,1
24,7.92,61.96,92.27,63.65,1,0,5,55,60,1,0,1,0,0,0,1,0,0
23,5.33,91.51,69.26,76.45,4,0,5,77,82,0,1,0,0,0,1,0,0,0
20,8.26,88.06,80.87,65.24,4,0,3,87,84,1,0,1,1,0,0,0,0,0
20,7.44,66.84,50.0,55.16,0,0,5,75,73,1,1,0,0,0,0,0,0,1
21,7.68,81.89,77.52,59.4,1,0,1,93,92,1,1,0,0,0,0,0,0,1
24,9.16,91.41,98.76,95.91,1,1,5,92,46,1,0,1,0,0,0,1,0,0
22,6.71,94.44,65.61,81.48,1,0,2,54,99,0,0,1,1,0,0,0,0,0
22,5.87,50.29,79.74,65.72,1,0,5,42,54,0,0,1,0,0,1,0,0,0
21,7.76,90.67,88.11,68.35,2,0,0,58,78,0,1,0,0,0,0,0,0,1
21,9.73,67.52,80.45,74.67,4,0,2,80,51,0,0,1,0,1,0,0,0,0
23,7.59,85.92,70.92,83.66,1,1,5,76,98,1,0,1,0,0,0,1,0,0
21,9.16,68.57,57.63,79.11,2,1,5,87,46,1,0,1,0,0,0,1,0,0
21,8.79,80.31,73.19,96.63,2,1,5,98,44,1,1,0,0,0,0,0,0,1
22,7.59,82.34,64.74,81.29,4,0,2,42,86,0,0,1,0,0,1,0,0,0
23,8.24,70.25,84.8,95.54,3,1,5,47,78,1,0,1,0,0,0,0,0,1
21,7.03,75.64,72.1,50.27,0,0,4,63,93,1,1,0,0,0,0,0,1,0
21,7.65,86.32,92.49,94.53,4,0,5,53,62,1,1,0,0,0,0,0,0,1
23,7.54,73.82,59.67,86.07,3,1,4,100,92,1,1,0,1,0,0,0,0,0
24,8.55,50.7,70.89,58.61,0,0,2,74,67,1,0,1,1,0,0,0,0,0
23,7.05,50.65,77.88,63.15,0,0,5,55,73,1,1,0,0,0,0,0,1,0
22,5.5,83.07,56.3,77.14,0,1,1,46,64,0,1,0,1,0,0,0,0,0
24,8.94,92.36,79.4,56.25,2,1,0,80,41,1,0,1,1,0,0,0,0,0
20,8.42,89.26,64.55,89.27,1,0,5,74,90,1,1,0,0,1,0,0,0,0
23,9.75,65.52,61.48,89.56,0,1,0,47,48,1,0,1,0,0,0,1,0,0
22,7.14,73.56,57.1,65.05,1,0,1,99,73,0,1,0,1,0,0,0,0,0
24,5.39,61.71,67.49,53.49,0,0,2,51,100,0,0,1,0,0,0,1,0,0
23,5.61,99.46,96.45,99.44,2,1,0,88,85,0,1,0,0,0,1,0,0,0
21,8.87,63.03,51.55,62.54,0,1,5,99,86,1,0,1,0,0,0,0,0,1
23,5.34,70.81,92.61,53.38,4,1,4,85,95,0,1,0,0,1,0,0,0,0
20,9.54,84.06,69.87,66.5,3,1,3,55,71,1,0,1,0,0,0,0,1,0
23,6.41,93.8,78.08,98.45,0,0,4,90,100,1,1,0,0,0,1,0,0,0
24,9.49,52.57,75.64,89.65,3,0,1,99,51,0,1,0,0,1,0,0,0,0
24,8.87,65.05,96.29,74.02,3,1,3,43,100,1,0,1,0,1,0,0,0,0
23,9.36,78.45,88.51,65.27,2,0,0,74,100,1,1,0,0,0,0,0,1,0
24,6.07,80.92,99.24,71.17,3,1,5,84,58,1,1,0,0,0,0,0,1,0
21,7.98,53.5,89.72,50.87,2,0,0,80,86,0,0,1,0,0,0,1,0,0
23,5.47,83.2,64.79,85.92,0,1,3,84,77,1,0,1,0,0,0,0,0,1
21,6.01,76.4,98.14,54.98,1,1,0,100,96,0,0,1,0,0,1,0,0,0
21,6.55,91.38,99.18,75.95,2,0,3,71,49,0,0,1,0,0,0,0,0,1
22,8.7,61.11,56.15,78.29,3,0,2,51,49,0,0,1,0,0,1,0,0,0
23,5.12,59.75,95.05,50.08,3,1,1,97,74,0,0,1,0,1,0,0,0,0
24,9.52,89.67,83.21,98.99,0,1,5,60,80,1,0,1,1,0,0,0,0,0
21,5.35,85.19,96.1,65.11,2,1,4,54,94,0,0,1,1,0,0,0,0,0
22,6.88,89.58,95.79,53.86,0,1,3,74,76,1,0,1,0,0,0,0,1,0
23,5.41,89.1,94.57,92.72,2,1,3,42,71,0,1,0,0,0,0,0,1,0
23,8.84,55.2,94.26,57.6,1,0,2,98,95,1,1,0,0,1,0,0,0,0
20,5.71,63.93,55.88,51.25,4,0,5,41,93,0,0,1,0,1,0,0,0,0
20,9.42,63.0,57.18,74.73,0,0,5,97,46,1,1,0,0,0,1,0,0,0
21,7.65,96.73,55.89,56.5,3,1,4,45,90,1,1,0,0,1,0,0,0,0
20,9.74,74.37,54.55,99.12,0,0,2,96,100,1,1,0,0,0,1,0,0,0
21,6.45,55.55,67.66,50.52,2,0,2,55,49,0,0,1,0,0,0,0,0,1
24,7.27,64.48,84.2,52.56,0,1,1,62,82,1,0,1,0,0,0,0,1,0
21,8.47,93.6,67.73,91.66,1,0,0,70,77,1,1,0,0,0,0,0,1,0
20,9.16,92.35,86.02,61.99,2,1,5,89,66,1,1,0,1,0,0,0,0,0
24,7.11,95.02,91.01,95.58,3,1,5,80,71,1,1,0,1,0,0,0,0,0
20,9.46,69.43,83.31,65.56,3,1,4,69,90,1,1,0,0,0,0,0,1,0
21,5.59,82.07,73.26,53.49,2,0,2,42,46,0,0,1,0,0,0,0,0,1
22,8.54,63.91,64.78,50.53,1,1,0,94,87,1,0,1,0,0,0,0,0,1
23,6.74,59.04,56.22,64.13,0,0,0,97,65,0,0,1,0,0,0,1,0,0
20,5.51,51.1,74.68,73.69,4,0,0,94,61,0,0,1,0,0,1,0,0,0
21,6.93,61.17,85.98,50.05,3,1,5,55,97,1,1,0,1,0,0,0,0,0
24,9.4,80.22,77.41,79.06,1,1,0,43,51,1,0,1,0,0,1,0,0,0
20,9.9,95.21,86.07,66.68,1,0,1,85,63,1,0,1,1,0,0,0,0,0
20,6.96,56.67,66.76,69.51,1,0,1,75,95,0,1,0,0,0,0,1,0,0
23,9.43,95.9,53.34,63.07,0,1,2,67,93,1,0,1,0,0,0,0,1,0
21,7.55,67.27,88.55,76.45,1,0,0,89,89,0,1,0,0,0,1,0,0,0
22,8.59,71.34,60.99,61.51,1,1,2,89,85,1,1,0,1,0,0,0,0,0
24,5.23,68.25,80.81,56.74,2,1,3,89,97,0,1,0,0,0,1,0,0,0
21,7.79,70.43,90.21,94.53,2,0,5,67,68,1,0,1,0,0,0,0,1,0
24,5.35,62.96,56.96,69.53,1,0,1,98,71,0,0,1,0,1,0,0,0,0
20,6.34,84.93,79.92,53.85,1,1,1,92,55,0,0,1,1,0,0,0,0,0
23,7.83,87.91,84.47,61.52,2,1,5,42,65,1,0,1,0,1,0,0,0,0
23,9.04,91.16,87.33,65.5,0,1,4,65,45,1,0,1,0,0,0,1,0,0
22,7.8,67.06,57.38,88.48,2,0,3,78,40,0,1,0,0,0,0,0,0,1
23,9.68,88.23,91.26,51.11,2,1,1,52,52,1,0,1,0,0,1,0,0,0
20,9.05,81.88,54.71,73.91,2,1,0,46,77,1,1,0,1,0,0,0,0,0
22,5.78,97.9,75.98,70.38,2,0,5,93,45,0,0,1,0,0,1,0,0,0
21,6.94,71.24,72.17,98.42,4,1,0,52,77,0,1,0,0,0,0,1,0,0
23,8.34,99.62,61.09,59.0,3,1,5,95,51,1,1,0,0,0,0,1,0,0
22,9.69,87.02,65.1,81.39,0,0,0,98,48,1,0,1,0,0,1,0,0,0
20,9.94,88.81,58.22,60.11,0,0,5,43,59,1,0,1,1,0,0,0,0,0
24,8.82,51.29,71.29,77.42,1,0,2,55,98,1,1,0,0,0,0,0,1,0
24,7.87,74.87,51.78,77.75,4,1,1,96,78,0,1,0,0,0,0,0,1,0
20,8.78,76.42,94.45,53.77,1,0,2,67,66,1,1,0,0,0,0,0,0,1
20,6.37,52.03,58.17,72.82,0,1,1,99,42,0,0,1,0,0,1,0,0,0
24,6.42,65.61,94.3,73.06,0,1,4,86,63,1,0,1,0,0,1,0,0,0
22,8.27,97.78,93.18,65.96,1,1,2,52,54,1,1,0,1,0,0,0,0,0
24,9.36,71.31,72.58,63.86,3,0,1,81,73,0,1,0,0,0,1,0,0,0
20,9.85,59.34,74.89,61.21,1,0,4,49,89,1,0,1,1,0,0,0,0,0
23,6.71,75.67,65.1,50.3,3,0,1,44,71,0,1,0,0,0,1,0,0,0
21,8.98,51.69,99.84,50.09,3,0,3,75,60,0,0,1,0,0,0,1,0,0
23,9.26,75.8,83.54,79.49,2,1,5,58,40,1,0,1,0,1,0,0,0,0
23,8.12,79.71,97.59,64.57,0,1,2,69,72,1,0,1,0,0,1,0,0,0
20,6.74,67.88,70.74,58.39,2,0,0,86,50,0,0,1,0,1,0,0,0,0
24,8.1,88.13,94.15,84.24,0,1,4,80,42,1,0,1,0,0,0,0,1,0
22,7.92,56.79,72.41,76.45,2,1,4,87,61,1,0,1,0,0,0,0,0,1
23,8.03,93.91,93.34,95.75,3,0,0,67,49,0,0,1,0,0,0,0,1,0
24,8.1,97.77,56.55,91.55,2,0,4,70,83,1,1,0,0,0,1,0,0,0
22,9.24,50.06,81.84,86.34,4,1,0,75,77,0,1,0,1,0,0,0,0,0
23,5.85,92.14,83.94,56.33,2,0,0,96,63,0,1,0,0,0,0,0,1,0
22,6.84,75.31,82.81,83.3,2,0,1,82,46,0,1,0,0,0,0,1,0,0
24,7.93,73.07,72.35,84.7,2,1,2,88,88,1,0,1,0,1,0,0,0,0
21,6.42,61.93,84.2,88.17,4,1,3,92,88,0,1,0,1,0,0,0,0,0
24,9.89,72.37,61.97,63.16,0,1,4,40,75,1,1,0,1,0,0,0,0,0
20,6.32,97.52,79.79,82.01,2,1,1,48,40,0,0,1,0,0,1,0,0,0
22,7.35,60.54,77.71,80.91,0,1,3,51,40,1,0,1,0,0,0,1,0,0
21,9.39,58.95,65.92,69.27,1,0,3,62,65,1,0,1,0,1,0,0,0,0
22,5.4,62.09,88.94,83.18,3,0,4,51,56,0,1,0,0,0,0,1,0,0
22,9.1,77.59,54.04,54.33,1,0,4,81,50,1,0,1,0,0,0,0,1,0
23,7.86,96.51,58.57,82.18,4,1,1,48,42,0,1,0,0,0,1,0,0,0
20,5.16,78.69,73.56,80.3,4,1,4,92,100,0,1,0,1,0,0,0,0,0
22,9.51,62.17,94.59,60.53,0,0,3,65,49,1,1,0,1,0,0,0,0,0
24,5.2,72.02,78.76,90.91,0,0,4,69,41,0,1,0,0,0,0,0,1,0
24,7.58,69.52,92.1,93.72,2,0,5,96,71,1,1,0,1,0,0,0,0,0
23,5.25,52.33,75.88,60.52,1,1,5,59,55,0,0,1,0,0,0,0,0,1
20,5.36,75.53,89.27,53.8,0,0,1,55,87,0,0,1,0,0,1,0,0,0
20,9.44,56.3,66.29,80.18,0,1,1,52,98,1,1,0,0,0,0,0,1,0
24,8.83,92.11,90.76,74.0,0,1,1,74,65,1,0,1,0,0,1,0,0,0
21,5.98,77.45,70.08,71.38,3,0,4,89,79,0,0,1,0,1,0,0,0,0
23,8.1,92.23,77.94,88.05,0,0,2,43,78,1,0,1,0,0,1,0,0,0
23,8.97,97.8,58.79,98.48,3,1,1,90,49,1,1,0,0,0,1,0,0,0
24,9.45,97.16,96.02,73.88,4,0,2,64,100,1,0,1,0,1,0,0,0,0
24,7.34,55.02,85.07,50.31,2,0,0,52,95,0,1,0,0,0,0,0,1,0
21,9.49,97.24,92.94,79.81,1,1,1,99,75,1,0,1,0,0,1,0,0,0
21,7.54,89.79,60.39,82.7,0,1,2,67,69,1,0,1,0,0,0,1,0,0
20,8.44,88.88,53.38,91.4,3,1,2,84,48,1,1,0,0,0,1,0,0,0
23,9.9,54.51,66.86,59.97,0,1,3,51,44,1,0,1,0,0,0,0,1,0
23,6.18,58.98,75.83,76.22,0,0,2,63,46,0,1,0,1,0,0,0,0,0
24,5.84,98.76,90.12,72.36,3,0,3,67,75,0,1,0,0,1,0,0,0,0
20,6.71,60.67,69.89,83.22,0,0,5,40,40,1,1,0,1,0,0,0,0,0
23,5.82,58.45,63.5,53.2,1,1,5,73,66,0,0,1,0,0,0,0,1,0
20,6.42,68.12,68.63,94.2,4,1,5,42,51,0,1,0,0,0,0,0,0,1
20,8.71,95.67,85.18,75.56,2,0,2,61,55,1,1,0,1,0,0,0,0,0
24,7.39,73.81,66.81,93.85,0,1,2,60,87,1,1,0,0,0,1,0,0,0
20,6.88,96.03,98.96,67.01,3,1,0,66,47,0,0,1,0,0,1,0,0,0
21,6.84,66.72,58.75,82.68,1,0,2,60,64,0,0,1,0,1,0,0,0,0
21,5.97,61.33,87.65,97.84,0,0,4,61,52,0,1,0,0,0,1,0,0,0
22,7.24,74.76,79.46,97.17,4,0,4,52,80,0,1,0,0,0,0,1,0,0
24,8.12,80.77,61.65,97.21,4,0,5,83,49,1,0,1,0,0,0,1,0,0
22,5.7,69.57,87.68,52.15,3,0,4,55,79,0,0,1,1,0,0,0,0,0
21,9.86,67.3,72.38,70.15,0,1,0,85,72,1,0,1,0,0,0,0,1,0
22,7.22,60.9,84.12,53.04,0,1,2,63,74,1,0,1,0,1,0,0,0,0
24,9.74,63.75,83.11,65.47,0,0,0,85,76,1,0,1,0,0,0,0,0,1
24,5.67,83.66,55.53,58.73,4,1,2,56,78,0,0,1,1,0,0,0,0,0
20,8.84,68.49,92.0,81.01,0,1,3,44,67,1,1,0,0,0,0,0,1,0
23,8.09,53.99,84.07,89.04,0,1,0,77,55,1,0,1,0,1,0,0,0,0
20,9.1,56.91,89.03,75.67,0,1,5,98,47,1,1,0,0,1,0,0,0,0
24,8.0,68.62,72.39,89.77,0,0,4,81,72,1,0,1,1,0,0,0,0,0
21,9.81,96.23,59.75,50.64,3,1,4,66,92,1,0,1,0,0,0,0,1,0
21,8.13,68.95,66.31,91.02,4,1,4,93,74,1,0,1,0,0,0,0,1,0
20,8.92,53.03,95.07,58.92,2,0,2,80,94,1,0,1,0,0,1,0,0,0
24,9.39,70.9,96.9,73.05,3,0,2,71,77,1,1,0,0,0,0,0,0,1
21,8.57,83.44,74.09,72.13,0,0,0,65,51,1,1,0,0,0,0,1,0,0
24,7.62,79.68,64.94,93.66,2,1,5,46,54,1,0,1,0,0,1,0,0,0
21,6.36,63.94,86.52,98.3,1,1,1,75,56,0,0,1,0,1,0,0,0,0
24,9.27,84.4,88.3,62.76,2,1,2,94,66,1,0,1,0,0,0,0,0,1
22,7.4,81.53,90.77,53.37,3,0,1,46,89,0,1,0,0,0,0,0,0,1
24,8.1,58.61,51.55,82.53,4,0,1,82,60,0,1,0,0,0,0,0,1,0
24,5.4,58.11,50.49,75.14,3,1,2,66,60,0,0,1,0,0,0,0,0,1
20,7.49,77.36,67.86,78.29,4,0,0,77,56,0,1,0,1,0,0,0,0,0
22,8.49,82.97,57.62,52.31,4,0,5,87,66,1,1,0,0,0,0,0,0,1
23,7.92,98.1,90.25,88.77,4,1,1,87,51,0,0,1,0,1,0,0,0,0
20,7.24,71.1,76.64,61.62,1,0,0,63,87,0,0,1,1,0,0,0,0,0
23,6.12,88.25,91.27,66.75,2,0,0,63,83,0,1,0,1,0,0,0,0,0
21,6.55,55.83,58.85,61.42,3,1,5,100,75,0,1,0,0,0,1,0,0,0
23,8.5,94.48,81.36,97.3,3,1,2,84,67,1,0,1,0,0,0,0,0,1
24,6.12,81.66,79.01,58.44,4,0,5,97,64,0,0,1,0,0,0,0,1,0
23,8.11,81.45,67.02,86.62,1,0,1,83,48,1,0,1,0,0,1,0,0,0
20,7.95,57.12,75.85,62.29,1,1,0,68,86,0,0,1,0,0,0,0,1,0
20,9.85,51.98,79.45,71.25,0,0,1,93,76,1,1,0,0,0,0,0,0,1
23,5.3,85.07,94.47,99.8,1,1,0,66,62,0,0,1,0,0,1,0,0,0
20,5.54,55.85,52.78,55.03,4,1,2,73,50,0,1,0,0,0,0,0,0,1
20,7.53,56.35,91.17,94.07,4,1,0,60,89,0,1,0,0,1,0,0,0,0
23,7.64,59.38,99.01,97.3,2,0,2,84,40,0,0,1,0,0,1,0,0,0
22,5.2,54.89,86.59,84.91,4,0,2,40,55,0,0,1,0,0,0,0,1,0
22,9.13,81.27,86.87,50.5,2,0,1,49,99,1,0,1,0,1,0,0,0,0
21,7.47,71.1,60.9,91.04,1,0,1,97,89,1,1,0,0,0,0,1,0,0
20,6.73,63.3,76.15,94.11,0,0,5,69,52,1,0,1,0,0,0,0,1,0
23,6.59,72.04,85.3,99.05,3,1,1,67,59,0,1,0,0,0,0,0,0,1
20,9.31,92.21,80.11,91.97,4,0,3,100,55,1,1,0,0,0,0,0,1,0
24,5.98,96.35,69.26,72.28,1,0,1,81,93,0,0,1,0,0,0,1,0,0
20,5.8,74.37,97.01,84.43,4,1,1,69,55,0,1,0,0,0,0,0,1,0
20,6.07,78.34,75.7,74.26,2,1,5,67,74,1,1,0,0,1,0,0,0,0
22,8.13,62.86,98.49,67.65,1,0,0,68,89,0,0,1,1,0,0,0,0,0
23,9.05,75.68,78.19,81.32,3,1,5,70,71,1,0,1,0,0,0,0,1,0
20,6.65,87.41,89.67,88.49,2,1,3,82,100,1,1,0,0,0,1,0,0,0
22,5.87,74.61,87.1,81.8,1,0,3,80,62,0,1,0,0,0,0,1,0,0
21,6.05,65.1,83.04,91.33,3,0,0,43,95,0,0,1,0,0,0,0,1,0
22,8.1,79.1,50.72,58.82,2,1,1,88,64,0,0,1,0,0,0,1,0,0
22,6.23,97.33,53.87,68.68,3,1,5,58,82,1,0,1,1,0,0,0,0,0
22,9.39,94.4,79.07,65.63,1,0,4,49,67,1,1,0,0,1,0,0,0,0
20,5.52,88.46,95.59,59.71,2,0,2,84,97,0,0,1,0,0,1,0,0,0
20,5.16,63.81,80.06,72.16,0,0,3,70,84,0,0,1,0,0,0,0,0,1
21,5.44,62.08,61.8,97.39,4,0,0,73,95,0,1,0,0,0,0,0,1,0
24,9.23,91.93,66.01,76.9,0,0,4,80,41,1,0,1,0,1,0,0,0,0
24,8.26,59.07,81.16,64.32,3,0,2,78,42,0,1,0,0,0,0,1,0,0
24,9.79,80.28,79.85,67.7,1,1,4,97,70,1,0,1,1,0,0,0,0,0
21,6.68,71.95,97.79,80.65,4,1,1,81,72,0,1,0,0,0,0,1,0,0
24,6.06,73.4,76.45,67.64,1,0,0,83,72,0,0,1,1,0,0,0,0,0
24,7.81,72.73,67.75,76.92,3,1,2,70,86,1,1,0,1,0,0,0,0,0
22,7.69,95.0,76.25,63.71,1,1,2,93,93,1,1,0,0,1,0,0,0,0
20,7.96,54.35,89.31,67.3,2,1,1,91,74,1,0,1,0,0,0,0,1,0
20,6.74,89.15,77.02,85.29,2,0,1,50,75,0,0,1,0,0,0,0,0,1
22,5.03,91.75,66.3,79.23,3,0,1,75,65,0,0,1,0,0,0,0,1,0
22,5.18,97.14,66.93,54.67,1,1,0,83,51,0,0,1,0,0,1,0,0,0
22,8.32,72.63,87.84,98.66,3,0,3,83,95,1,1,0,0,0,0,0,1,0
20,7.62,75.0,53.32,52.47,4,1,4,71,92,0,1,0,1,0,0,0,0,0
24,9.11,98.06,63.74,54.15,1,0,0,62,83,1,0,1,1,0,0,0,0,0
22,6.5,72.92,57.65,85.07,2,0,0,79,85,0,1,0,0,0,1,0,0,0
21,9.08,75.18,97.23,85.4,0,0,4,91,50,1,1,0,0,0,0,1,0,0
22,7.13,66.61,54.5,50.95,2,1,2,85,45,0,1,0,1,0,0,0,0,0
23,5.48,51.58,87.91,82.14,1,0,4,78,64,0,0,1,0,0,1,0,0,0
22,9.89,71.65,81.52,51.66,1,1,1,42,85,1,0,1,1,0,0,0,0,0
20,7.56,82.75,81.64,98.04,1,0,2,99,98,1,0,1,0,0,0,0,0,1
22,8.15,84.5,88.17,84.81,1,0,0,67,98,1,0,1,1,0,0,0,0,0
23,8.35,50.33,70.02,59.33,4,0,4,64,73,0,0,1,0,1,0,0,0,0
21,6.81,90.05,70.04,57.91,0,1,0,67,74,0,0,1,0,0,1,0,0,0
24,8.74,74.62,64.44,78.48,2,0,5,58,60,1,0,1,0,0,0,0,1,0
22,9.35,76.04,79.89,81.68,4,1,0,85,57,1,1,0,0,0,1,0,0,0
23,6.94,98.09,96.49,91.56,3,1,4,58,47,1,0,1,0,0,0,1,0,0
23,8.29,64.22,96.2,95.17,1,0,5,81,73,1,0,1,1,0,0,0,0,0
21,8.79,88.08,85.15,69.63,2,1,5,83,91,1,0,1,0,0,1,0,0,0
20,5.95,78.74,95.31,92.2,3,1,5,68,87,1,0,1,0,0,0,0,0,1
22,6.66,85.04,98.18,77.12,0,1,0,89,53,1,1,0,0,0,1,0,0,0
23,5.54,70.89,89.76,73.53,2,1,3,58,58,0,0,1,0,0,0,0,0,1
21,8.01,63.96,70.39,84.95,4,1,3,95,59,0,0,1,1,0,0,0,0,0
24,9.0,77.31,74.16,55.16,3,0,0,57,43,0,0,1,0,0,0,0,1,0
23,8.05,68.75,96.56,63.27,2,1,2,84,77,1,0,1,1,0,0,0,0,0
21,5.9,61.15,83.5,90.84,4,0,2,88,71,0,0,1,0,0,0,1,0,0
20,7.73,91.96,91.03,75.2,1,1,2,92,65,1,1,0,0,1,0,0,0,0
20,9.17,73.79,55.81,95.4,2,0,2,63,67,1,0,1,0,0,0,0,1,0
23,6.51,92.37,59.7,54.44,1,0,3,77,51,0,0,1,0,0,0,0,1,0
23,9.16,73.7,67.21,65.67,3,0,2,55,97,1,0,1,0,1,0,0,0,0
22,8.92,77.84,59.41,67.78,3,0,4,57,49,1,0,1,0,0,1,0,0,0
21,5.11,99.76,95.32,71.14,3,1,2,99,80,0,1,0,1,0,0,0,0,0
23,6.2,97.58,60.84,99.34,1,0,4,80,74,1,1,0,0,0,1,0,0,0
22,7.71,63.58,77.86,65.53,1,1,3,52,72,1,1,0,0,0,1,0,0,0
22,8.59,93.43,54.27,75.93,4,1,4,43,53,1,0,1,1,0,0,0,0,0
23,9.4,69.52,57.75,76.8,2,0,5,52,79,1,0,1,0,0,0,1,0,0
20,8.21,53.56,62.37,88.54,4,1,4,74,62,1,1,0,0,0,0,0,1,0
21,6.9,78.79,99.14,75.89,1,1,0,43,57,0,1,0,0,0,0,0,0,1
21,5.92,98.85,89.85,80.29,2,0,4,58,92,0,0,1,0,1,0,0,0,0
20,8.8,98.72,83.68,87.67,3,0,5,63,83,1,0,1,0,0,0,0,1,0
23,6.03,56.32,95.81,55.06,4,1,0,72,51,0,0,1,0,0,1,0,0,0
21,8.48,88.56,97.81,98.17,4,0,5,72,81,1,0,1,0,1,0,0,0,0
23,5.91,90.14,72.68,92.32,4,0,2,48,75,0,0,1,0,0,0,0,0,1
23,5.46,68.44,66.38,69.44,1,0,4,94,64,0,0,1,0,0,0,0,1,0
22,6.26,82.93,65.77,86.42,2,0,4,96,91,1,1,0,0,0,0,0,1,0
20,6.42,74.41,51.79,88.12,3,0,1,42,76,0,0,1,0,0,0,1,0,0
23,8.24,61.39,63.98,92.51,1,0,2,42,79,1,0,1,0,0,0,0,1,0
24,5.8,88.06,67.75,59.42,3,0,4,69,90,0,0,1,0,0,0,0,1,0
20,9.65,63.14,51.84,85.19,0,0,4,57,61,1,1,0,0,0,0,0,0,1
21,7.77,67.02,94.13,51.67,0,0,1,41,45,0,0,1,0,0,0,0,0,1
22,7.45,59.5,92.39,55.78,3,0,0,71,55,0,1,0,0,1,0,0,0,0
21,7.17,85.96,62.58,88.8,0,0,2,82,62,1,0,1,0,0,1,0,0,0
21,7.83,72.94,90.13,90.65,2,1,1,48,48,0,1,0,0,0,0,0,0,1
20,5.11,72.17,89.81,79.62,2,1,2,41,82,0,0,1,0,1,0,0,0,0
21,9.95,80.23,66.75,79.08,1,0,2,59,74,1,0,1,0,0,0,0,1,0
23,7.79,57.86,84.85,87.48,3,1,0,66,68,0,0,1,0,1,0,0,0,0
21,5.18,94.91,64.49,95.3,1,0,0,75,53,0,0,1,0,1,0,0,0,0
22,7.95,73.26,53.51,71.06,2,1,3,80,44,1,0,1,0,1,0,0,0,0
22,7.19,68.33,75.24,55.74,2,0,1,85,60,0,1,0,1,0,0,0,0,0
24,5.12,56.33,71.92,91.95,2,0,5,58,92,0,0,1,0,1,0,0,0,0
22,9.62,58.4,56.91,67.08,4,0,1,55,45,0,0,1,0,0,0,0,0,1
21,5.05,96.02,74.53,56.69,0,1,2,65,40,0,0,1,1,0,0,0,0,0
22,7.89,72.83,97.47,80.73,1,0,3,53,70,1,1,0,0,0,1,0,0,0
20,9.81,86.11,86.57,78.9,1,1,3,86,84,1,1,0,0,1,0,0,0,0
22,6.19,54.03,86.94,73.71,2,1,2,57,80,0,1,0,0,0,0,1,0,0
23,6.27,82.17,87.88,92.99,4,0,0,67,67,0,0,1,0,0,0,0,1,0
20,5.0,96.08,87.23,63.61,1,0,3,86,42,0,1,0,0,0,0,0,1,0
24,5.33,65.0,51.0,50.66,1,1,1,58,77,0,1,0,1,0,0,0,0,0
23,5.22,78.96,96.23,66.17,4,0,0,69,91,0,1,0,0,0,0,0,1,0
21,9.11,97.01,91.51,50.49,2,1,4,80,62,1,0,1,0,0,0,0,1,0
21,9.18,85.97,63.73,77.18,4,1,3,60,79,1,0,1,1,0,0,0,0,0
21,8.63,53.12,77.64,68.91,0,0,2,60,43,1,0,1,0,0,0,0,1,0
23,6.76,68.94,80.75,90.7,1,0,1,87,97,0,0,1,0,1,0,0,0,0
23,9.11,54.29,56.6,89.88,0,0,3,94,45,1,1,0,0,0,1,0,0,0
23,7.7,93.07,62.7,71.73,1,1,2,69,51,1,0,1,1,0,0,0,0,0
20,6.52,81.08,51.16,60.82,0,0,1,88,51,0,0,1,0,0,0,1,0,0
20,7.19,97.82,93.2,71.12,1,0,3,81,97,1,1,0,1,0,0,0,0,0
21,5.33,50.99,51.25,82.07,2,1,1,76,46,0,1,0,0,0,0,0,0,1
22,9.72,71.15,65.93,59.51,3,0,4,80,67,1,0,1,0,0,0,1,0,0
21,8.1,55.22,53.91,88.65,4,0,1,85,65,0,1,0,0,0,0,0,0,1
24,8.66,67.52,89.07,66.53,1,0,2,71,87,1,0,1,1,0,0,0,0,0
20,8.38,58.09,96.25,96.61,4,1,3,69,46,1,1,0,0,0,0,0,0,1
23,8.34,66.44,78.14,75.59,1,0,2,61,96,1,1,0,0,0,0,1,0,0
20,5.09,90.96,56.98,92.36,3,0,4,99,95,0,0,1,0,1,0,0,0,0
23,7.63,58.03,77.91,80.79,2,1,5,63,42,1,1,0,1,0,0,0,0,0
24,9.11,73.68,88.52,77.73,2,0,0,49,52,0,1,0,1,0,0,0,0,0
24,5.22,96.08,85.92,84.11,4,0,1,63,91,0,0,1,0,0,0,0,1,0
20,9.78,99.94,87.09,90.57,3,0,2,40,80,1,0,1,1,0,0,0,0,0
23,7.12,62.53,63.96,82.23,4,0,5,95,50,0,1,0,1,0,0,0,0,0
24,6.45,96.78,53.69,89.86,2,1,3,93,78,1,0,1,0,1,0,0,0,0
21,7.66,63.07,57.45,59.52,0,0,3,91,62,1,0,1,0,0,0,0,1,0
21,9.01,70.68,97.78,63.88,4,0,0,74,86,0,1,0,0,0,1,0,0,0
23,7.37,93.9,80.68,61.49,1,1,3,55,40,1,1,0,0,0,0,0,0,1
20,8.23,89.31,86.39,89.92,2,0,4,44,73,1,0,1,0,0,0,1,0,0
24,7.5,92.87,94.95,54.31,1,0,0,70,70,0,0,1,0,0,1,0,0,0
20,8.16,90.01,92.64,89.79,3,1,4,84,72,1,0,1,0,0,0,0,1,0
21,5.69,61.75,60.92,69.45,2,0,1,76,86,0,0,1,0,1,0,0,0,0
24,5.19,77.94,52.9,53.98,2,0,4,94,75,0,0,1,0,0,0,1,0,0
20,5.68,69.26,96.26,71.22,4,1,1,64,75,0,1,0,0,0,0,0,0,1
22,6.43,72.99,99.08,65.03,4,0,4,82,53,0,0,1,1,0,0,0,0,0
23,6.27,57.7,78.37,79.6,1,0,0,88,76,0,0,1,1,0,0,0,0,0
23,8.08,65.79,94.42,73.63,4,1,1,64,71,0,0,1,0,0,1,0,0,0
22,7.28,92.88,61.59,64.84,0,1,5,42,92,1,1,0,0,0,0,0,0,1
21,5.19,94.88,55.55,93.11,2,1,4,93,67,0,0,1,0,0,0,0,1,0
24,5.17,80.51,74.99,70.34,3,1,4,77,40,0,0,1,0,0,0,0,0,1
23,5.45,74.91,90.56,73.53,2,0,3,71,86,0,0,1,0,1,0,0,0,0
22,6.77,85.64,82.73,92.33,1,1,4,87,46,1,1,0,0,0,1,0,0,0
22,5.03,80.44,81.87,54.45,4,0,3,59,55,0,1,0,0,0,1,0,0,0
21,7.47,99.18,50.87,69.49,2,0,4,69,93,1,0,1,0,1,0,0,0,0
21,6.8,59.5,65.87,70.14,4,1,2,41,71,0,0,1,0,0,0,0,0,1
20,7.78,72.45,96.97,74.79,1,0,3,44,63,1,0,1,0,1,0,0,0,0
23,8.6,95.91,56.71,55.31,4,0,0,58,53,0,0,1,0,0,0,1,0,0
20,6.25,95.74,86.32,55.13,3,0,0,59,86,0,0,1,0,1,0,0,0,0
22,5.79,74.77,87.97,70.82,1,1,1,61,54,0,0,1,0,0,0,0,0,1
24,6.39,56.74,86.64,51.65,2,1,5,50,91,1,0,1,0,1,0,0,0,0
24,5.01,90.75,99.46,62.75,2,1,5,94,40,0,0,1,0,0,0,0,1,0
21,5.6,79.26,70.46,60.06,3,1,0,57,67,0,0,1,1,0,0,0,0,0
24,8.75,88.66,84.11,74.47,0,0,1,66,58,1,1,0,0,1,0,0,0,0
24,6.11,73.13,59.68,50.56,4,1,0,70,96,0,0,1,1,0,0,0,0,0
24,9.97,60.19,69.99,83.79,2,1,3,74,97,1,0,1,0,1,0,0,0,0
22,5.84,51.2,74.58,92.78,3,0,2,83,46,0,0,1,0,0,0,0,0,1
24,8.94,77.96,60.74,85.34,4,1,1,94,57,1,1,0,0,0,0,1,0,0
24,8.53,58.05,95.34,90.9,1,1,2,84,86,1,1,0,0,0,0,1,0,0
24,6.61,59.36,85.81,82.17,3,0,4,60,52,0,0,1,1,0,0,0,0,0
20,6.65,71.82,64.19,75.37,1,0,4,91,90,1,0,1,0,0,0,0,0,1
22,7.82,72.1,56.75,60.95,1,1,2,59,57,1,0,1,0,0,0,0,0,1
21,9.26,63.72,64.39,63.98,1,0,3,48,43,1,0,1,0,0,0,0,0,1
20,6.93,56.6,81.15,65.89,4,1,2,70,89,0,0,1,0,0,0,0,1,0
23,5.31,97.25,91.32,51.9,0,0,2,48,43,0,1,0,0,0,1,0,0,0
22,6.87,56.58,75.16,95.65,1,0,2,97,66,0,0,1,0,1,0,0,0,0
22,6.04,67.54,55.12,95.02,2,1,1,46,55,0,1,0,0,0,0,0,0,1
23,9.7,65.24,62.47,55.39,4,1,1,72,53,0,0,1,0,0,0,0,0,1
23,8.49,93.32,67.26,77.83,4,0,2,40,53,0,1,0,0,0,0,0,0,1
23,5.25,70.5,81.81,73.38,1,0,5,58,46,0,1,0,0,0,0,1,0,0
21,6.46,56.2,62.33,84.17,2,0,3,42,84,0,0,1,0,0,0,0,0,1
24,5.25,50.51,61.7,80.15,3,0,4,78,95,0,0,1,0,1,0,0,0,0
22,9.15,86.1,64.31,56.22,4,0,4,51,53,0,0,1,0,0,0,0,0,1
24,9.53,85.73,79.63,83.0,1,0,4,69,81,1,0,1,0,1,0,0,0,0
24,5.56,70.89,74.63,80.44,1,0,0,55,84,0,0,1,0,0,0,0,1,0
23,7.2,56.32,92.08,76.56,0,0,3,52,45,0,1,0,0,0,1,0,0,0
21,9.66,68.58,84.9,70.12,0,1,1,89,82,1,0,1,0,0,0,1,0,0
20,5.73,79.49,83.34,97.75,3,1,4,63,96,1,1,0,0,1,0,0,0,0
21,6.46,85.2,57.73,92.47,3,1,1,56,77,0,0,1,1,0,0,0,0,0
24,6.52,53.91,52.76,79.25,3,1,1,66,66,0,1,0,0,0,0,0,1,0
21,5.15,77.82,75.5,50.32,3,0,1,68,50,0,0,1,0,0,1,0,0,0
23,5.18,63.81,53.58,71.61,1,1,5,95,70,0,1,0,0,0,1,0,0,0
20,9.76,80.86,68.2,85.02,1,1,1,80,90,1,0,1,0,0,1,0,0,0
23,7.86,82.41,51.31,55.86,1,0,2,53,88,0,0,1,0,1,0,0,0,0
20,6.53,95.53,58.84,70.33,2,1,1,44,96,0,1,0,0,0,0,0,1,0
24,6.89,70.52,55.52,59.59,3,1,0,82,42,0,0,1,0,0,0,0,0,1
20,8.57,76.88,90.05,66.91,2,1,1,91,40,1,1,0,1,0,0,0,0,0
20,6.83,63.41,67.31,51.33,4,0,4,77,55,0,1,0,0,0,0,0,1,0
20,6.14,64.33,53.94,56.34,4,1,1,45,83,0,0,1,0,0,0,0,1,0
21,5.51,52.3,63.27,72.74,1,0,4,63,66,0,0,1,0,0,0,0,1,0
21,8.64,64.3,84.14,94.91,4,1,1,79,85,1,1,0,0,1,0,0,0,0
24,5.9,53.19,87.28,74.53,1,0,3,72,89,0,0,1,1,0,0,0,0,0
20,5.35,98.2,55.99,72.65,3,1,2,48,99,0,1,0,0,1,0,0,0,0
22,7.13,81.21,88.93,89.38,2,0,4,81,42,1,1,0,1,0,0,0,0,0
24,5.2,58.66,68.53,63.39,1,1,0,88,95,0,0,1,1,0,0,0,0,0
20,9.82,55.84,83.97,54.75,0,1,1,42,47,1,0,1,0,1,0,0,0,0
20,8.14,68.51,83.58,60.48,0,0,4,62,89,1,1,0,1,0,0,0,0,0
21,5.76,65.38,89.68,89.57,3,1,5,60,55,0,0,1,0,0,0,0,1,0
24,5.86,63.96,84.86,83.85,2,1,2,61,86,0,0,1,0,1,0,0,0,0
20,7.85,73.41,51.94,54.58,1,0,5,84,93,1,0,1,1,0,0,0,0,0
20,6.78,95.64,75.97,83.35,3,1,1,47,41,0,0,1,0,0,1,0,0,0
24,8.87,78.4,58.31,96.58,2,0,2,59,68,1,0,1,0,1,0,0,0,0
22,7.73,76.06,98.5,52.25,0,1,0,53,55,1,0,1,0,0,0,1,0,0
24,7.17,90.33,62.79,80.82,1,0,4,69,94,1,1,0,0,1,0,0,0,0
24,9.81,50.2,71.01,68.96,2,0,0,91,68,1,0,1,0,1,0,0,0,0
22,6.95,59.87,59.84,75.05,4,1,2,47,70,0,0,1,0,1,0,0,0,0
24,7.0,74.81,56.73,76.41,1,0,3,58,81,0,1,0,1,0,0,0,0,0
20,8.33,85.27,80.05,88.55,4,1,3,84,98,1,1,0,0,1,0,0,0,0
24,9.05,74.25,74.66,77.85,3,0,5,77,50,1,1,0,0,0,0,1,0,0
22,8.13,58.19,68.73,79.65,2,1,4,75,90,1,0,1,0,0,0,0,0,1
23,8.49,96.5,54.27,66.65,2,0,1,45,71,0,1,0,0,1,0,0,0,0
24,6.86,66.43,86.8,56.3,2,0,5,91,63,0,0,1,0,0,1,0,0,0
21,7.4,89.41,50.29,84.14,2,1,0,73,58,0,0,1,0,0,0,1,0,0
20,5.99,94.57,72.88,50.02,1,1,3,49,71,0,0,1,0,0,0,0,0,1
20,8.4,67.32,81.63,66.44,4,1,3,70,49,0,0,1,1,0,0,0,0,0
21,6.11,92.27,71.54,60.9,4,0,1,50,93,0,1,0,0,1,0,0,0,0
21,5.01,85.54,56.31,69.43,3,1,0,82,88,0,0,1,0,0,0,0,0,1
24,9.67,95.21,88.91,65.56,3,0,2,74,95,1,1,0,0,0,1,0,0,0
21,6.53,62.57,66.2,85.21,2,1,5,50,71,1,1,0,0,0,0,1,0,0
23,5.98,96.56,56.74,63.01,0,1,3,79,62,1,1,0,0,0,0,1,0,0
22,6.34,53.27,77.51,78.04,0,0,4,100,72,1,0,1,1,0,0,0,0,0
21,6.65,89.68,50.96,72.79,2,0,4,71,69,0,1,0,1,0,0,0,0,0
21,7.37,71.78,66.2,90.05,4,0,2,88,69,0,0,1,1,0,0,0,0,0
23,5.35,58.89,87.53,71.4,3,0,1,98,46,0,0,1,0,0,0,0,0,1
20,5.26,53.97,95.64,93.19,1,0,1,65,55,0,1,0,0,1,0,0,0,0
20,6.46,69.48,79.59,50.01,0,0,5,61,82,1,0,1,0,0,0,0,1,0
24,6.48,69.47,60.88,80.24,3,1,3,96,92,0,0,1,0,0,0,1,0,0
23,5.59,61.5,61.0,50.49,0,0,5,40,89,0,1,0,0,0,0,0,1,0
22,7.02,60.78,80.19,85.7,4,0,3,87,40,0,0,1,0,0,0,1,0,0
22,6.42,69.98,70.34,61.75,4,0,3,68,69,0,1,0,1,0,0,0,0,0
23,5.13,70.51,58.86,69.0,2,0,2,91,73,0,0,1,0,1,0,0,0,0
22,9.43,72.12,89.37,69.02,2,1,2,78,100,1,0,1,0,1,0,0,0,0
20,9.43,93.44,60.01,92.32,0,1,3,61,93,1,0,1,0,0,0,1,0,0
22,6.05,80.56,66.08,55.1,0,1,1,93,73,0,0,1,0,0,0,0,0,1
22,5.81,51.02,53.07,83.34,3,0,0,71,100,0,0,1,1,0,0,0,0,0
23,7.74,75.95,85.07,99.06,2,1,3,64,77,1,1,0,0,1,0,0,0,0
23,8.15,88.12,63.76,51.12,4,1,1,79,100,0,0,1,0,1,0,0,0,0
22,9.79,52.82,61.64,98.29,3,0,1,84,70,1,1,0,0,0,1,0,0,0
21,6.89,71.13,65.17,50.92,3,0,4,68,99,0,0,1,0,1,0,0,0,0
23,8.09,72.56,93.71,92.06,1,1,5,76,95,1,0,1,0,0,1,0,0,0
24,9.39,97.7,75.9,98.06,4,0,0,71,47,0,1,0,0,1,0,0,0,0
24,7.25,73.78,57.89,99.65,3,1,3,98,93,1,1,0,0,1,0,0,0,0
20,5.61,87.5,88.72,72.96,1,0,0,69,92,0,0,1,0,0,0,0,0,1
22,6.89,65.15,60.42,93.35,2,0,3,99,59,0,1,0,0,0,0,0,0,1
21,5.68,88.97,70.62,56.12,4,1,5,98,85,0,1,0,1,0,0,0,0,0
20,5.08,66.13,78.4,71.27,2,1,0,57,93,0,0,1,0,1,0,0,0,0
22,8.76,71.5,79.22,65.4,1,1,0,83,68,1,1,0,1,0,0,0,0,0
23,6.19,73.97,53.45,69.76,4,1,1,87,70,0,0,1,1,0,0,0,0,0
24,5.01,96.32,91.84,85.1,0,1,0,42,60,0,1,0,1,0,0,0,0,0
21,9.36,52.67,73.97,54.37,0,0,0,51,65,1,1,0,1,0,0,0,0,0
24,7.22,59.84,99.46,99.91,0,1,5,97,70,1,1,0,0,0,0,1,0,0
23,6.19,85.29,85.87,81.75,3,0,3,90,59,0,0,1,0,0,0,1,0,0
22,6.31,78.88,99.63,93.68,0,0,1,59,61,0,0,1,0,1,0,0,0,0
23,6.2,62.58,72.67,91.48,3,0,0,89,96,0,1,0,0,0,0,1,0,0
23,5.97,64.46,57.04,88.3,3,1,1,47,96,0,0,1,0,1,0,0,0,0
24,9.21,68.37,86.37,51.96,1,1,1,70,79,1,0,1,0,0,0,0,0,1
21,5.85,72.52,88.89,75.82,0,0,2,63,65,0,1,0,0,0,0,0,1,0
23,7.81,90.9,92.64,66.41,4,0,3,52,56,0,0,1,0,0,1,0,0,0
24,5.39,50.69,65.07,55.65,3,1,2,99,64,0,0,1,0,0,0,1,0,0
21,9.75,94.9,75.53,67.15,1,0,1,47,76,1,0,1,0,0,0,1,0,0
22,8.02,70.65,92.88,82.24,3,1,5,81,66,1,0,1,0,0,0,0,0,1
22,9.52,61.52,93.24,61.53,4,0,5,53,42,1,1,0,0,0,0,1,0,0
20,6.99,75.42,51.28,72.23,4,0,0,54,95,0,1,0,0,1,0,0,0,0
24,9.05,82.98,83.55,70.22,0,0,3,60,63,1,0,1,0,1,0,0,0,0
21,9.27,52.24,80.08,52.62,3,1,4,54,64,1,1,0,0,0,0,0,1,0
23,8.51,85.79,54.17,81.4,4,1,3,65,89,1,1,0,0,0,0,0,1,0
22,5.46,88.04,96.51,80.94,2,0,2,77,49,0,1,0,0,0,0,0,1,0
21,5.08,58.31,72.27,98.32,4,0,3,85,75,0,0,1,0,1,0,0,0,0
24,5.84,58.39,83.71,64.9,4,1,0,77,81,0,1,0,1,0,0,0,0,0
20,5.59,60.19,94.14,70.95,3,1,3,94,57,0,0,1,1,0,0,0,0,0
22,8.63,89.83,56.51,70.18,4,1,4,72,100,1,1,0,0,0,0,0,1,0
21,7.79,63.6,92.79,95.99,1,1,5,49,84,1,1,0,0,0,0,0,1,0
21,7.63,89.8,86.22,70.43,4,0,2,58,93,0,0,1,0,1,0,0,0,0
21,6.26,77.03,91.98,72.14,2,1,2,50,56,0,1,0,0,0,0,0,0,1
24,5.77,88.36,74.74,62.62,4,0,1,42,53,0,0,1,0,0,0,1,0,0
24,6.03,77.68,51.67,50.06,0,0,2,98,97,0,1,0,0,0,1,0,0,0
24,7.0,66.79,83.53,55.52,3,0,4,62,58,0,0,1,1,0,0,0,0,0
23,8.7,95.54,68.73,85.19,2,1,4,45,57,1,1,0,1,0,0,0,0,0
21,6.27,85.76,70.12,84.12,1,0,5,80,62,1,0,1,0,1,0,0,0,0
22,8.49,74.2,72.06,66.13,4,1,2,96,47,0,0,1,0,1,0,0,0,0
24,7.46,81.87,74.65,73.65,4,0,5,80,89,1,0,1,0,0,1,0,0,0
24,9.43,80.79,83.1,64.87,1,0,3,68,55,1,0,1,0,0,1,0,0,0
21,6.16,67.91,86.34,86.55,4,0,4,43,64,0,0,1,0,0,0,0,1,0
24,7.25,71.19,88.84,92.12,0,1,2,42,82,1,1,0,0,0,1,0,0,0
23,5.48,65.91,83.58,94.96,2,0,2,59,71,0,0,1,0,0,0,1,0,0
23,6.68,99.98,90.17,58.69,4,1,3,90,88,0,0,1,0,0,0,1,0,0
24,7.53,79.0,56.11,84.75,1,0,5,94,89,1,0,1,1,0,0,0,0,0
21,8.66,54.6,91.84,98.15,1,1,2,82,58,1,1,0,0,0,0,1,0,0
21,5.99,75.96,69.36,82.53,2,1,0,90,57,0,1,0,0,0,0,1,0,0
21,6.09,52.5,76.44,67.55,0,1,1,88,71,0,1,0,0,0,0,1,0,0
20,8.16,64.43,71.69,81.8,2,1,4,47,85,1,1,0,0,0,0,0,1,0
24,6.91,72.3,73.79,84.42,4,1,3,45,88,0,0,1,1,0,0,0,0,0
21,7.41,76.71,64.27,69.85,0,1,3,44,79,1,0,1,0,1,0,0,0,0
23,9.18,98.81,58.5,55.2,0,0,1,47,54,1,0,1,1,0,0,0,0,0
22,7.5,99.11,55.24,80.33,1,0,0,98,88,0,1,0,1,0,0,0,0,0
22,8.26,54.9,72.57,90.11,0,1,1,47,60,1,1,0,1,0,0,0,0,0
21,8.28,76.91,56.26,99.88,4,1,2,74,50,0,0,1,0,0,1,0,0,0
22,9.02,90.86,62.25,61.15,4,0,5,58,68,1,0,1,0,1,0,0,0,0
22,8.19,61.89,56.68,85.02,4,1,3,87,71,0,0,1,0,0,1,0,0,0
20,5.32,87.53,55.46,51.4,3,0,5,49,45,0,0,1,0,0,0,0,1,0
23,6.71,93.93,94.12,98.49,0,0,5,94,94,1,1,0,0,0,0,0,1,0
23,9.95,83.12,83.7,50.63,0,0,5,74,58,1,0,1,0,0,0,0,0,1
20,5.98,66.39,96.19,67.94,4,0,5,48,55,0,1,0,0,0,0,0,0,1
20,7.93,96.16,82.2,53.82,1,0,2,47,51,0,0,1,0,0,0,0,1,0
22,9.21,94.18,92.2,81.05,0,1,3,47,54,1,1,0,0,0,0,0,1,0
24,7.93,85.79,77.76,66.97,3,1,5,96,50,1,1,0,0,0,1,0,0,0
22,6.86,68.18,73.13,86.65,0,1,3,47,78,1,1,0,0,0,0,0,1,0
20,5.4,89.59,76.42,74.32,2,0,5,59,95,0,1,0,0,1,0,0,0,0
23,6.81,65.81,66.01,70.97,3,0,2,46,49,0,1,0,0,0,1,0,0,0
22,5.91,62.65,82.9,67.43,1,0,1,85,90,0,1,0,0,0,0,0,1,0
24,9.8,75.75,94.86,54.31,3,1,5,61,76,1,1,0,0,0,1,0,0,0
22,8.58,99.86,89.12,60.24,3,1,4,56,88,1,1,0,0,0,1,0,0,0
21,8.75,90.22,73.1,81.96,0,1,4,83,96,1,1,0,0,0,0,1,0,0
22,7.18,86.49,97.7,74.84,3,0,1,44,63,0,1,0,0,0,0,0,0,1
20,5.55,72.6,99.27,53.5,4,0,0,73,90,0,1,0,0,0,1,0,0,0
23,6.33,65.6,74.66,77.2,3,0,1,64,75,0,1,0,1,0,0,0,0,0
23,6.3,92.8,93.23,52.71,0,0,1,86,40,0,0,1,0,0,1,0,0,0
20,7.43,78.39,50.24,75.59,4,0,1,82,85,0,0,1,1,0,0,0,0,0
21,7.3,90.66,53.33,98.25,1,0,4,54,56,1,0,1,0,0,0,1,0,0
20,7.17,74.39,51.12,65.37,2,1,3,70,53,0,0,1,0,0,0,0,1,0
22,7.48,87.7,88.66,86.18,3,1,0,84,77,0,1,0,0,0,1,0,0,0
20,9.94,93.39,53.99,87.28,4,1,0,58,93,1,0,1,0,0,0,1,0,0
20,6.49,69.57,50.85,70.24,4,0,0,83,64,0,1,0,0,1,0,0,0,0
21,8.08,50.68,57.37,79.66,1,1,2,70,99,1,0,1,0,0,0,1,0,0
22,6.2,62.75,65.31,73.6,1,1,5,86,76,1,0,1,0,0,0,0,0,1
24,7.33,95.75,73.24,64.17,2,0,1,51,74,0,1,0,0,0,0,0,0,1
24,6.0,84.38,53.27,87.74,2,1,3,62,61,0,1,0,0,0,0,0,1,0
23,7.79,86.86,74.95,85.14,0,0,3,89,95,1,0,1,1,0,0,0,0,0
20,6.33,66.26,62.4,95.03,2,0,2,62,99,0,1,0,0,0,0,0,1,0
23,5.18,85.06,63.72,80.91,2,0,4,100,86,0,1,0,1,0,0,0,0,0
21,9.08,82.31,91.1,69.44,4,0,2,75,46,0,0,1,1,0,0,0,0,0
24,5.64,58.92,99.35,85.7,3,0,2,50,50,0,0,1,1,0,0,0,0,0
20,6.84,98.43,73.19,80.95,3,0,1,61,49,0,1,0,1,0,0,0,0,0
21,7.39,67.7,66.09,80.83,2,1,4,86,53,1,0,1,0,0,0,0,0,1
21,7.16,66.46,96.57,92.49,0,0,5,96,74,1,0,1,0,0,0,0,0,1
20,8.63,68.46,75.02,95.52,0,0,5,95,85,1,0,1,0,0,1,0,0,0
21,7.98,54.59,86.52,59.01,3,1,2,96,88,1,1,0,0,0,0,0,0,1
20,6.48,81.25,70.69,65.7,1,1,5,69,75,1,1,0,0,0,0,0,1,0
20,5.26,61.93,60.13,82.52,4,1,3,44,45,0,1,0,0,0,0,0,0,1
22,8.84,90.17,82.74,77.86,2,0,1,76,91,1,0,1,0,0,0,0,1,0
23,6.76,69.71,83.24,82.62,4,1,5,59,44,0,1,0,0,1,0,0,0,0
21,9.45,72.93,73.01,71.65,2,0,4,96,81,1,0,1,0,0,0,0,0,1
21,6.98,82.32,63.5,70.62,2,1,3,49,46,0,0,1,0,0,0,0,1,0
22,8.59,88.09,91.59,55.88,3,1,0,95,54,1,0,1,1,0,0,0,0,0
22,9.7,61.56,63.77,81.18,4,1,1,61,60,1,0,1,0,0,0,1,0,0
22,8.26,98.31,82.95,58.79,4,0,3,81,92,1,1,0,1,0,0,0,0,0
24,7.07,81.12,69.2,83.55,1,1,2,69,57,1,1,0,0,0,1,0,0,0
24,7.84,50.28,73.62,98.35,1,1,2,69,40,1,0,1,0,0,0,0,1,0
24,7.72,70.78,60.57,62.82,4,0,1,61,43,0,1,0,1,0,0,0,0,0
20,7.92,71.84,82.47,57.11,1,0,4,77,50,1,1,0,0,0,0,0,0,1
21,5.73,90.46,61.29,51.21,1,0,2,77,49,0,1,0,0,0,0,0,0,1
23,8.49,65.26,74.29,68.94,2,0,3,94,84,1,0,1,0,1,0,0,0,0
20,5.73,66.56,66.42,60.73,3,0,0,77,95,0,1,0,0,0,0,1,0,0
21,5.07,53.52,98.18,74.59,2,0,4,95,58,0,0,1,0,0,0,0,1,0
21,8.12,64.18,99.11,76.22,1,0,1,46,93,1,1,0,1,0,0,0,0,0
22,5.58,85.85,87.67,67.47,2,1,2,89,81,0,0,1,0,0,0,1,0,0
22,8.85,81.74,99.2,87.5,2,1,4,97,69,1,1,0,0,1,0,0,0,0
20,9.33,54.07,55.68,95.24,0,1,0,75,89,1,0,1,0,0,1,0,0,0
22,9.72,55.73,99.62,60.58,2,0,4,53,80,1,0,1,0,0,0,1,0,0
21,8.32,68.85,55.18,91.81,2,0,4,50,80,1,1,0,0,1,0,0,0,0
22,7.41,87.19,70.77,56.56,3,1,1,46,59,0,1,0,0,0,0,0,1,0
24,6.76,91.65,61.95,61.44,4,0,0,71,99,0,1,0,0,0,1,0,0,0
22,7.45,50.73,97.69,78.07,0,0,0,57,66,0,1,0,0,0,0,0,0,1
21,5.95,66.45,81.79,65.33,0,0,4,91,51,0,0,1,0,1,0,0,0,0
20,6.74,71.21,79.86,52.09,0,0,2,73,95,0,0,1,0,0,0,0,0,1
23,8.59,95.56,99.87,64.74,0,0,4,41,53,1,0,1,0,0,1,0,0,0
22,6.09,75.07,80.62,95.24,3,1,3,46,73,0,0,1,0,1,0,0,0,0
21,6.32,63.49,82.31,58.71,4,0,2,82,81,0,1,0,0,1,0,0,0,0
23,8.75,69.5,52.24,88.19,3,0,1,70,89,0,1,0,0,0,1,0,0,0
23,5.89,71.82,92.95,86.11,0,0,0,57,77,0,1,0,0,0,0,0,1,0
24,6.23,83.5,98.5,55.31,4,0,5,59,41,0,1,0,0,1,0,0,0,0
23,5.09,52.05,98.02,66.47,3,1,2,46,88,0,1,0,0,0,1,0,0,0
21,8.6,69.47,61.06,59.47,4,1,1,61,97,0,0,1,0,0,0,1,0,0
21,8.09,82.33,61.3,51.16,3,1,4,91,71,1,0,1,0,0,0,0,0,1
22,8.47,64.17,68.3,58.65,4,0,1,96,57,0,1,0,0,1,0,0,0,0
22,6.07,79.59,65.51,60.08,3,0,3,76,89,0,0,1,0,0,0,1,0,0
22,8.44,67.86,65.28,58.3,0,0,5,73,60,1,0,1,0,1,0,0,0,0
23,7.98,87.94,80.26,54.55,0,0,1,85,85,1,0,1,0,0,0,0,1,0
23,6.83,53.03,90.28,76.32,0,1,5,78,93,1,1,0,0,0,1,0,0,0
24,7.19,95.9,96.84,66.13,3,1,5,81,50,1,0,1,0,1,0,0,0,0
22,7.84,58.58,53.39,95.41,4,0,2,99,69,0,1,0,0,0,1,0,0,0
20,7.47,57.93,63.9,59.36,4,0,0,89,58,0,1,0,1,0,0,0,0,0
24,8.21,92.03,62.75,80.14,1,0,2,79,87,1,0,1,0,1,0,0,0,0
20,5.9,93.46,67.87,95.03,2,0,2,94,79,0,1,0,0,0,0,0,1,0
23,7.7,54.65,71.22,52.36,0,1,0,55,89,0,1,0,0,0,0,0,1,0
24,7.25,95.44,69.46,75.81,0,1,3,53,69,1,1,0,0,0,0,1,0,0
24,7.31,63.66,97.61,72.53,0,1,2,99,97,1,1,0,0,0,0,0,1,0
21,7.35,80.93,71.86,96.44,1,1,0,80,74,1,0,1,0,0,1,0,0,0
23,9.41,53.43,77.58,83.19,1,0,0,71,43,1,1,0,1,0,0,0,0,0
23,9.09,69.03,87.43,67.46,1,0,2,77,60,1,0,1,0,0,0,0,1,0
24,8.15,72.54,86.25,85.58,0,0,5,78,44,1,1,0,0,1,0,0,0,0
23,8.58,79.99,79.15,79.13,4,0,0,65,93,0,1,0,0,0,0,0,1,0
24,5.21,76.26,93.04,67.36,0,0,5,69,75,1,1,0,1,0,0,0,0,0
