Student_ID,Age,Gender,Department,CGPA,Attendance,10th_Percentage,12th_Percentage,Backlogs,Internship,Projects,Communication_Score,Aptitude_Score,Placement_Status,Package_LPA
1001,23,Male,CSE,7.16,87.2,73.07,81.21,2,No,1,76,80,Not Placed,0.0
1002,24,Male,ME,6.26,74.31,97.98,93.74,4,No,1,50,78,Not Placed,0.0
1003,22,Female,ECE,6.63,65.89,59.25,65.14,2,No,1,51,48,Not Placed,0.0
1004,24,Male,ME,5.39,56.99,57.9,56.6,3,Yes,1,60,71,Not Placed,0.0
1005,24,Male,EEE,7.49,53.76,85.67,90.98,3,No,1,54,95,Not Placed,0.0
1006,21,Male,EEE,5.74,52.24,53.73,69.13,2,No,5,51,92,Not Placed,0.0
1007,22,Male,EEE,9.06,58.09,74.14,82.55,0,Yes,1,61,46,Placed,9.19
1008,22,Male,ME,7.1,51.51,74.2,86.87,3,Yes,0,78,51,Not Placed,0.0
1009,22,Male,ME,8.83,86.63,65.5,66.34,1,No,0,95,62,Placed,3.47
1010,24,Male,ME,9.77,62.43,96.52,75.26,0,No,0,74,56,Placed,9.71
1011,23,Female,CSE,9.25,68.44,64.13,94.75,2,No,5,81,91,Placed,7.42
1012,22,Female,ME,9.76,91.14,64.42,93.99,0,No,4,55,60,Placed,14.09
1013,24,Female,EEE,7.84,55.73,61.71,87.47,1,Yes,2,72,51,Placed,13.63
1014,21,Male,IT,5.83,91.78,57.29,88.14,3,Yes,4,92,61,Not Placed,0.0
1015,23,Male,ME,9.68,81.98,68.2,94.88,3,No,1,82,62,Placed,12.21
1016,21,Male,IT,9.34,67.1,84.04,86.82,3,Yes,2,88,44,Placed,10.74
1017,23,Male,EEE,9.32,55.89,87.11,66.98,1,Yes,0,53,57,Placed,3.2
1018,24,Male,ME,8.47,54.57,90.67,56.04,0,No,0,57,76,Not Placed,0.0
1019,20,Female,CSE,8.12,66.78,59.88,71.09,2,Yes,3,83,76,Placed,5.13
1020,23,Male,CSE,5.07,57.02,51.78,54.37,2,Yes,1,55,46,Not Placed,0.0
1021,21,Male,IT,8.74,63.39,98.73,55.79,0,No,1,79,100,Placed,3.13
1022,24,Male,CE,5.46,52.65,50.72,97.51,3,Yes,3,42,42,Not Placed,0.0
1023,23,Female,CSE,6.3,79.75,98.03,83.79,2,Yes,4,82,40,Placed,9.2
1024,20,Male,CSE,7.76,57.26,91.44,92.58,3,Yes,3,65,99,Placed,7.0
1025,20,Female,CSE,7.26,87.84,95.6,82.14,4,No,5,54,45,Not Placed,0.0
1026,22,Male,EEE,5.08,60.91,69.36,70.93,4,Yes,1,75,99,Not Placed,0.0
1027,22,Female,CSE,9.12,89.9,59.86,51.26,2,Yes,5,66,46,Placed,14.52
1028,21,Female,ECE,9.39,59.49,80.32,97.79,0,No,5,87,66,Placed,7.29
1029,23,Male,ME,8.41,86.07,87.06,53.55,0,Yes,5,93,97,Placed,11.66
1030,23,Male,CSE,7.71,66.65,56.54,80.51,0,Yes,0,95,70,Placed,13.03
1031,22,Male,CE,9.8,79.16,89.88,55.11,3,No,3,56,47,Placed,6.04
1032,23,Male,CE,5.6,51.93,60.43,64.21,4,Yes,2,53,53,Not Placed,0.0
1033,23,Female,CSE,8.69,74.76,74.58,59.29,3,Yes,0,41,94,Not Placed,0.0
1034,20,Female,CSE,5.64,57.43,92.82,77.69,1,No,4,66,54,Not Placed,0.0
1035,22,Female,ECE,6.91,74.32,59.67,94.35,1,No,0,93,46,Not Placed,0.0
1036,24,Female,CSE,7.93,57.07,62.09,81.78,2,No,4,86,46,Not Placed,0.0
1037,22,Male,CSE,8.69,71.85,53.14,83.21,1,No,0,63,72,Not Placed,0.0
1038,24,Male,ME,5.02,55.53,57.33,95.45,0,No,1,99,80,Not Placed,0.0
1039,20,Female,CE,6.3,61.0,57.33,87.47,2,No,5,79,96,Not Placed,0.0
1040,21,Male,ECE,7.69,79.75,60.17,93.3,4,Yes,4,84,46,Placed,7.16
1041,23,Female,CE,7.66,98.83,64.31,70.82,4,Yes,4,74,96,Placed,11.3
1042,20,Male,ECE,8.19,72.46,90.75,93.27,1,No,3,43,98,Placed,4.29
1043,23,Male,CE,6.52,84.36,95.79,82.29,1,Yes,0,65,59,Not Placed,0.0
1044,21,Female,CSE,7.7,76.97,70.31,56.78,4,No,4,75,46,Not Placed,0.0
1045,21,Male,CE,5.95,74.92,56.41,51.94,1,Yes,4,43,89,Not Placed,0.0
1046,20,Female,CE,5.93,53.24,61.19,62.2,1,Yes,0,73,53,Not Placed,0.0
1047,21,Female,ECE,7.88,57.21,86.81,68.92,3,No,0,52,93,Not Placed,0.0
1048,24,Female,IT,8.43,94.15,83.87,91.88,4,Yes,2,93,54,Placed,13.83
1049,21,Female,ECE,5.6,70.51,98.36,87.06,4,No,3,79,57,Not Placed,0.0
1050,23,Female,ECE,5.61,80.72,50.72,97.77,1,Yes,4,80,49,Not Placed,0.0
1051,23,Female,ECE,7.83,76.41,87.54,77.96,0,Yes,0,100,74,Placed,10.86
1052,23,Male,EEE,6.35,68.94,75.29,87.39,3,Yes,4,40,66,Not Placed,0.0
1053,23,Male,EEE,6.96,69.39,95.13,63.76,0,Yes,2,40,100,Placed,14.86
1054,24,Female,EEE,7.0,77.77,78.81,83.98,1,No,2,48,82,Not Placed,0.0
1055,22,Male,ECE,5.89,57.06,72.33,85.31,4,No,4,50,40,Not Placed,0.0
1056,20,Male,IT,5.01,69.36,83.29,92.42,0,No,3,55,94,Not Placed,0.0
1057,23,Male,ECE,9.27,72.35,91.68,76.82,2,No,1,68,67,Placed,5.12
1058,21,Female,CSE,8.58,99.26,64.12,82.45,0,No,4,75,73,Placed,3.44
1059,23,Female,IT,8.45,67.57,55.38,60.15,4,Yes,2,54,87,Not Placed,0.0
1060,21,Male,EEE,7.73,82.23,71.65,86.84,1,Yes,3,98,42,Placed,5.97
1061,21,Female,CE,8.5,56.87,60.73,91.92,0,No,5,78,99,Placed,7.76
1062,23,Female,CE,9.68,53.27,71.48,79.69,1,Yes,0,41,88,Placed,14.83
1063,24,Female,ME,8.33,93.58,99.55,55.78,3,Yes,5,49,42,Placed,7.18
1064,21,Female,IT,6.33,86.54,78.71,65.64,2,No,3,88,50,Not Placed,0.0
1065,21,Female,EEE,7.85,65.87,84.68,73.78,4,Yes,3,50,43,Not Placed,0.0
1066,23,Male,IT,7.21,75.23,83.9,83.86,4,Yes,4,69,69,Placed,6.64
1067,21,Female,IT,7.78,56.79,91.04,66.02,1,Yes,3,62,78,Placed,5.92
1068,21,Male,CE,7.59,85.36,97.21,92.01,2,No,0,61,93,Not Placed,0.0
1069,23,Female,ECE,9.29,53.52,82.94,68.59,4,Yes,5,90,71,Placed,5.71
1070,23,Female,CSE,8.26,87.85,73.8,52.14,0,No,4,81,55,Placed,11.62
1071,20,Male,ME,5.94,77.34,65.89,89.7,4,Yes,2,75,56,Not Placed,0.0
1072,24,Male,EEE,5.32,63.94,68.01,82.21,0,No,0,68,50,Not Placed,0.0
1073,24,Female,IT,7.12,93.13,66.72,90.1,4,Yes,4,84,75,Placed,3.31
1074,21,Male,ME,5.08,99.3,66.22,67.44,0,No,4,71,71,Not Placed,0.0
1075,24,Female,IT,6.59,62.72,84.73,50.88,3,No,1,72,96,Not Placed,0.0
1076,21,Male,CE,6.84,90.31,79.39,53.69,1,No,0,78,74,Not Placed,0.0
1077,20,Male,CSE,6.88,87.51,60.1,55.59,3,No,3,48,93,Not Placed,0.0
1078,23,Female,CE,9.9,87.36,98.48,90.26,0,No,0,40,66,Placed,8.23
1079,23,Female,ME,6.52,97.86,71.39,65.07,1,Yes,0,57,87,Not Placed,0.0
1080,23,Female,EEE,6.33,74.33,78.3,99.89,2,No,1,89,73,Not Placed,0.0
1081,24,Male,IT,5.65,83.71,85.13,87.92,0,No,3,87,44,Not Placed,0.0
1082,20,Female,CSE,7.56,91.19,80.68,80.06,4,No,5,61,64,Not Placed,0.0
1083,24,Female,CE,5.77,73.98,65.55,99.18,4,Yes,1,87,67,Not Placed,0.0
1084,24,Female,ME,8.08,74.07,89.89,65.82,2,Yes,1,76,57,Placed,14.97
1085,20,Female,CE,5.78,65.93,55.51,58.28,3,Yes,1,53,42,Not Placed,0.0
1086,20,Female,IT,7.88,89.04,78.45,86.86,0,Yes,0,61,67,Placed,3.62
1087,20,Male,IT,9.13,84.31,63.67,63.9,4,No,5,72,41,Placed,5.11
1088,20,Male,EEE,5.21,72.56,80.79,98.05,1,Yes,1,45,73,Not Placed,0.0
1089,23,Female,CSE,7.1,70.97,60.9,99.4,2,Yes,2,66,61,Not Placed,0.0
1090,22,Male,ECE,7.31,53.63,88.61,96.32,3,No,3,45,61,Not Placed,0.0
1091,22,Female,CE,8.96,50.33,61.38,97.24,3,No,5,94,92,Placed,10.2
1092,20,Male,IT,7.34,76.44,94.52,80.78,1,No,3,83,69,Placed,11.0
1093,22,Female,ME,7.84,70.87,93.08,84.61,1,Yes,5,89,73,Placed,5.56
1094,22,Female,CE,8.96,89.8,68.12,54.71,2,Yes,1,93,87,Placed,4.28
1095,20,Male,EEE,7.8,77.13,69.29,88.15,1,Yes,5,80,40,Placed,10.22
1096,22,Male,EEE,6.79,96.84,85.08,60.1,4,Yes,0,55,68,Not Placed,0.0
1097,24,Male,IT,5.43,59.81,54.52,92.02,3,Yes,5,86,100,Not Placed,0.0
1098,21,Female,IT,8.65,99.51,54.05,98.08,1,Yes,4,96,58,Placed,8.31
1099,21,Female,IT,9.36,64.9,56.82,60.62,0,No,4,41,58,Placed,9.94
1100,20,Male,ECE,9.85,82.12,78.12,53.9,1,Yes,0,76,80,Placed,8.63
1101,23,Female,IT,9.63,75.09,57.45,74.19,3,Yes,1,68,91,Placed,4.7
1102,20,Male,CE,8.99,67.98,63.88,89.58,4,No,1,62,80,Not Placed,0.0
1103,23,Male,CE,8.22,56.97,82.35,88.53,1,No,2,60,68,Placed,9.4
1104,21,Female,CSE,8.91,56.74,50.78,84.84,4,Yes,4,52,82,Placed,7.79
1105,20,Male,ME,7.16,85.58,59.01,91.03,0,Yes,4,90,72,Placed,9.72
1106,24,Male,IT,7.97,68.88,96.5,58.75,3,No,3,40,90,Not Placed,0.0
1107,22,Male,CE,6.74,98.06,83.18,82.6,2,Yes,1,68,56,Not Placed,0.0
1108,23,Male,CE,6.63,66.28,65.28,80.28,3,No,0,87,77,Not Placed,0.0
1109,22,Male,CE,8.78,99.18,52.27,57.67,2,No,1,46,40,Not Placed,0.0
1110,22,Male,ECE,7.27,60.27,79.3,70.72,2,Yes,1,70,89,Not Placed,0.0
1111,20,Female,ME,6.06,55.14,61.14,92.63,3,No,2,84,80,Not Placed,0.0
1112,22,Male,EEE,6.01,65.63,98.01,98.59,2,No,5,95,98,Placed,13.34
1113,24,Male,CE,9.3,94.28,84.35,83.27,4,No,5,61,72,Placed,13.17
1114,22,Male,IT,8.39,76.09,98.71,96.1,0,Yes,0,55,75,Placed,8.93
1115,20,Male,CE,7.73,56.78,92.44,56.6,1,No,2,67,61,Not Placed,0.0
1116,24,Female,ME,7.0,60.12,74.15,98.75,2,No,2,83,57,Not Placed,0.0
1117,21,Female,EEE,7.15,65.56,83.48,51.68,2,No,2,78,56,Not Placed,0.0
1118,22,Male,ECE,5.29,79.51,90.61,76.36,3,No,5,64,71,Not Placed,0.0
1119,20,Female,CSE,7.27,66.62,78.91,64.55,4,Yes,2,53,59,Not Placed,0.0
1120,21,Female,IT,8.98,87.35,53.07,90.7,1,Yes,1,89,90,Placed,10.58
1121,21,Female,CSE,6.94,80.81,73.52,60.88,2,Yes,5,60,94,Placed,7.48
1122,23,Male,ECE,6.92,93.69,56.53,50.58,4,Yes,5,58,62,Not Placed,0.0
1123,24,Male,ME,5.08,75.05,85.74,70.73,1,Yes,3,99,67,Not Placed,0.0
1124,22,Male,ME,7.29,66.56,84.03,53.21,3,Yes,1,52,85,Not Placed,0.0
1125,20,Female,ECE,5.13,99.81,99.65,64.5,2,Yes,2,41,65,Not Placed,0.0
1126,23,Male,CE,7.85,67.78,81.44,82.19,3,No,2,90,98,Not Placed,0.0
1127,24,Female,ECE,7.53,71.43,90.01,64.74,3,No,3,75,46,Not Placed,0.0
1128,23,Male,IT,9.2,90.46,63.41,62.29,2,No,4,53,80,Placed,11.98
1129,24,Male,EEE,7.91,54.43,67.0,57.77,4,No,0,73,96,Not Placed,0.0
1130,24,Female,CSE,6.62,69.32,95.85,56.76,4,Yes,2,57,59,Not Placed,0.0
1131,22,Male,CSE,7.58,54.29,87.76,76.29,3,No,2,63,80,Not Placed,0.0
1132,24,Male,ME,8.5,56.97,82.76,84.08,3,No,1,69,86,Not Placed,0.0
1133,23,Female,CE,5.47,50.23,62.7,72.64,0,No,2,90,50,Not Placed,0.0
1134,24,Female,ME,8.11,50.48,84.93,56.18,1,Yes,2,58,46,Placed,11.78
1135,22,Female,IT,9.58,69.01,94.34,82.39,3,No,0,75,77,Placed,9.6
1136,22,Female,ECE,6.5,90.46,61.54,77.86,3,No,1,98,66,Not Placed,0.0
1137,23,Female,CSE,8.13,79.35,85.31,69.06,1,No,4,60,48,Placed,4.9
1138,21,Female,IT,9.11,81.75,69.68,66.5,2,Yes,2,58,43,Placed,12.44
1139,21,Male,ME,7.56,75.96,55.94,59.16,4,No,2,93,88,Not Placed,0.0
1140,24,Male,ME,8.59,90.99,88.17,57.31,2,No,4,65,77,Placed,10.44
1141,20,Male,CSE,6.56,94.02,58.36,66.94,1,No,3,74,68,Not Placed,0.0
1142,24,Male,ME,6.53,92.49,62.64,52.08,1,No,4,79,88,Placed,6.86
1143,23,Female,CE,8.34,90.61,89.15,71.83,0,Yes,4,43,65,Placed,10.79
1144,23,Female,ME,8.53,59.14,87.11,80.08,0,Yes,1,60,64,Placed,6.29
1145,23,Female,EEE,9.69,79.69,62.71,97.08,4,Yes,5,42,53,Placed,13.56
1146,23,Male,ECE,6.12,79.11,97.05,81.29,3,Yes,4,44,76,Not Placed,0.0
1147,23,Female,ME,7.34,76.4,60.76,81.2,1,Yes,1,82,89,Placed,13.44
1148,22,Male,EEE,6.25,74.04,99.68,68.72,0,Yes,5,68,67,Placed,7.74
1149,21,Female,IT,5.4,54.46,86.89,56.67,2,Yes,4,94,47,Not Placed,0.0
1150,23,Female,ME,7.02,55.11,69.63,72.35,0,No,2,58,81,Not Placed,0.0
1151,20,Male,CE,6.87,95.11,56.52,79.93,2,No,2,90,50,Not Placed,0.0
1152,20,Male,IT,6.35,81.51,66.03,86.2,0,Yes,5,56,93,Placed,8.38
1153,20,Male,ME,6.48,63.12,59.69,91.3,2,Yes,3,73,100,Placed,11.17
1154,20,Female,CSE,6.8,63.97,81.09,62.8,0,No,5,59,74,Placed,11.41
1155,22,Female,EEE,9.94,80.51,67.84,62.06,0,No,4,67,98,Placed,3.33
1156,20,Female,EEE,8.91,70.35,64.75,78.26,4,Yes,0,48,70,Not Placed,0.0
1157,23,Male,CSE,5.36,72.07,87.86,78.3,3,No,4,42,73,Not Placed,0.0
1158,24,Male,ECE,9.36,53.03,61.53,60.9,1,Yes,5,49,97,Placed,9.68
1159,20,Female,CE,8.17,56.94,79.34,79.37,3,No,0,60,98,Not Placed,0.0
1160,22,Female,EEE,9.45,69.67,59.73,67.29,4,No,5,80,85,Placed,8.05
1161,22,Male,IT,6.71,84.98,85.74,81.97,2,Yes,4,91,75,Placed,11.52
1162,20,Male,CE,7.32,52.4,81.26,64.55,3,No,1,43,56,Not Placed,0.0
1163,24,Female,EEE,9.48,66.73,89.91,79.61,1,Yes,2,61,88,Placed,7.65
1164,20,Male,ECE,6.36,84.75,53.42,88.42,1,No,0,46,60,Not Placed,0.0
1165,22,Male,IT,9.58,89.6,60.51,99.01,2,No,0,51,65,Placed,6.1
1166,21,Male,CE,9.14,59.51,57.72,95.55,1,No,4,50,80,Placed,12.98
1167,23,Male,IT,9.9,86.57,59.53,75.18,4,Yes,2,61,67,Placed,10.32
1168,22,Female,CSE,6.62,97.77,55.15,74.42,3,No,3,68,92,Not Placed,0.0
1169,20,Female,ME,6.18,95.34,78.1,71.89,1,No,0,100,61,Not Placed,0.0
1170,23,Female,CSE,6.65,89.47,79.67,51.39,3,No,2,100,97,Not Placed,0.0
1171,20,Male,CE,9.77,85.62,92.17,58.3,0,Yes,2,66,80,Placed,8.15
1172,20,Male,ME,6.67,61.76,70.89,52.96,3,Yes,0,86,42,Not Placed,0.0
1173,21,Male,CSE,7.83,81.7,76.62,84.82,2,No,1,59,67,Not Placed,0.0
1174,23,Male,ME,7.02,82.16,99.57,70.66,4,No,5,53,75,Not Placed,0.0
1175,23,Female,EEE,6.98,70.34,76.59,53.19,1,Yes,1,46,41,Not Placed,0.0
1176,21,Male,IT,5.97,74.65,78.68,84.53,4,No,4,54,85,Not Placed,0.0
1177,22,Male,ME,7.69,84.7,99.8,82.22,3,Yes,5,85,59,Placed,13.65
1178,20,Male,EEE,9.25,97.61,99.71,86.0,1,Yes,5,67,79,Placed,5.1
1179,24,Male,ECE,5.25,64.77,71.2,79.99,4,Yes,4,82,89,Not Placed,0.0
1180,20,Male,CSE,9.45,62.32,81.75,58.08,2,No,2,49,75,Placed,14.86
1181,20,Male,ECE,8.33,80.09,74.04,53.07,0,No,0,90,47,Not Placed,0.0
1182,22,Female,CE,8.08,56.54,86.04,90.86,0,No,1,42,78,Placed,14.85
1183,20,Male,EEE,8.13,79.13,96.92,60.79,2,Yes,2,51,64,Placed,13.43
1184,21,Male,ECE,6.48,54.44,65.48,77.13,0,No,1,52,54,Not Placed,0.0
1185,21,Female,ECE,7.08,74.53,90.94,74.26,2,Yes,0,78,69,Not Placed,0.0
1186,23,Female,EEE,9.0,81.02,82.74,96.05,3,Yes,1,83,86,Placed,3.51
1187,24,Female,IT,6.53,53.51,64.01,77.62,2,Yes,3,93,73,Not Placed,0.0
1188,20,Female,ME,7.35,60.35,89.86,79.0,0,Yes,4,73,43,Placed,10.02
1189,20,Male,CE,5.1,66.77,71.36,65.98,3,No,5,40,96,Not Placed,0.0
1190,22,Male,CE,8.67,68.43,56.02,97.93,2,No,1,77,61,Not Placed,0.0
1191,21,Male,CSE,7.09,83.81,99.67,80.62,2,No,0,64,64,Not Placed,0.0
1192,24,Female,ME,7.63,76.45,71.28,50.25,3,Yes,0,58,48,Not Placed,0.0
1193,23,Female,CSE,5.57,69.11,77.08,77.8,1,Yes,3,64,62,Not Placed,0.0
1194,21,Male,CE,9.96,72.53,90.4,68.19,0,Yes,0,45,78,Placed,9.18
1195,23,Male,ME,6.51,50.65,98.04,51.61,1,Yes,3,84,95,Placed,13.8
1196,22,Female,ECE,8.17,88.53,93.64,71.58,3,No,2,43,89,Not Placed,0.0
1197,22,Male,IT,7.91,52.05,76.25,88.68,3,Yes,1,65,97,Not Placed,0.0
1198,20,Female,ECE,8.93,91.47,77.28,75.19,4,No,0,65,51,Not Placed,0.0
1199,24,Female,IT,6.47,77.05,64.04,81.97,4,Yes,4,65,53,Not Placed,0.0
1200,23,Female,EEE,8.78,76.39,73.14,81.99,3,Yes,1,53,46,Not Placed,0.0
1201,21,Female,CSE,6.91,85.23,97.34,83.55,4,Yes,3,71,70,Not Placed,0.0
1202,22,Female,CSE,7.06,92.98,86.35,69.38,2,No,1,87,45,Not Placed,0.0
1203,20,Male,EEE,8.36,97.13,50.59,68.5,1,Yes,1,67,62,Placed,13.65
1204,20,Female,ME,8.92,77.17,55.83,50.23,3,No,0,100,93,Not Placed,0.0
1205,23,Female,EEE,8.33,57.53,96.19,57.71,2,Yes,4,41,98,Placed,13.0
1206,22,Male,CE,9.5,93.93,92.44,97.54,0,Yes,2,80,58,Placed,12.09
1207,24,Male,EEE,6.43,52.03,74.31,92.12,0,No,4,84,60,Placed,4.94
1208,22,Male,IT,9.5,90.37,80.85,63.76,4,Yes,5,60,58,Placed,10.78
1209,23,Male,CE,5.65,84.02,64.48,70.06,4,Yes,3,85,93,Not Placed,0.0
1210,23,Female,EEE,8.3,95.24,89.64,97.0,2,No,5,53,86,Placed,13.43
1211,22,Female,CSE,7.74,94.87,80.17,62.52,0,Yes,4,76,58,Placed,3.79
1212,23,Male,ECE,7.47,52.66,84.74,76.63,3,No,4,41,83,Not Placed,0.0
1213,22,Male,IT,6.55,80.47,68.75,51.1,1,Yes,3,44,73,Not Placed,0.0
1214,21,Female,IT,7.52,56.23,71.52,80.99,4,Yes,4,77,82,Not Placed,0.0
1215,22,Male,ME,5.81,53.92,60.38,96.5,2,Yes,2,41,52,Not Placed,0.0
1216,22,Male,ECE,6.85,72.41,97.4,94.24,4,No,1,40,75,Not Placed,0.0
1217,23,Female,IT,5.49,54.88,97.33,75.1,2,No,2,87,64,Not Placed,0.0
1218,23,Male,EEE,7.86,86.4,90.89,82.48,0,No,5,61,72,Placed,12.24
1219,20,Male,IT,5.48,98.45,96.78,78.49,4,No,1,80,95,Not Placed,0.0
1220,20,Male,IT,5.8,78.48,83.27,53.35,2,Yes,1,64,60,Not Placed,0.0
1221,21,Male,IT,5.43,61.76,61.73,57.94,2,Yes,4,85,73,Not Placed,0.0
1222,20,Female,ME,6.91,92.16,88.01,98.19,4,Yes,1,69,85,Not Placed,0.0
1223,22,Male,IT,9.21,92.66,66.26,62.8,1,No,3,48,64,Placed,4.23
1224,23,Male,IT,9.53,86.64,72.02,69.22,3,No,2,100,57,Placed,4.89
1225,20,Female,ME,5.36,80.76,63.72,75.45,0,Yes,1,76,82,Not Placed,0.0
1226,20,Female,CE,8.17,93.39,71.18,98.96,4,Yes,4,86,50,Placed,8.02
1227,21,Male,ECE,8.42,58.16,83.97,84.5,4,No,4,49,58,Not Placed,0.0
1228,21,Male,CE,7.67,96.58,55.53,81.48,1,No,4,54,88,Placed,6.56
1229,22,Female,CSE,8.33,97.36,55.26,76.22,0,No,0,88,88,Placed,9.73
1230,23,Male,ME,6.17,93.6,84.19,85.03,4,Yes,2,42,73,Not Placed,0.0
1231,21,Male,ME,7.45,62.53,88.98,83.2,1,No,4,47,41,Placed,4.93
1232,20,Female,IT,6.95,92.91,77.57,95.14,3,No,3,64,69,Not Placed,0.0
1233,23,Female,IT,5.45,74.88,59.08,77.09,2,Yes,4,75,84,Not Placed,0.0
1234,23,Female,CSE,8.13,79.75,71.54,71.08,3,No,0,82,77,Not Placed,0.0
1235,20,Female,IT,7.48,92.03,87.91,90.36,3,Yes,2,99,54,Placed,11.09
1236,21,Female,EEE,6.38,51.48,84.29,89.99,3,Yes,1,90,50,Not Placed,0.0
1237,20,Male,IT,7.37,68.15,55.49,58.49,3,No,2,85,63,Not Placed,0.0
1238,23,Female,IT,8.88,90.78,98.46,61.84,2,No,1,89,99,Placed,7.87
1239,24,Male,EEE,9.01,90.7,61.17,97.93,0,Yes,1,60,43,Placed,7.2
1240,24,Male,CSE,8.25,92.43,61.02,72.21,0,Yes,4,73,58,Placed,13.09
1241,22,Female,EEE,7.34,58.46,72.99,75.98,1,No,5,66,68,Placed,14.35
1242,20,Female,ME,7.88,85.29,66.36,65.51,1,Yes,3,48,53,Placed,9.58
1243,20,Male,EEE,6.93,57.33,99.2,74.05,4,Yes,3,49,89,Not Placed,0.0
1244,22,Female,ECE,5.63,89.25,53.82,87.17,3,Yes,5,66,56,Not Placed,0.0
1245,22,Male,ME,6.93,62.26,65.32,74.12,3,No,4,64,47,Not Placed,0.0
1246,22,Male,IT,7.65,86.89,69.14,65.74,2,Yes,0,52,52,Not Placed,0.0
1247,23,Male,ME,7.99,72.75,74.67,54.8,3,No,1,90,62,Not Placed,0.0
1248,20,Female,CSE,9.68,99.31,50.82,96.41,2,Yes,5,43,68,Placed,5.38
1249,23,Female,CSE,8.89,78.99,54.12,93.58,4,No,3,99,86,Placed,5.42
1250,22,Male,EEE,5.76,81.63,62.89,89.57,1,No,2,55,50,Not Placed,0.0
1251,20,Female,ME,5.87,68.41,77.7,84.7,1,No,0,51,55,Not Placed,0.0
1252,23,Male,IT,5.5,86.73,88.39,75.78,4,No,4,64,89,Not Placed,0.0
1253,23,Female,CSE,8.69,74.74,84.32,94.87,4,Yes,0,87,83,Placed,12.16
1254,22,Male,CE,8.53,50.9,78.35,89.59,3,No,3,88,62,Placed,8.73
1255,20,Male,IT,9.93,80.43,69.86,90.8,1,No,5,55,51,Placed,7.85
1256,22,Female,CE,7.61,91.52,93.53,65.48,0,Yes,4,78,77,Placed,7.64
1257,20,Male,ECE,9.13,61.84,72.99,71.17,4,No,3,41,63,Not Placed,0.0
1258,24,Male,CE,7.88,61.05,64.96,85.34,1,Yes,1,48,70,Placed,7.31
1259,21,Female,CSE,9.37,80.44,81.47,68.55,1,Yes,0,98,77,Placed,5.71
1260,21,Female,EEE,8.61,90.9,84.61,74.7,2,Yes,5,83,75,Placed,10.23
1261,21,Male,ECE,8.21,62.48,69.92,82.33,1,No,1,52,100,Placed,7.69
1262,22,Male,ME,7.83,96.61,51.41,71.89,4,Yes,2,53,95,Not Placed,0.0
1263,24,Male,IT,8.61,96.37,54.71,89.65,3,No,1,51,40,Not Placed,0.0
1264,20,Male,CSE,7.1,60.03,92.28,55.81,1,No,0,74,65,Not Placed,0.0
1265,23,Male,ECE,5.48,63.19,52.83,85.9,0,No,2,61,56,Not Placed,0.0
1266,20,Female,ECE,5.2,85.03,79.6,57.26,4,No,3,60,75,Not Placed,0.0
1267,23,Female,CSE,7.4,97.59,59.19,96.89,3,Yes,5,87,56,Placed,3.29
1268,20,Male,ME,8.0,85.49,61.45,65.7,3,No,2,89,76,Not Placed,0.0
1269,24,Male,ME,5.39,72.25,63.67,89.77,4,Yes,0,96,66,Not Placed,0.0
1270,23,Male,EEE,6.43,58.45,51.91,76.07,3,No,4,42,64,Not Placed,0.0
1271,22,Male,CE,6.61,73.05,58.86,54.55,0,Yes,2,61,69,Not Placed,0.0
1272,20,Female,ME,7.81,80.34,82.52,79.13,1,Yes,3,48,80,Placed,3.18
1273,20,Male,EEE,6.39,66.55,74.94,95.61,4,Yes,2,86,64,Not Placed,0.0
1274,23,Male,CE,5.48,75.51,89.87,57.86,1,Yes,5,79,77,Placed,5.79
1275,22,Female,ECE,5.82,56.51,53.06,66.07,1,Yes,1,81,71,Not Placed,0.0
1276,22,Male,CSE,5.87,72.61,94.44,71.96,3,No,4,92,51,Not Placed,0.0
1277,24,Female,ME,9.21,54.54,99.82,63.75,4,Yes,0,93,88,Placed,14.81
1278,22,Male,EEE,6.42,52.45,50.79,97.19,1,No,4,42,97,Not Placed,0.0
1279,22,Female,ECE,8.57,92.86,98.38,68.88,2,Yes,1,70,60,Placed,10.87
1280,22,Female,ME,7.84,60.25,61.79,82.9,0,No,4,76,81,Placed,11.49
1281,21,Female,IT,9.89,78.76,84.63,61.2,3,No,1,45,73,Placed,8.11
1282,24,Female,ECE,6.36,57.45,64.62,60.99,4,No,5,53,99,Not Placed,0.0
1283,20,Male,ME,5.79,63.13,76.09,58.79,4,Yes,2,58,40,Not Placed,0.0
1284,23,Male,ECE,5.26,68.07,75.52,71.74,3,Yes,0,97,52,Not Placed,0.0
1285,20,Female,CSE,6.2,57.18,68.06,76.64,1,Yes,1,57,92,Not Placed,0.0
1286,24,Female,CSE,8.42,52.3,85.88,50.54,3,No,1,97,60,Not Placed,0.0
1287,23,Male,CSE,5.43,93.86,79.98,91.65,4,No,2,96,40,Not Placed,0.0
1288,24,Male,CE,6.22,50.59,75.41,75.64,2,No,1,46,52,Not Placed,0.0
1289,22,Male,IT,9.28,53.07,99.14,57.86,1,Yes,0,75,70,Placed,10.85
1290,23,Male,CSE,7.91,90.25,97.0,53.36,3,No,3,68,100,Placed,7.59
1291,22,Male,IT,5.35,64.1,97.77,53.16,4,No,4,42,62,Not Placed,0.0
1292,20,Female,CSE,5.24,86.14,94.07,62.88,4,Yes,5,52,42,Not Placed,0.0
1293,20,Male,CE,5.31,57.31,62.76,74.96,4,Yes,5,75,50,Not Placed,0.0
1294,23,Male,ECE,9.71,61.86,67.5,93.01,2,No,1,80,68,Placed,9.68
1295,23,Female,ME,9.25,78.64,61.55,95.15,1,Yes,4,64,93,Placed,13.63
1296,24,Female,ME,9.22,99.43,99.31,91.62,3,No,5,67,87,Placed,3.76
1297,24,Female,CSE,9.62,53.67,57.63,66.43,1,No,4,77,57,Placed,3.81
1298,22,Female,ME,7.53,70.03,68.33,65.33,4,No,5,50,64,Not Placed,0.0
1299,23,Male,CSE,6.24,52.15,59.95,99.37,2,No,3,99,73,Not Placed,0.0
1300,20,Female,CSE,7.01,59.96,61.17,84.06,2,No,1,80,57,Not Placed,0.0
1301,24,Male,EEE,8.59,95.37,62.35,65.25,4,Yes,0,48,88,Not Placed,0.0
1302,24,Male,EEE,9.38,54.82,81.98,66.45,1,Yes,1,61,40,Placed,6.34
1303,20,Female,EEE,7.18,92.84,53.8,71.73,1,No,4,60,67,Placed,5.81
1304,24,Female,IT,7.68,58.89,78.63,81.09,2,No,2,98,43,Not Placed,0.0
1305,22,Male,EEE,9.66,93.09,90.96,94.9,0,No,3,58,94,Placed,6.54
1306,23,Male,CSE,5.54,76.9,88.33,59.92,2,Yes,0,72,91,Not Placed,0.0
1307,20,Male,CE,9.31,93.91,57.56,54.22,2,Yes,0,43,60,Placed,12.45
1308,23,Male,CE,5.8,57.59,95.74,70.29,3,Yes,4,72,45,Not Placed,0.0
1309,24,Male,ECE,7.42,88.1,88.5,62.27,2,Yes,0,84,60,Not Placed,0.0
1310,24,Female,EEE,6.09,84.03,50.27,78.8,0,No,4,55,76,Not Placed,0.0
1311,20,Male,CE,8.01,77.15,86.87,84.96,2,No,0,83,69,Not Placed,0.0
1312,22,Female,EEE,7.79,90.53,86.87,65.54,1,Yes,0,40,59,Placed,6.13
1313,21,Female,ECE,6.9,82.41,74.84,84.27,3,No,5,54,80,Not Placed,0.0
1314,20,Female,CE,9.32,93.85,52.3,67.16,3,No,5,61,71,Placed,6.46
1315,21,Female,CSE,8.3,69.05,79.0,81.75,2,No,4,71,92,Placed,4.08
1316,21,Male,IT,8.61,79.5,88.29,81.65,3,No,3,98,96,Placed,5.63
1317,22,Male,EEE,5.75,93.53,63.54,63.91,3,Yes,0,76,70,Not Placed,0.0
1318,21,Female,CE,9.42,60.74,83.35,81.79,2,No,1,62,75,Placed,4.54
1319,21,Female,CE,5.84,74.29,67.7,69.05,0,Yes,2,72,64,Not Placed,0.0
1320,22,Female,ECE,6.11,98.04,78.69,66.82,2,No,5,88,44,Not Placed,0.0
1321,21,Male,CSE,5.64,73.68,69.23,64.46,1,No,4,79,47,Not Placed,0.0
1322,21,Female,ME,7.2,62.64,65.19,67.28,4,No,0,61,56,Not Placed,0.0
1323,21,Male,CE,9.44,67.55,92.8,89.34,0,No,5,79,54,Placed,13.78
1324,20,Female,IT,6.26,94.25,87.69,62.26,2,No,3,93,59,Not Placed,0.0
1325,20,Female,ECE,6.87,97.74,67.27,84.1,0,Yes,5,93,84,Placed,5.58
1326,20,Male,CE,9.23,97.51,71.73,95.03,4,Yes,1,97,86,Placed,13.38
1327,22,Female,CE,8.09,84.95,84.59,67.52,3,Yes,4,86,68,Placed,12.87
1328,24,Male,ECE,8.76,75.48,90.55,51.48,3,Yes,1,94,75,Placed,5.31
1329,21,Male,ECE,6.07,59.13,84.22,51.23,4,Yes,5,51,89,Not Placed,0.0
1330,21,Male,EEE,8.58,56.16,77.05,56.98,3,No,2,87,90,Not Placed,0.0
1331,22,Female,CE,6.14,52.99,97.72,55.5,0,Yes,3,57,95,Placed,5.14
1332,21,Female,ME,9.94,50.89,88.71,87.4,3,No,4,71,67,Placed,13.45
1333,20,Female,IT,7.8,93.91,55.78,64.74,4,No,4,42,47,Not Placed,0.0
1334,24,Male,CSE,8.48,90.45,77.91,82.63,4,No,0,99,53,Not Placed,0.0
1335,23,Female,CSE,5.59,78.39,70.48,52.12,4,No,1,100,72,Not Placed,0.0
1336,21,Female,ME,6.25,99.94,89.75,64.79,1,Yes,4,75,73,Placed,8.09
1337,20,Male,ECE,5.7,97.65,52.23,61.71,0,No,1,86,91,Not Placed,0.0
1338,23,Female,ECE,6.95,82.76,70.54,63.84,4,Yes,2,85,98,Not Placed,0.0
1339,24,Male,ECE,6.42,73.23,65.91,59.54,0,No,0,40,68,Not Placed,0.0
1340,23,Female,CE,8.66,57.61,57.06,80.9,1,No,2,96,61,Placed,11.55
1341,20,Male,ECE,5.54,75.78,68.94,83.13,0,Yes,0,64,42,Not Placed,0.0
1342,23,Male,ECE,8.76,57.89,83.64,57.42,2,Yes,0,59,87,Placed,14.12
1343,22,Male,CE,5.23,69.92,68.08,87.06,1,No,1,56,62,Not Placed,0.0
1344,23,Female,CE,6.01,97.13,79.0,62.5,1,No,5,88,42,Placed,3.98
1345,21,Male,ME,8.96,67.1,79.64,64.15,3,No,0,61,95,Not Placed,0.0
1346,21,Male,EEE,8.71,57.64,79.36,91.44,4,Yes,2,89,45,Not Placed,0.0
1347,22,Female,CE,7.38,79.12,76.48,95.06,1,Yes,5,72,79,Placed,6.85
1348,20,Female,IT,5.25,80.12,55.85,91.24,0,Yes,2,65,62,Not Placed,0.0
1349,21,Male,ECE,8.05,59.69,60.92,57.39,2,No,5,66,51,Not Placed,0.0
1350,24,Male,EEE,7.03,59.83,90.0,99.96,0,No,2,99,44,Placed,8.62
1351,21,Male,CSE,6.58,99.48,75.12,83.61,0,Yes,1,73,44,Placed,13.54
1352,21,Male,ME,8.2,62.16,85.3,75.53,2,Yes,1,62,42,Not Placed,0.0
1353,20,Female,EEE,7.18,91.91,78.5,97.74,3,No,3,55,43,Not Placed,0.0
1354,23,Female,CE,5.46,73.52,51.93,90.87,4,Yes,4,53,63,Not Placed,0.0
1355,21,Female,ECE,9.58,71.75,89.81,84.59,1,No,3,91,44,Placed,10.16
1356,22,Male,ECE,8.89,64.75,53.22,91.92,4,No,3,94,100,Placed,11.59
1357,23,Female,ECE,5.28,88.69,97.16,69.27,3,Yes,0,94,70,Not Placed,0.0
1358,24,Female,EEE,7.63,94.03,60.77,84.22,2,Yes,0,91,96,Placed,9.28
1359,20,Female,ECE,5.42,63.06,75.62,59.53,4,No,3,100,74,Not Placed,0.0
1360,24,Female,CE,9.19,54.75,53.18,99.4,0,Yes,4,89,81,Placed,10.67
1361,23,Female,EEE,8.07,56.85,94.75,79.45,1,No,3,80,58,Placed,11.23
1362,23,Female,ECE,5.86,89.64,99.0,90.71,1,Yes,1,53,95,Placed,4.83
1363,23,Male,CSE,5.1,71.79,57.31,70.37,3,Yes,2,84,47,Not Placed,0.0
1364,24,Female,CSE,5.16,56.6,64.79,87.93,3,No,3,65,67,Not Placed,0.0
1365,23,Male,IT,7.54,67.01,50.79,69.37,2,No,0,85,94,Not Placed,0.0
1366,24,Female,ECE,8.67,75.71,89.35,79.5,3,Yes,4,97,77,Placed,9.96
1367,23,Male,ECE,5.6,92.6,65.57,88.91,4,Yes,0,90,62,Not Placed,0.0
1368,22,Female,EEE,6.11,82.09,79.44,55.82,1,No,1,88,46,Not Placed,0.0
1369,23,Female,EEE,6.64,58.8,51.96,67.84,2,No,5,66,77,Not Placed,0.0
1370,24,Male,ECE,6.09,57.94,85.77,77.25,3,Yes,0,79,52,Not Placed,0.0
1371,21,Male,IT,6.96,70.62,76.47,66.7,0,No,5,43,84,Placed,14.43
1372,23,Female,ECE,7.8,53.76,86.25,65.46,1,Yes,0,48,96,Not Placed,0.0
1373,21,Female,CE,8.42,87.78,89.48,64.08,2,Yes,4,95,60,Placed,8.53
1374,22,Male,EEE,9.82,70.07,54.46,61.39,1,No,5,66,76,Placed,8.79
1375,20,Male,ECE,9.65,67.15,78.9,92.45,4,No,4,82,45,Placed,6.22
1376,22,Female,EEE,7.85,75.46,82.5,96.18,3,Yes,0,78,49,Not Placed,0.0
1377,23,Male,ECE,8.67,85.45,75.84,85.01,3,Yes,0,54,66,Placed,13.01
1378,21,Male,ME,9.75,78.47,59.12,51.5,3,Yes,3,64,100,Placed,6.53
1379,21,Male,EEE,5.42,90.12,89.78,89.31,0,No,1,57,91,Not Placed,0.0
1380,24,Male,IT,5.03,81.47,99.87,76.6,4,Yes,5,91,65,Not Placed,0.0
1381,21,Male,ME,5.15,89.4,98.46,87.91,0,Yes,3,100,81,Placed,12.02
1382,24,Male,CE,7.82,84.84,88.88,71.87,4,Yes,4,69,96,Placed,14.45
1383,20,Male,ECE,8.81,59.66,70.91,52.06,4,Yes,3,76,67,Not Placed,0.0
1384,23,Male,CE,6.84,52.62,66.87,84.09,4,No,3,55,55,Not Placed,0.0
1385,24,Male,EEE,7.73,95.17,53.43,72.21,3,Yes,5,92,89,Placed,8.79
1386,20,Male,ME,7.58,97.28,70.81,93.7,3,No,0,51,98,Not Placed,0.0
1387,21,Male,CE,5.47,86.35,57.8,86.91,3,Yes,0,56,67,Not Placed,0.0
1388,21,Female,IT,6.61,86.21,62.72,67.98,0,No,5,64,42,Placed,5.86
1389,20,Male,EEE,5.1,63.51,94.59,86.2,2,Yes,1,54,96,Not Placed,0.0
1390,21,Male,ME,5.55,77.12,98.43,74.76,4,Yes,2,64,40,Not Placed,0.0
1391,20,Male,CE,9.06,99.61,97.43,59.97,0,Yes,2,60,92,Placed,8.17
1392,24,Male,ME,9.15,92.81,59.67,70.99,3,No,5,97,42,Placed,11.28
1393,24,Female,ME,9.01,65.22,95.04,61.13,3,No,5,58,69,Placed,9.87
1394,20,Female,CE,8.63,65.05,57.08,50.25,2,Yes,3,63,58,Placed,5.3
1395,24,Female,CSE,8.97,74.18,75.38,62.34,3,Yes,1,46,72,Placed,12.12
1396,24,Female,ECE,8.35,70.23,82.18,60.48,4,Yes,1,92,47,Not Placed,0.0
1397,24,Female,EEE,8.35,68.56,73.12,50.22,1,No,4,51,58,Placed,8.86
1398,22,Male,EEE,8.34,81.35,97.59,89.2,3,No,0,88,75,Not Placed,0.0
1399,23,Male,EEE,7.57,50.57,66.66,53.85,2,No,5,78,87,Placed,8.14
1400,21,Male,ME,6.82,88.17,76.37,72.45,1,No,5,50,76,Placed,8.76
1401,22,Male,CE,8.65,87.0,53.77,70.89,4,Yes,5,72,44,Placed,11.09
1402,24,Male,ECE,6.49,91.52,92.61,59.07,4,No,5,88,99,Not Placed,0.0
1403,20,Female,IT,7.71,92.07,70.67,98.34,4,Yes,4,64,73,Placed,13.82
1404,24,Male,EEE,7.17,78.32,85.03,80.19,2,No,2,93,94,Placed,12.62
1405,23,Female,CE,6.38,89.0,84.11,90.68,1,Yes,1,78,77,Placed,13.47
1406,24,Female,ECE,9.87,74.62,83.81,74.81,4,Yes,2,73,66,Placed,10.31
1407,20,Male,ECE,6.29,97.58,75.35,86.14,3,Yes,0,50,78,Not Placed,0.0
1408,23,Male,CSE,6.55,59.53,63.88,98.49,1,Yes,0,55,86,Not Placed,0.0
1409,24,Male,CE,5.81,95.78,81.25,67.42,4,No,5,71,81,Not Placed,0.0
1410,23,Male,EEE,9.11,62.93,98.09,75.21,1,No,0,54,81,Placed,14.18
1411,21,Male,ME,7.93,55.14,91.7,75.73,3,No,2,79,90,Not Placed,0.0
1412,21,Male,ECE,8.07,71.96,55.44,99.6,0,No,1,54,63,Placed,9.01
1413,24,Male,ECE,9.1,80.75,51.16,61.65,4,Yes,4,46,87,Placed,5.03
1414,23,Male,IT,6.71,61.55,74.95,83.77,3,No,1,76,70,Not Placed,0.0
1415,20,Female,CSE,5.97,77.79,88.79,56.91,2,No,1,79,61,Not Placed,0.0
1416,24,Female,ECE,5.99,90.39,65.7,96.35,4,No,3,41,62,Not Placed,0.0
1417,21,Female,ECE,8.66,62.85,85.06,79.52,0,Yes,1,45,80,Placed,4.21
1418,21,Male,ME,8.07,79.02,96.6,92.97,3,Yes,4,75,63,Placed,8.44
1419,24,Male,ME,6.03,66.97,72.95,94.76,3,Yes,3,78,79,Not Placed,0.0
1420,23,Female,IT,5.73,76.49,62.21,77.86,1,No,1,77,71,Not Placed,0.0
1421,21,Male,CE,5.6,83.35,95.89,84.1,4,No,3,67,90,Not Placed,0.0
1422,23,Male,IT,8.14,67.52,73.61,84.94,0,Yes,1,61,72,Placed,11.65
1423,21,Female,IT,5.0,99.72,70.39,73.02,2,No,0,76,67,Not Placed,0.0
1424,21,Female,ME,5.09,78.19,67.67,71.74,1,Yes,0,98,56,Not Placed,0.0
1425,22,Male,CE,6.95,91.22,71.15,59.31,4,Yes,1,44,65,Not Placed,0.0
1426,21,Male,ME,8.46,86.26,83.68,69.2,0,No,3,57,57,Placed,7.45
1427,20,Male,CSE,8.48,92.64,71.69,99.54,1,Yes,4,50,95,Placed,4.34
1428,24,Male,EEE,7.15,58.69,66.21,63.49,0,Yes,0,94,97,Placed,14.54
1429,24,Male,EEE,8.46,61.13,87.18,88.12,0,No,3,94,54,Placed,5.13
1430,23,Male,CSE,7.61,74.37,60.15,52.97,1,No,4,47,77,Placed,4.8
1431,21,Male,EEE,9.88,92.62,60.1,73.37,1,No,3,59,61,Placed,7.3
1432,20,Female,CE,5.81,59.88,84.82,52.92,4,Yes,1,50,88,Not Placed,0.0
1433,23,Female,ME,8.0,98.55,93.34,73.79,1,Yes,0,98,57,Placed,4.87
1434,22,Female,EEE,7.46,56.38,62.06,51.38,4,Yes,0,66,60,Not Placed,0.0
1435,23,Male,CE,5.97,58.75,59.56,80.66,0,No,0,68,58,Not Placed,0.0
1436,23,Male,ME,8.75,58.36,83.52,79.33,1,Yes,1,64,41,Placed,4.34
1437,21,Male,CE,6.38,79.3,81.04,89.89,4,Yes,4,97,69,Not Placed,0.0
1438,22,Male,CSE,6.91,95.88,72.36,79.16,4,Yes,4,90,64,Placed,8.33
1439,23,Male,IT,6.87,62.76,54.79,96.3,2,No,5,58,65,Not Placed,0.0
1440,20,Female,CSE,6.22,77.65,54.59,89.16,4,Yes,5,100,78,Not Placed,0.0
1441,20,Female,EEE,7.15,58.79,88.87,56.63,4,Yes,0,41,56,Not Placed,0.0
1442,24,Male,ME,7.37,81.56,72.59,63.27,2,Yes,5,81,86,Placed,8.13
1443,22,Male,CE,8.72,56.16,92.9,51.31,3,Yes,4,78,55,Placed,10.08
1444,22,Female,EEE,8.83,74.57,78.74,69.31,1,Yes,5,83,66,Placed,14.49
1445,24,Male,EEE,5.79,82.76,80.94,75.48,2,Yes,5,97,88,Placed,6.92
1446,23,Male,IT,7.96,78.96,96.71,97.3,4,No,0,41,42,Not Placed,0.0
1447,22,Male,EEE,9.48,57.0,58.23,76.11,4,Yes,4,46,81,Placed,4.59
1448,20,Female,IT,5.54,58.07,77.15,89.05,1,Yes,0,90,77,Not Placed,0.0
1449,20,Female,ME,7.36,83.57,52.91,63.4,0,Yes,4,70,68,Placed,5.68
1450,21,Male,ME,8.75,90.45,67.95,57.66,2,No,3,72,41,Placed,8.91
1451,22,Female,CE,8.06,95.4,57.4,90.54,3,Yes,0,50,82,Not Placed,0.0
1452,23,Female,IT,5.5,90.68,59.39,62.37,1,No,5,79,79,Not Placed,0.0
1453,24,Male,CSE,6.98,98.7,96.74,93.57,1,No,5,79,53,Placed,14.01
1454,24,Male,ME,7.54,70.41,80.53,58.49,2,Yes,0,85,51,Not Placed,0.0
1455,23,Male,CE,9.98,66.56,94.61,92.58,4,Yes,5,52,91,Placed,5.12
1456,21,Female,CSE,5.89,51.41,72.18,88.64,4,No,2,49,63,Not Placed,0.0
1457,24,Male,ME,9.91,72.49,79.88,80.56,3,No,0,88,67,Placed,12.5
1458,22,Female,ME,6.88,82.57,51.6,92.51,2,No,4,98,78,Placed,3.46
1459,21,Male,CE,6.0,90.77,73.48,66.54,1,No,3,77,57,Not Placed,0.0
1460,22,Female,CE,7.07,63.37,78.2,58.3,2,Yes,3,59,64,Not Placed,0.0
1461,20,Male,ECE,8.07,75.68,50.84,57.85,0,No,4,60,76,Placed,5.93
1462,21,Female,EEE,6.07,83.1,89.47,63.52,1,Yes,1,53,45,Not Placed,0.0
1463,24,Female,EEE,6.46,77.58,64.77,72.31,3,No,5,63,84,Not Placed,0.0
1464,21,Female,CSE,9.27,63.7,72.62,93.8,3,No,0,79,69,Not Placed,0.0
1465,21,Female,EEE,10.0,89.81,76.78,54.48,1,Yes,3,46,70,Placed,4.8
1466,21,Male,CSE,6.59,58.67,99.61,95.76,4,Yes,4,44,73,Not Placed,0.0
1467,21,Female,ME,5.74,95.25,54.96,96.27,1,Yes,3,45,58,Not Placed,0.0
1468,22,Male,ECE,8.97,97.63,77.76,86.36,1,Yes,3,79,97,Placed,12.1
1469,20,Male,ECE,8.0,68.28,76.53,95.01,0,No,4,92,67,Placed,6.93
1470,23,Male,ME,5.5,68.81,53.45,88.5,1,No,2,74,47,Not Placed,0.0
1471,21,Male,CE,9.73,87.16,81.7,76.42,2,No,3,48,50,Placed,3.08
1472,24,Male,IT,5.39,72.81,64.34,80.04,2,Yes,3,96,92,Not Placed,0.0
1473,21,Female,IT,8.13,51.43,55.19,81.41,3,Yes,1,81,55,Not Placed,0.0
1474,24,Male,EEE,7.12,95.99,58.93,56.34,4,Yes,2,40,65,Not Placed,0.0
1475,22,Female,CE,7.78,71.54,91.18,59.65,3,Yes,1,78,40,Not Placed,0.0
1476,24,Male,CSE,6.07,60.17,55.21,76.17,0,No,4,59,96,Not Placed,0.0
1477,23,Male,ECE,8.44,77.78,73.35,55.76,1,No,5,45,70,Placed,9.02
1478,20,Male,EEE,9.8,60.95,59.76,98.25,3,Yes,0,71,100,Placed,10.63
1479,24,Female,ME,7.29,60.3,58.12,75.36,1,No,4,52,66,Not Placed,0.0
1480,24,Female,CE,7.61,77.29,60.29,69.0,3,Yes,2,78,87,Not Placed,0.0
1481,20,Female,ECE,6.2,69.55,74.64,57.88,1,Yes,5,79,83,Placed,7.35
1482,23,Female,CSE,9.46,78.65,61.89,70.83,3,Yes,4,98,88,Placed,8.79
1483,21,Male,CSE,9.86,99.84,54.84,65.12,2,No,2,60,48,Placed,7.23
1484,24,Male,IT,8.93,92.95,90.07,54.4,0,No,5,76,65,Placed,13.7
1485,20,Female,EEE,7.71,50.38,76.99,98.35,3,Yes,1,51,45,Not Placed,0.0
1486,22,Male,ME,9.78,52.53,57.84,63.25,2,No,3,45,46,Placed,5.69
1487,20,Male,ECE,5.77,80.5,73.57,84.52,4,No,4,94,52,Not Placed,0.0
1488,22,Male,CSE,7.39,81.31,53.42,54.57,3,Yes,4,54,88,Placed,4.23
1489,23,Female,ECE,7.69,93.91,79.02,95.66,1,No,5,60,49,Placed,3.36
1490,21,Female,ME,7.46,81.45,67.02,79.54,0,No,3,60,82,Placed,13.04
1491,20,Male,ECE,9.01,61.39,55.18,82.84,2,Yes,4,67,85,Placed,4.57
1492,24,Male,EEE,8.35,73.43,59.18,89.09,2,No,4,75,88,Placed,4.86
1493,23,Female,IT,5.63,90.45,67.29,80.3,0,Yes,5,56,70,Placed,10.28
1494,20,Female,ECE,6.73,96.14,90.32,53.55,3,No,0,85,87,Not Placed,0.0
1495,24,Male,CE,6.7,61.85,58.69,71.48,1,No,5,46,76,Not Placed,0.0
1496,20,Female,IT,7.83,76.98,55.48,63.1,4,Yes,5,62,57,Not Placed,0.0
1497,22,Male,ME,6.46,57.95,75.8,74.34,3,Yes,5,84,50,Not Placed,0.0
1498,20,Male,IT,5.59,74.85,77.93,70.22,0,Yes,0,61,49,Not Placed,0.0
1499,20,Female,ECE,8.27,54.51,54.51,91.33,3,Yes,3,49,67,Placed,4.4
1500,20,Female,ECE,9.26,97.09,64.22,62.35,3,Yes,1,57,60,Placed,14.31
1501,23,Male,CE,9.66,81.9,63.14,60.07,0,No,4,41,92,Placed,4.14
1502,20,Female,CSE,9.86,92.71,59.31,97.9,0,Yes,5,93,93,Placed,10.17
1503,24,Female,CE,8.91,99.91,65.78,97.48,4,Yes,4,51,64,Placed,14.05
1504,22,Female,ECE,5.7,59.13,51.86,99.67,0,No,1,84,45,Not Placed,0.0
1505,22,Female,IT,9.27,84.71,82.58,78.42,0,No,4,96,81,Placed,3.39
1506,20,Female,CE,7.0,94.35,99.42,55.66,0,Yes,1,92,50,Placed,10.16
1507,23,Male,CE,8.65,78.8,81.7,94.01,2,No,3,78,72,Placed,13.84
1508,23,Male,CSE,7.66,81.98,68.05,57.26,0,No,3,89,44,Placed,6.87
1509,24,Male,ECE,9.14,70.38,83.4,57.78,0,Yes,1,61,73,Placed,6.76
1510,20,Male,ECE,7.13,83.74,78.58,59.67,0,Yes,1,82,71,Placed,5.99
1511,22,Female,ME,5.31,69.78,92.34,82.67,4,No,2,61,82,Not Placed,0.0
1512,23,Male,CSE,7.78,73.83,81.09,55.36,3,No,0,81,85,Not Placed,0.0
1513,20,Male,ME,5.86,55.15,81.7,88.91,0,Yes,0,61,63,Not Placed,0.0
1514,23,Male,ME,9.83,50.39,61.08,52.91,0,Yes,5,45,52,Placed,10.74
1515,23,Male,ME,7.63,52.76,70.78,55.52,4,No,4,85,94,Not Placed,0.0
1516,22,Male,EEE,7.77,59.63,67.22,71.72,3,No,4,91,82,Not Placed,0.0
1517,21,Female,ME,9.54,72.83,50.57,68.96,4,No,1,76,45,Not Placed,0.0
1518,24,Male,CE,8.12,51.05,65.66,99.49,1,No,5,59,73,Placed,11.99
1519,24,Female,IT,6.51,57.8,74.3,98.34,1,No,1,45,90,Not Placed,0.0
1520,22,Female,CE,6.48,89.07,79.99,59.48,1,No,0,48,64,Not Placed,0.0
1521,23,Male,CE,7.51,88.11,96.73,97.33,0,No,5,68,80,Placed,3.78
1522,20,Male,ECE,9.33,89.49,61.96,84.61,4,No,5,76,62,Placed,10.42
1523,23,Male,EEE,8.97,96.08,57.62,70.44,0,Yes,4,44,89,Placed,8.93
1524,22,Female,ME,9.81,55.95,93.47,86.98,1,No,0,90,85,Placed,8.83
1525,24,Female,ECE,5.36,58.16,97.09,95.01,3,Yes,3,52,52,Not Placed,0.0
1526,23,Male,CSE,6.34,66.68,74.4,59.01,3,Yes,0,66,67,Not Placed,0.0
1527,24,Male,CSE,5.4,95.76,55.76,59.8,4,No,0,62,83,Not Placed,0.0
1528,20,Female,ECE,8.76,88.77,74.27,70.44,3,Yes,1,76,83,Placed,7.81
1529,24,Male,IT,5.7,66.21,55.47,58.46,1,Yes,4,85,52,Not Placed,0.0
1530,24,Male,ECE,5.5,54.38,94.16,68.02,4,No,3,73,46,Not Placed,0.0
1531,21,Female,ECE,7.81,80.82,85.41,82.28,4,No,0,64,87,Not Placed,0.0
1532,21,Female,EEE,7.06,62.84,62.06,90.64,1,No,0,76,56,Not Placed,0.0
1533,21,Female,CSE,8.58,76.56,94.33,65.1,1,No,1,62,48,Placed,8.97
1534,24,Female,CSE,7.44,97.09,81.9,64.09,1,Yes,5,67,53,Placed,10.11
1535,22,Female,ME,7.13,78.63,97.66,88.99,1,Yes,2,94,69,Placed,9.81
1536,24,Male,CE,7.13,96.19,99.02,69.05,4,Yes,4,65,80,Placed,13.58
1537,22,Female,ECE,9.36,69.65,50.16,90.92,3,No,4,51,77,Placed,12.23
1538,22,Female,ECE,6.98,81.67,56.01,99.67,1,No,4,95,97,Placed,3.63
1539,21,Female,IT,6.67,94.69,77.35,98.98,2,No,0,91,69,Not Placed,0.0
1540,23,Male,CSE,6.69,79.4,97.79,83.13,4,Yes,0,78,72,Not Placed,0.0
1541,20,Male,IT,5.98,80.74,99.71,68.76,0,Yes,0,42,95,Not Placed,0.0
1542,21,Male,EEE,9.3,85.82,78.37,53.27,3,Yes,5,48,93,Placed,14.49
1543,21,Male,ME,5.73,94.11,58.69,86.9,4,Yes,2,86,96,Not Placed,0.0
1544,23,Male,IT,9.54,54.41,58.15,98.9,1,No,0,54,64,Placed,11.63
1545,20,Female,CSE,6.42,66.84,88.19,53.4,2,Yes,4,47,70,Not Placed,0.0
1546,24,Female,EEE,9.5,69.88,79.6,50.31,0,Yes,5,67,62,Placed,4.81
1547,24,Male,ECE,8.95,95.49,77.44,91.59,3,Yes,4,65,91,Placed,3.66
1548,21,Female,EEE,7.91,97.8,73.29,55.11,1,No,1,55,66,Not Placed,0.0
1549,20,Male,CE,8.35,56.02,86.26,54.08,4,Yes,2,96,72,Not Placed,0.0
1550,21,Male,IT,6.63,55.96,92.9,95.52,4,Yes,3,73,90,Not Placed,0.0
1551,22,Male,CSE,7.87,96.74,65.15,53.98,3,No,0,59,93,Not Placed,0.0
1552,21,Male,IT,6.46,64.79,61.05,55.7,2,No,3,40,86,Not Placed,0.0
1553,21,Male,ECE,7.01,62.09,83.51,78.48,1,No,0,63,88,Not Placed,0.0
1554,24,Male,ECE,8.82,51.78,95.74,87.84,3,Yes,2,68,59,Placed,12.04
1555,24,Male,CSE,6.22,63.78,67.41,69.98,3,No,2,43,95,Not Placed,0.0
1556,24,Female,CE,9.19,84.68,63.62,71.03,4,Yes,4,43,67,Placed,10.14
1557,22,Male,ME,6.88,71.3,61.31,81.63,3,Yes,2,94,47,Not Placed,0.0
1558,24,Female,EEE,7.66,75.84,62.72,75.27,0,No,5,77,61,Placed,7.54
1559,20,Female,EEE,9.71,95.86,56.75,50.93,0,Yes,5,42,93,Placed,7.14
1560,23,Female,ECE,8.41,55.73,79.84,55.68,1,No,3,79,74,Placed,10.37
1561,20,Female,IT,8.23,53.56,64.04,79.08,3,No,3,41,94,Not Placed,0.0
1562,20,Male,IT,8.56,92.6,80.75,89.68,4,Yes,2,68,70,Placed,4.24
1563,24,Male,CE,9.59,88.74,54.15,88.16,1,Yes,3,88,83,Placed,10.32
1564,23,Female,ME,6.24,63.19,55.77,87.0,2,Yes,5,67,63,Not Placed,0.0
1565,23,Male,IT,8.07,66.21,76.81,88.56,4,No,0,51,54,Not Placed,0.0
1566,23,Female,EEE,7.0,65.51,75.58,52.22,2,No,1,100,89,Not Placed,0.0
1567,22,Female,IT,5.06,82.39,63.58,94.76,1,No,5,83,84,Not Placed,0.0
1568,24,Female,ME,5.63,53.06,91.36,94.46,0,No,4,54,70,Not Placed,0.0
1569,23,Female,EEE,6.62,74.47,59.35,76.6,4,Yes,1,89,44,Not Placed,0.0
1570,22,Female,IT,7.82,56.69,68.03,62.43,4,No,3,80,61,Not Placed,0.0
1571,21,Female,EEE,9.41,90.99,77.78,79.61,1,Yes,4,70,56,Placed,10.65
1572,21,Male,ECE,8.96,69.03,93.36,77.89,4,No,1,92,67,Not Placed,0.0
1573,22,Female,ECE,7.77,76.38,70.93,61.15,4,Yes,1,76,92,Not Placed,0.0
1574,22,Male,CE,5.37,51.47,69.93,80.16,1,No,3,71,42,Not Placed,0.0
1575,24,Male,ECE,6.43,52.91,78.98,89.86,3,Yes,4,61,58,Not Placed,0.0
1576,24,Female,IT,6.83,83.75,65.83,90.31,1,Yes,5,42,77,Placed,12.73
1577,21,Male,ME,8.11,88.34,85.46,52.98,4,No,5,56,66,Placed,8.33
1578,23,Male,EEE,5.32,85.5,62.43,59.86,1,No,4,68,56,Not Placed,0.0
1579,21,Male,CSE,7.65,86.85,91.16,83.41,4,No,1,95,71,Not Placed,0.0
1580,23,Female,ECE,9.51,55.23,63.62,92.99,2,No,4,94,76,Placed,8.98
1581,23,Male,ECE,8.53,84.67,99.64,76.06,2,Yes,5,51,60,Placed,14.99
1582,24,Female,CSE,8.99,59.09,65.82,85.38,0,No,4,53,76,Placed,8.54
1583,20,Male,CSE,8.41,54.9,93.94,51.05,1,No,0,47,90,Not Placed,0.0
1584,20,Female,IT,6.03,87.86,69.87,80.42,1,Yes,3,80,93,Placed,11.04
1585,22,Female,EEE,5.55,94.47,62.3,98.1,2,No,5,41,50,Not Placed,0.0
1586,24,Male,ECE,9.15,85.84,61.31,83.05,2,No,3,92,40,Placed,10.02
1587,23,Male,ME,8.48,90.28,92.51,96.11,2,No,0,73,69,Placed,12.58
1588,20,Male,IT,7.88,99.55,65.44,78.3,0,Yes,1,100,65,Placed,9.86
1589,23,Female,IT,5.95,56.74,66.93,92.17,0,No,2,63,84,Not Placed,0.0
1590,20,Female,ME,8.02,98.26,59.85,56.21,3,Yes,5,87,88,Placed,10.94
1591,20,Female,ME,5.16,80.06,98.07,56.18,1,No,1,59,82,Not Placed,0.0
1592,20,Male,CE,5.59,90.66,62.24,56.01,0,No,0,82,89,Not Placed,0.0
1593,24,Female,ME,6.56,82.51,62.37,74.44,4,No,4,91,75,Not Placed,0.0
1594,21,Female,CSE,7.22,78.5,97.19,66.51,1,No,0,49,65,Not Placed,0.0
1595,23,Female,ECE,5.6,85.18,95.04,85.96,3,Yes,3,79,96,Not Placed,0.0
1596,24,Female,CE,5.6,66.01,62.45,95.13,2,No,4,46,81,Not Placed,0.0
1597,24,Male,CSE,8.63,96.21,93.24,80.97,3,Yes,1,40,95,Placed,14.67
1598,24,Male,CE,7.85,55.76,62.49,60.66,1,Yes,4,94,66,Placed,3.48
1599,24,Female,ECE,7.67,65.9,54.22,96.54,2,Yes,3,49,65,Placed,11.66
1600,24,Female,CE,7.26,51.56,91.02,76.39,3,Yes,0,90,82,Not Placed,0.0
1601,22,Female,CSE,9.88,63.57,88.58,86.0,3,No,1,44,57,Placed,3.28
1602,23,Male,EEE,5.25,60.91,64.73,94.53,1,No,2,95,72,Not Placed,0.0
1603,24,Male,ECE,5.9,52.48,54.51,99.49,0,No,2,93,75,Not Placed,0.0
1604,23,Male,IT,8.24,74.59,60.32,75.3,4,Yes,0,79,76,Not Placed,0.0
1605,22,Male,ECE,5.68,73.43,88.55,90.4,3,No,1,60,73,Not Placed,0.0
1606,22,Female,ECE,7.95,53.89,98.24,78.34,4,No,1,97,99,Not Placed,0.0
1607,23,Female,ECE,7.84,63.09,62.95,74.32,1,Yes,4,48,65,Placed,10.5
1608,20,Male,EEE,9.86,97.67,90.91,76.89,1,No,5,68,61,Placed,6.18
1609,21,Male,CSE,9.42,55.54,61.4,74.21,0,No,0,70,63,Placed,5.02
1610,20,Male,IT,9.73,65.25,83.98,71.05,2,No,4,84,51,Placed,4.31
1611,20,Male,CSE,5.57,51.79,54.18,86.19,4,Yes,0,85,50,Not Placed,0.0
1612,20,Female,CE,9.34,57.44,79.26,62.48,3,Yes,3,66,99,Placed,13.42
1613,24,Female,CE,5.65,84.97,63.46,80.82,2,No,0,45,60,Not Placed,0.0
1614,22,Male,CE,8.16,68.34,96.29,85.65,4,No,4,82,55,Placed,14.62
1615,20,Female,CSE,8.6,72.6,64.49,94.6,4,No,1,70,75,Not Placed,0.0
1616,22,Female,ME,5.8,57.85,69.92,66.59,2,No,0,80,46,Not Placed,0.0
1617,23,Female,EEE,8.16,84.11,92.03,93.03,2,No,1,84,100,Placed,12.79
1618,21,Male,ME,5.26,87.58,71.91,97.26,0,No,3,75,92,Not Placed,0.0
1619,23,Female,CE,6.47,59.06,61.92,82.43,3,Yes,2,41,67,Not Placed,0.0
1620,23,Male,EEE,9.61,52.25,77.38,88.57,3,No,2,95,63,Placed,8.54
1621,24,Male,CSE,5.86,54.05,92.0,70.29,3,Yes,4,60,94,Not Placed,0.0
1622,21,Male,CE,5.33,82.85,71.66,97.61,2,Yes,0,73,92,Not Placed,0.0
1623,23,Male,CSE,7.22,56.78,56.64,83.54,0,No,3,61,52,Not Placed,0.0
1624,23,Male,EEE,9.25,74.7,69.15,65.51,1,Yes,3,52,53,Placed,9.9
1625,21,Male,CSE,5.38,57.63,97.72,70.21,0,Yes,1,58,82,Not Placed,0.0
1626,21,Male,CSE,6.78,58.51,53.6,80.89,2,Yes,5,72,70,Placed,11.39
1627,23,Female,IT,9.5,50.22,70.42,61.71,0,Yes,4,99,47,Placed,4.05
1628,21,Female,ME,5.59,66.04,82.4,87.7,2,Yes,3,77,40,Not Placed,0.0
1629,23,Male,ME,6.55,54.49,53.93,61.23,4,Yes,0,98,79,Not Placed,0.0
1630,23,Female,ME,8.89,69.7,67.25,79.59,4,No,3,79,90,Placed,10.08
1631,24,Female,ECE,7.72,79.89,97.03,84.85,1,No,2,88,56,Placed,6.94
1632,20,Female,IT,9.16,68.38,51.53,92.99,4,No,4,42,80,Placed,13.21
1633,23,Male,CE,5.56,85.25,87.59,86.7,1,No,1,77,98,Not Placed,0.0
1634,22,Female,CE,9.6,87.07,92.07,89.94,3,No,0,97,52,Placed,7.91
1635,20,Female,CE,9.67,84.83,63.85,95.65,2,Yes,2,100,93,Placed,6.32
1636,20,Female,ME,5.78,96.84,60.74,79.89,3,Yes,3,58,86,Not Placed,0.0
1637,20,Male,ME,5.17,61.86,95.74,92.31,3,No,4,46,66,Not Placed,0.0
1638,24,Male,IT,9.95,59.47,88.2,61.59,1,No,4,54,52,Placed,8.52
1639,23,Female,CSE,7.41,80.49,55.67,90.74,2,Yes,0,77,98,Not Placed,0.0
1640,24,Male,ME,7.86,79.74,60.61,61.08,1,Yes,1,64,79,Placed,14.13
1641,23,Male,CE,8.08,75.5,81.07,96.73,0,No,2,100,66,Placed,11.54
1642,24,Male,CSE,8.95,50.22,70.97,66.5,3,No,5,61,71,Placed,13.7
1643,24,Female,ME,9.06,77.76,75.21,58.59,2,No,1,62,97,Placed,11.63
1644,22,Female,EEE,5.97,96.64,97.58,57.41,3,Yes,0,89,51,Not Placed,0.0
1645,24,Male,ECE,6.18,66.73,71.01,59.36,0,No,0,49,82,Not Placed,0.0
1646,21,Female,ME,9.38,98.38,94.08,72.38,0,No,2,75,91,Placed,6.28
1647,22,Male,EEE,9.1,67.84,83.04,76.11,2,No,4,76,52,Placed,3.72
1648,24,Female,IT,8.09,56.99,56.08,95.69,2,No,4,89,55,Placed,12.61
1649,20,Female,EEE,9.97,69.92,87.23,69.05,0,No,2,98,73,Placed,4.47
1650,21,Female,IT,8.68,74.73,76.01,60.87,3,No,1,81,45,Not Placed,0.0
1651,21,Female,ME,6.08,81.47,61.25,87.19,4,No,2,81,87,Not Placed,0.0
1652,21,Male,IT,9.23,75.24,64.48,56.73,3,Yes,5,81,57,Placed,8.46
1653,22,Female,EEE,7.07,76.84,77.87,94.61,4,No,4,46,56,Not Placed,0.0
1654,24,Male,ECE,5.18,51.2,80.09,70.47,1,No,1,91,86,Not Placed,0.0
1655,24,Female,CSE,6.61,62.68,98.41,80.69,2,No,3,85,78,Not Placed,0.0
1656,20,Female,CSE,8.82,65.53,92.74,59.31,0,No,1,64,53,Placed,14.3
1657,20,Female,ECE,9.8,99.35,60.29,57.28,1,No,4,79,46,Placed,10.47
1658,21,Male,CE,6.38,64.78,88.7,89.94,3,No,0,97,45,Not Placed,0.0
1659,20,Female,CSE,6.23,94.83,50.41,71.49,4,Yes,1,80,51,Not Placed,0.0
1660,22,Male,ME,7.82,65.24,56.49,99.34,2,Yes,1,63,73,Not Placed,0.0
1661,24,Male,CE,9.06,54.81,59.99,76.21,4,No,0,44,92,Not Placed,0.0
1662,21,Female,ME,8.73,62.38,79.86,92.28,3,Yes,4,96,40,Placed,13.78
1663,20,Male,EEE,7.8,63.64,59.73,99.0,3,No,3,60,89,Not Placed,0.0
1664,22,Female,EEE,8.16,98.91,68.26,64.06,0,Yes,3,79,68,Placed,10.33
1665,22,Male,CE,6.21,83.71,62.14,90.04,1,No,2,59,67,Not Placed,0.0
1666,20,Male,CE,7.16,96.58,66.87,51.1,2,No,3,68,44,Not Placed,0.0
1667,24,Female,CE,6.28,91.75,97.12,83.99,0,Yes,3,76,60,Placed,3.95
1668,20,Male,CE,9.42,78.93,99.87,87.26,4,No,1,98,78,Placed,10.34
1669,21,Male,IT,5.56,83.77,84.29,73.87,1,No,2,59,86,Not Placed,0.0
1670,20,Female,CE,8.4,81.24,78.62,58.11,2,Yes,3,57,92,Placed,5.25
1671,22,Male,CE,6.3,83.31,85.42,80.84,4,Yes,1,43,98,Not Placed,0.0
1672,20,Female,EEE,7.38,63.24,88.58,94.88,2,No,2,50,77,Not Placed,0.0
1673,24,Male,ME,6.5,70.41,86.95,96.57,2,Yes,1,92,73,Not Placed,0.0
1674,23,Female,EEE,6.62,79.63,54.09,87.31,1,No,0,61,60,Not Placed,0.0
1675,20,Female,CSE,6.3,51.8,65.51,63.19,4,Yes,4,91,63,Not Placed,0.0
1676,24,Female,IT,8.76,74.14,67.17,93.52,0,Yes,4,82,88,Placed,8.03
1677,24,Male,IT,6.83,92.99,68.46,94.44,0,Yes,4,53,98,Placed,10.92
1678,22,Female,ME,8.63,74.62,67.22,68.36,0,Yes,3,97,52,Placed,13.7
1679,24,Female,CE,7.28,77.62,89.35,59.15,2,Yes,4,84,84,Placed,14.26
1680,24,Female,EEE,7.74,60.1,87.38,93.73,3,No,4,67,85,Placed,13.91
1681,24,Male,CSE,7.72,89.72,50.23,94.25,1,Yes,2,43,97,Placed,10.9
1682,24,Female,EEE,9.88,67.94,64.82,55.05,0,Yes,2,55,62,Placed,11.19
1683,21,Female,CE,6.84,97.83,81.18,98.35,1,Yes,5,77,71,Placed,3.03
1684,21,Male,CE,6.04,99.69,56.01,76.65,2,No,2,62,47,Not Placed,0.0
1685,22,Male,ECE,9.56,95.8,53.56,99.69,1,No,3,52,86,Placed,13.88
1686,20,Female,EEE,5.87,54.24,91.42,72.25,0,No,5,94,50,Placed,11.28
1687,24,Male,ME,9.17,66.66,72.63,76.66,0,Yes,5,59,52,Placed,8.62
1688,20,Female,EEE,5.75,97.26,92.78,63.3,2,No,4,44,92,Not Placed,0.0
1689,20,Female,IT,8.29,90.23,91.18,94.95,2,No,3,58,59,Placed,5.96
1690,22,Female,CSE,5.75,95.56,94.67,72.19,4,No,3,60,40,Not Placed,0.0
1691,24,Male,ME,9.62,78.63,52.41,90.73,2,Yes,3,81,96,Placed,13.77
1692,24,Male,ECE,7.83,74.02,59.31,53.99,3,No,3,44,41,Not Placed,0.0
1693,23,Female,CSE,6.65,55.32,64.81,89.41,3,Yes,3,53,50,Not Placed,0.0
1694,20,Male,CSE,5.7,91.97,56.81,74.51,0,Yes,3,75,85,Placed,10.86
1695,20,Female,IT,6.86,87.26,74.27,50.27,2,Yes,5,45,69,Placed,6.53
1696,21,Male,IT,8.53,52.94,89.95,61.31,3,Yes,4,44,44,Placed,5.04
1697,23,Male,IT,6.92,60.47,97.56,59.69,3,Yes,2,63,46,Not Placed,0.0
1698,21,Male,ME,6.23,77.86,94.48,87.59,4,No,5,68,63,Not Placed,0.0
1699,21,Male,EEE,7.89,84.22,72.87,73.86,2,No,1,68,70,Not Placed,0.0
1700,21,Female,CSE,7.09,56.88,81.82,57.99,4,No,1,41,87,Not Placed,0.0
1701,22,Male,EEE,5.83,62.24,61.53,62.84,1,Yes,1,45,69,Not Placed,0.0
1702,22,Male,EEE,5.77,59.66,70.15,75.2,4,No,0,73,82,Not Placed,0.0
1703,21,Male,IT,8.54,61.0,93.56,50.98,1,No,2,51,97,Placed,5.17
1704,23,Male,EEE,9.87,96.04,51.46,71.21,1,Yes,4,61,54,Placed,11.56
1705,20,Male,CSE,6.17,85.79,76.64,83.9,2,No,3,43,75,Not Placed,0.0
1706,23,Female,CSE,8.87,86.86,93.64,75.89,1,No,1,84,49,Placed,5.59
1707,24,Male,CE,5.44,89.7,56.1,79.9,1,Yes,2,88,40,Not Placed,0.0
1708,22,Male,ECE,6.91,67.83,99.13,66.33,4,Yes,4,45,46,Not Placed,0.0
1709,20,Male,ME,7.53,88.36,50.62,59.15,2,Yes,1,42,83,Not Placed,0.0
1710,20,Female,EEE,6.34,98.92,94.31,90.49,2,No,2,52,100,Not Placed,0.0
1711,24,Male,ME,7.65,84.92,67.68,95.28,1,Yes,5,62,65,Placed,11.32
1712,24,Male,ME,9.41,70.84,56.63,75.54,4,Yes,4,74,82,Placed,13.91
1713,21,Female,ME,9.72,85.82,57.87,65.25,4,No,5,65,82,Placed,14.37
1714,22,Female,CE,5.5,95.04,85.06,75.56,4,No,2,91,96,Not Placed,0.0
1715,22,Male,ME,6.36,56.44,93.54,93.95,4,Yes,3,48,88,Not Placed,0.0
1716,23,Male,CE,9.9,63.26,82.05,84.57,0,No,2,62,69,Placed,3.23
1717,21,Female,CSE,6.35,95.96,96.44,92.93,1,No,2,43,40,Not Placed,0.0
1718,21,Male,EEE,8.46,97.31,92.12,66.42,1,No,0,73,54,Placed,3.48
1719,21,Female,CE,6.27,74.21,50.45,85.6,1,No,3,76,94,Not Placed,0.0
1720,21,Female,ECE,6.78,68.73,83.47,82.65,2,Yes,5,47,96,Placed,7.58
1721,22,Male,ME,5.96,64.14,65.23,78.58,2,No,2,73,92,Not Placed,0.0
1722,22,Male,ECE,9.28,74.94,72.73,76.41,4,No,3,96,59,Placed,9.14
1723,21,Male,CSE,9.41,96.73,54.7,77.55,2,No,2,76,61,Placed,10.79
1724,23,Female,CSE,6.48,57.49,64.1,92.48,3,No,3,45,64,Not Placed,0.0
1725,20,Male,IT,9.12,70.99,81.63,95.8,1,No,4,46,89,Placed,10.23
1726,20,Male,ME,6.79,95.58,60.92,55.64,1,Yes,1,84,92,Placed,12.79
1727,23,Female,IT,5.5,67.46,82.38,78.44,0,Yes,0,80,75,Not Placed,0.0
1728,21,Female,ECE,8.79,88.4,96.15,95.92,0,Yes,1,78,100,Placed,14.19
1729,22,Male,EEE,7.98,69.46,50.25,56.74,3,Yes,2,75,90,Not Placed,0.0
1730,20,Female,IT,6.37,90.25,89.29,70.64,0,No,2,44,76,Not Placed,0.0
1731,24,Male,CSE,6.26,99.05,82.07,54.45,4,Yes,4,99,85,Not Placed,0.0
1732,24,Male,ME,9.88,69.39,52.33,55.67,4,Yes,2,42,94,Placed,9.51
1733,23,Male,ECE,9.31,92.25,89.51,95.21,1,No,5,56,84,Placed,14.82
1734,21,Male,CE,9.05,99.42,61.23,72.31,4,No,3,58,66,Placed,10.32
1735,20,Male,CSE,5.64,99.19,63.29,84.44,0,No,5,84,58,Placed,9.66
1736,21,Male,CE,8.78,71.69,54.68,56.95,3,No,1,40,58,Not Placed,0.0
1737,20,Female,EEE,6.07,74.29,76.72,51.1,4,No,2,76,55,Not Placed,0.0
1738,23,Female,ME,9.89,65.17,74.91,94.52,1,No,4,94,93,Placed,3.65
1739,23,Female,EEE,5.26,65.7,67.36,78.73,1,No,0,48,60,Not Placed,0.0
1740,24,Male,EEE,6.76,74.62,58.44,51.0,0,No,5,43,90,Placed,5.11
1741,21,Male,ME,7.14,60.03,91.9,99.62,4,Yes,1,81,72,Not Placed,0.0
1742,24,Male,ME,9.12,85.56,93.82,74.61,0,No,4,85,81,Placed,13.23
1743,21,Female,CE,8.83,76.82,77.03,73.79,1,No,4,49,70,Placed,6.81
1744,24,Female,EEE,6.87,94.9,62.21,81.05,3,No,1,71,73,Not Placed,0.0
1745,22,Male,ECE,7.83,90.53,54.81,50.4,4,No,4,40,54,Not Placed,0.0
1746,22,Male,CE,9.18,66.12,93.43,78.46,3,No,0,62,90,Not Placed,0.0
1747,22,Male,ME,5.09,75.29,54.8,81.47,4,No,0,90,75,Not Placed,0.0
1748,22,Male,CSE,9.01,87.53,50.66,64.85,1,Yes,2,56,92,Placed,6.92
1749,20,Male,CE,9.73,59.66,73.47,86.34,4,Yes,3,91,65,Placed,3.78
1750,22,Female,IT,5.16,51.58,86.56,68.87,1,Yes,2,69,69,Not Placed,0.0
1751,23,Female,ECE,5.23,92.62,72.88,85.89,2,Yes,3,66,70,Not Placed,0.0
1752,23,Male,CE,6.72,56.88,52.57,57.19,1,Yes,1,96,64,Not Placed,0.0
1753,20,Male,ME,5.44,94.47,84.5,95.68,1,No,4,54,43,Not Placed,0.0
1754,22,Female,ME,7.4,95.68,82.12,93.97,4,No,2,93,51,Not Placed,0.0
1755,22,Male,ECE,8.64,73.04,84.08,57.53,3,No,4,77,96,Placed,10.78
1756,22,Male,IT,7.83,90.34,60.56,96.92,1,No,2,46,92,Placed,11.42
1757,24,Male,CE,5.98,68.16,89.78,77.89,4,No,2,72,100,Not Placed,0.0
1758,21,Male,CE,8.27,92.91,73.96,85.08,1,Yes,0,44,58,Placed,13.91
1759,24,Male,EEE,8.42,91.23,76.82,92.01,0,No,3,91,94,Placed,13.34
1760,21,Female,CSE,9.66,53.93,77.29,54.18,0,No,1,91,95,Placed,10.78
1761,22,Male,ME,5.73,79.13,64.34,58.46,0,Yes,4,78,48,Placed,8.4
1762,22,Male,CE,8.46,82.0,62.51,64.52,0,Yes,2,73,64,Placed,11.15
1763,24,Female,CE,9.56,50.04,50.24,73.86,3,Yes,4,92,93,Placed,11.0
1764,24,Male,CE,7.51,99.0,69.83,67.3,1,No,0,94,87,Not Placed,0.0
1765,21,Female,IT,6.81,70.33,74.26,75.29,0,No,1,42,86,Not Placed,0.0
1766,23,Female,CSE,5.85,75.87,87.14,59.3,4,No,3,71,80,Not Placed,0.0
1767,21,Male,CE,9.33,59.74,53.33,84.11,0,Yes,3,41,90,Placed,13.79
1768,24,Female,ECE,6.97,80.55,96.2,52.79,2,Yes,2,55,89,Placed,6.88
1769,24,Male,ME,9.62,90.53,63.2,68.07,2,Yes,1,99,92,Placed,12.67
1770,20,Female,EEE,9.24,79.29,68.34,58.95,3,Yes,3,56,46,Placed,7.53
1771,24,Male,ECE,6.88,89.4,52.42,86.5,2,Yes,1,92,66,Not Placed,0.0
1772,20,Female,ME,7.87,86.56,82.66,94.18,4,Yes,4,51,87,Placed,5.65
1773,23,Female,IT,5.14,61.88,85.45,53.94,0,No,0,99,86,Not Placed,0.0
1774,21,Male,CSE,6.32,71.79,96.44,89.25,2,Yes,1,44,94,Not Placed,0.0
1775,21,Male,CSE,8.55,57.43,66.84,94.79,2,Yes,1,43,82,Placed,8.89
1776,20,Female,ME,8.39,52.1,62.87,98.7,3,No,3,95,45,Not Placed,0.0
1777,21,Female,ECE,6.77,53.15,86.3,78.97,2,No,5,55,74,Not Placed,0.0
1778,24,Male,EEE,9.04,97.12,85.34,66.37,0,No,2,57,71,Placed,12.85
1779,22,Female,IT,6.18,99.23,96.86,66.1,1,Yes,2,84,53,Placed,12.07
1780,20,Male,ME,7.31,54.75,60.27,68.95,0,No,5,99,45,Placed,3.61
1781,21,Male,IT,7.36,66.76,85.26,80.63,2,No,5,59,88,Placed,8.91
1782,20,Male,CSE,6.7,55.72,53.34,74.51,2,Yes,5,92,90,Placed,13.23
1783,20,Male,CE,9.77,91.71,74.02,82.68,2,Yes,4,48,57,Placed,10.8
1784,22,Female,CE,8.48,74.81,55.97,51.97,3,No,3,55,70,Not Placed,0.0
1785,24,Male,EEE,7.7,81.06,82.66,55.29,4,No,3,74,91,Not Placed,0.0
1786,20,Female,IT,7.55,77.0,80.07,98.83,0,Yes,0,68,55,Placed,9.68
1787,21,Male,ME,5.8,85.51,52.44,99.77,2,Yes,2,88,95,Not Placed,0.0
1788,23,Male,EEE,6.86,65.96,65.98,87.33,1,No,3,69,42,Not Placed,0.0
1789,20,Male,ECE,8.36,56.87,69.75,62.82,3,Yes,5,59,70,Placed,10.62
1790,20,Male,CE,9.62,50.88,62.4,97.67,4,No,4,81,77,Placed,5.43
1791,22,Male,ME,9.08,72.28,51.93,60.69,2,Yes,0,61,97,Placed,9.6
1792,24,Male,IT,6.5,95.39,65.94,86.57,0,No,2,62,56,Not Placed,0.0
1793,23,Female,EEE,7.17,65.26,89.63,55.76,1,Yes,2,91,91,Placed,7.5
1794,21,Male,ME,5.41,59.8,68.01,82.45,3,Yes,2,75,44,Not Placed,0.0
1795,23,Male,EEE,5.51,96.3,66.17,87.98,0,No,0,61,92,Not Placed,0.0
1796,21,Male,EEE,7.35,55.27,97.09,92.98,0,Yes,4,40,55,Placed,3.85
1797,24,Female,EEE,7.65,52.59,52.08,86.72,3,Yes,4,60,56,Not Placed,0.0
1798,21,Female,IT,6.32,93.97,88.36,96.17,0,No,3,87,70,Placed,14.32
1799,22,Male,ME,8.21,85.05,74.15,76.05,1,Yes,3,82,55,Placed,14.58
1800,22,Male,CSE,8.52,71.1,97.22,83.87,1,Yes,2,58,96,Placed,8.19
1801,22,Male,CSE,6.5,87.62,69.67,68.48,0,Yes,5,47,60,Placed,10.48
1802,22,Female,IT,8.79,87.07,85.4,50.52,2,No,1,44,80,Not Placed,0.0
1803,23,Male,IT,6.03,52.0,53.5,87.83,0,No,3,94,78,Not Placed,0.0
1804,24,Male,CE,7.72,83.81,96.44,93.49,2,No,4,95,76,Placed,3.33
1805,21,Male,EEE,9.02,82.04,67.23,58.7,0,No,2,79,80,Placed,7.61
1806,21,Male,ME,7.69,98.19,76.2,51.43,4,Yes,4,68,92,Placed,13.61
1807,22,Male,ME,9.54,98.33,56.92,58.23,1,Yes,2,57,49,Placed,9.06
1808,22,Female,ECE,5.29,68.89,97.28,94.76,0,No,0,68,71,Not Placed,0.0
1809,20,Male,ECE,7.94,79.49,83.65,64.78,1,No,3,54,64,Placed,11.3
1810,24,Female,CSE,7.81,57.07,52.7,61.69,3,No,5,89,92,Placed,9.89
1811,23,Male,ECE,8.3,53.32,57.76,50.73,4,No,0,84,72,Not Placed,0.0
1812,21,Male,ECE,9.17,71.64,69.99,64.85,2,Yes,3,70,78,Placed,9.73
1813,20,Female,CSE,8.63,84.49,60.84,85.78,3,No,5,54,92,Placed,10.78
1814,20,Male,CE,8.95,78.39,65.23,97.95,4,No,5,97,76,Placed,10.7
1815,21,Female,CSE,6.44,71.48,99.87,65.64,3,Yes,5,92,77,Placed,11.74
1816,23,Male,ECE,6.94,90.91,82.93,62.03,1,Yes,4,84,77,Placed,9.24
1817,20,Male,ME,8.13,89.72,96.11,94.4,4,No,4,42,94,Placed,13.8
1818,20,Female,ECE,7.77,86.6,71.79,92.63,3,No,1,83,67,Not Placed,0.0
1819,24,Male,EEE,9.81,53.85,85.51,66.41,2,No,4,83,54,Placed,9.22
1820,23,Female,EEE,5.93,89.82,72.98,53.44,4,No,2,81,47,Not Placed,0.0
1821,20,Male,EEE,6.76,95.97,66.41,99.6,4,No,1,72,40,Not Placed,0.0
1822,23,Female,CE,7.86,52.97,75.96,84.04,3,Yes,2,63,49,Not Placed,0.0
1823,21,Male,IT,9.34,70.08,71.37,96.33,0,No,1,77,98,Placed,4.52
1824,22,Male,EEE,9.65,99.42,99.03,67.09,2,No,2,90,74,Placed,6.98
1825,20,Female,ME,6.68,79.96,74.81,82.38,2,No,1,63,93,Not Placed,0.0
1826,24,Female,CE,5.34,75.68,90.56,83.72,3,No,3,52,87,Not Placed,0.0
1827,21,Female,IT,7.11,58.87,83.34,93.65,1,No,5,66,72,Placed,9.84
1828,23,Female,IT,6.97,78.27,73.98,99.65,1,Yes,3,72,55,Placed,12.66
1829,21,Female,EEE,9.93,71.95,73.71,55.43,0,No,1,58,53,Placed,10.03
1830,20,Male,ECE,7.16,56.37,67.09,81.56,0,No,0,64,44,Not Placed,0.0
1831,23,Male,CSE,6.53,73.22,55.35,66.82,3,No,1,45,55,Not Placed,0.0
1832,22,Male,ECE,6.83,58.22,88.07,90.58,1,Yes,0,72,60,Not Placed,0.0
1833,21,Male,ECE,6.98,86.53,95.9,87.71,2,Yes,5,64,97,Placed,11.51
1834,20,Male,IT,9.11,98.68,60.9,94.63,1,No,2,62,96,Placed,13.4
1835,24,Male,IT,5.41,73.48,96.28,67.19,3,No,1,88,50,Not Placed,0.0
1836,23,Male,CE,6.58,81.62,61.62,59.23,1,Yes,0,56,89,Not Placed,0.0
1837,21,Female,CE,9.83,71.55,76.5,51.09,4,No,5,60,46,Placed,8.61
1838,21,Male,IT,5.77,56.92,67.18,62.78,3,No,1,82,96,Not Placed,0.0
1839,22,Male,ME,8.71,98.53,55.73,68.36,4,Yes,3,59,47,Placed,5.89
1840,22,Male,ME,6.78,56.48,52.64,97.3,3,Yes,3,51,56,Not Placed,0.0
1841,24,Female,CSE,7.91,55.58,68.27,74.57,2,Yes,1,95,69,Not Placed,0.0
1842,24,Female,IT,5.5,72.96,52.37,77.82,3,Yes,1,52,53,Not Placed,0.0
1843,20,Female,EEE,6.53,82.94,55.21,94.01,3,Yes,4,57,88,Placed,3.45
1844,20,Male,CE,7.5,67.75,57.11,94.25,3,No,5,61,83,Placed,13.2
1845,24,Male,IT,6.16,59.63,50.1,76.4,3,Yes,3,63,89,Not Placed,0.0
1846,24,Male,ME,7.71,90.95,57.66,55.69,0,Yes,2,72,72,Placed,12.73
1847,23,Male,IT,6.1,68.16,78.86,63.53,4,No,1,42,63,Not Placed,0.0
1848,22,Male,ME,8.25,59.72,90.98,72.84,3,No,4,56,46,Not Placed,0.0
1849,20,Male,IT,9.52,68.25,59.67,87.56,3,Yes,5,78,77,Placed,14.25
1850,22,Male,EEE,5.43,60.73,54.04,85.58,0,No,1,71,54,Not Placed,0.0
1851,22,Female,CSE,6.08,75.97,86.48,82.14,1,Yes,3,56,89,Placed,8.3
1852,24,Female,EEE,9.22,83.41,50.41,94.01,0,Yes,0,87,82,Placed,10.18
1853,23,Male,ME,8.16,89.98,86.71,90.13,0,No,5,83,64,Placed,12.8
1854,21,Male,CE,5.39,61.38,56.56,99.11,0,No,0,64,100,Not Placed,0.0
1855,23,Male,CE,7.43,58.35,61.41,94.46,3,No,3,47,56,Not Placed,0.0
1856,23,Male,ECE,6.05,50.98,56.0,59.78,0,No,2,82,72,Not Placed,0.0
1857,22,Female,EEE,6.0,61.4,62.37,52.88,0,Yes,5,74,41,Placed,9.48
1858,23,Male,IT,9.7,51.2,89.91,70.73,0,No,4,99,78,Placed,14.62
1859,20,Female,CSE,8.81,67.27,56.63,80.88,3,No,1,68,49,Not Placed,0.0
1860,22,Male,IT,8.48,57.28,99.71,82.16,2,No,1,51,53,Not Placed,0.0
1861,20,Female,IT,6.19,78.99,66.35,63.38,2,Yes,1,75,51,Not Placed,0.0
1862,21,Male,EEE,5.59,69.19,96.1,92.99,1,Yes,4,48,56,Placed,12.71
1863,22,Female,CSE,9.35,54.68,59.5,66.46,3,No,4,65,53,Placed,8.2
1864,21,Male,ECE,5.03,69.99,59.39,95.96,0,No,3,61,90,Not Placed,0.0
1865,22,Female,IT,6.94,60.47,78.27,73.58,0,Yes,4,92,49,Placed,4.34
1866,24,Male,CSE,6.39,84.01,52.53,50.52,0,Yes,1,100,95,Placed,8.77
1867,23,Male,ECE,7.85,68.22,90.05,58.1,2,Yes,5,70,83,Placed,8.79
1868,24,Female,IT,6.25,57.35,71.98,55.12,0,No,1,92,78,Not Placed,0.0
1869,21,Female,CSE,6.56,67.48,84.96,52.2,0,Yes,4,88,79,Placed,4.4
1870,23,Female,EEE,9.25,61.22,58.73,85.7,2,Yes,4,87,68,Placed,4.24
1871,22,Female,CE,8.02,89.79,82.12,59.62,0,No,3,83,84,Placed,13.81
1872,23,Female,CE,5.73,99.17,79.7,91.93,1,Yes,0,69,99,Not Placed,0.0
1873,20,Male,IT,8.63,51.27,87.78,63.22,4,Yes,4,54,45,Not Placed,0.0
1874,23,Male,IT,6.04,84.5,64.87,51.62,1,Yes,0,86,79,Not Placed,0.0
1875,20,Male,CSE,7.17,63.2,96.66,91.03,3,Yes,2,72,70,Not Placed,0.0
1876,23,Female,CE,8.23,53.32,98.07,73.31,1,Yes,0,42,76,Placed,13.0
1877,20,Male,IT,6.36,50.72,93.41,79.98,1,Yes,4,73,48,Placed,7.82
1878,21,Male,ECE,6.92,94.05,78.6,66.81,2,Yes,1,97,97,Placed,12.13
1879,24,Female,IT,8.67,67.68,71.01,52.3,3,No,1,56,82,Not Placed,0.0
1880,22,Female,CE,9.69,99.73,52.9,68.51,1,Yes,4,83,84,Placed,14.23
1881,23,Male,ME,7.65,72.12,97.36,75.91,4,No,3,44,72,Not Placed,0.0
1882,24,Male,CE,5.05,59.38,97.59,50.58,1,Yes,5,69,46,Not Placed,0.0
1883,22,Male,ECE,6.69,88.86,50.93,78.71,0,Yes,4,82,77,Placed,14.64
1884,22,Male,CSE,6.99,96.32,67.84,94.65,2,No,4,90,47,Placed,11.85
1885,20,Male,ECE,6.7,90.78,94.0,60.89,0,Yes,5,54,73,Placed,12.27
1886,21,Female,ME,7.18,87.26,54.04,96.34,3,Yes,3,78,56,Placed,6.55
1887,21,Female,ME,8.16,66.73,59.83,54.88,3,No,3,47,56,Not Placed,0.0
1888,24,Female,IT,5.61,53.22,98.93,91.27,2,No,2,81,69,Not Placed,0.0
1889,21,Male,IT,6.36,60.06,92.36,92.02,1,No,2,77,57,Not Placed,0.0
1890,23,Female,CE,7.54,72.34,95.6,62.89,3,No,2,67,92,Not Placed,0.0
1891,21,Male,EEE,6.58,97.81,57.11,97.89,4,Yes,3,60,78,Not Placed,0.0
1892,24,Male,ECE,9.96,86.14,60.57,70.83,2,No,0,86,54,Placed,5.58
1893,21,Female,CE,7.16,91.41,80.27,57.06,0,No,4,49,84,Placed,5.91
1894,23,Male,EEE,9.35,63.86,75.09,79.59,4,Yes,2,67,96,Placed,5.92
1895,20,Male,CE,9.48,84.19,64.93,99.83,2,No,0,60,59,Placed,12.5
1896,24,Female,ME,9.18,93.12,94.19,94.96,4,Yes,4,88,100,Placed,9.13
1897,20,Male,IT,5.23,73.97,95.07,63.93,2,No,5,67,64,Not Placed,0.0
1898,20,Female,IT,9.74,71.49,64.58,78.85,0,Yes,5,61,53,Placed,13.13
1899,20,Male,CE,5.64,85.97,57.79,55.77,1,No,5,77,66,Not Placed,0.0
1900,22,Female,IT,5.17,78.0,57.45,73.09,2,Yes,0,58,86,Not Placed,0.0
1901,22,Male,CSE,7.07,99.66,74.22,76.15,3,No,5,91,74,Placed,3.88
1902,20,Male,CE,5.97,71.26,56.65,65.76,0,Yes,1,91,67,Not Placed,0.0
1903,24,Female,ME,5.92,58.8,73.67,74.21,0,No,1,77,45,Not Placed,0.0
1904,23,Male,CE,6.44,73.6,73.1,96.0,4,No,5,85,80,Not Placed,0.0
1905,23,Male,CE,6.24,61.76,94.21,75.01,3,No,4,63,98,Not Placed,0.0
1906,21,Male,IT,8.42,78.06,64.81,91.55,4,Yes,0,67,70,Not Placed,0.0
1907,24,Male,ME,5.93,56.29,78.03,65.87,0,No,0,84,53,Not Placed,0.0
1908,22,Male,CE,7.72,97.5,87.17,98.57,2,Yes,5,52,100,Placed,5.11
1909,20,Male,IT,9.93,92.99,79.8,54.67,3,No,3,48,55,Placed,6.04
1910,21,Female,ECE,7.16,57.78,97.7,79.28,0,No,2,48,88,Placed,4.99
1911,23,Male,ME,8.21,58.62,80.11,89.49,3,No,4,60,83,Placed,5.34
1912,22,Male,EEE,9.85,75.62,95.09,90.7,2,No,0,63,75,Placed,14.81
1913,22,Male,CSE,5.69,88.64,62.25,59.91,1,No,2,70,44,Not Placed,0.0
1914,20,Male,EEE,7.09,60.95,78.04,70.08,4,Yes,5,68,71,Not Placed,0.0
1915,23,Female,ME,9.25,53.05,77.17,81.21,4,No,4,79,50,Placed,12.83
1916,24,Male,CE,9.66,77.28,99.47,65.79,0,No,0,49,61,Placed,11.01
1917,22,Female,IT,8.01,84.58,60.23,82.91,0,Yes,5,91,82,Placed,11.45
1918,20,Male,ME,5.72,62.22,57.05,68.94,2,Yes,1,43,79,Not Placed,0.0
1919,24,Female,CSE,9.51,86.99,80.58,67.54,0,No,0,42,67,Placed,10.79
1920,23,Male,ME,5.87,97.53,61.18,55.4,0,No,1,52,89,Not Placed,0.0
1921,22,Female,IT,6.76,56.85,81.96,51.96,0,Yes,5,60,45,Placed,5.23
1922,24,Female,EEE,6.88,75.55,98.62,91.76,3,No,1,47,78,Not Placed,0.0
1923,24,Male,ECE,7.24,52.84,97.33,74.48,3,Yes,3,95,45,Not Placed,0.0
1924,24,Male,EEE,8.95,60.33,61.56,78.14,1,No,5,48,85,Placed,13.05
1925,22,Male,IT,9.01,54.49,58.54,68.61,3,No,5,85,59,Placed,8.39
1926,22,Female,IT,8.6,70.2,78.04,56.84,4,Yes,3,40,77,Placed,13.89
1927,21,Male,CSE,5.11,91.04,79.34,72.48,1,Yes,2,53,43,Not Placed,0.0
1928,23,Male,ME,7.82,78.86,83.11,61.45,0,No,4,51,64,Placed,8.31
1929,20,Female,ME,8.74,61.13,87.07,91.88,4,No,2,75,52,Not Placed,0.0
1930,24,Male,EEE,7.22,52.01,80.05,99.34,1,No,3,61,88,Placed,10.35
1931,21,Female,ECE,9.72,77.67,55.59,94.45,1,No,2,92,51,Placed,12.19
1932,20,Female,ECE,9.12,56.64,89.51,76.41,4,No,4,75,48,Placed,7.22
1933,21,Female,CSE,8.19,67.14,53.98,81.41,1,No,4,84,98,Placed,10.56
1934,22,Female,IT,5.31,75.51,51.0,97.41,4,No,0,55,91,Not Placed,0.0
1935,24,Male,CSE,8.26,95.19,88.48,76.93,1,No,2,50,42,Placed,9.65
1936,20,Male,ME,9.56,54.09,77.42,81.93,1,No,3,42,71,Placed,9.56
1937,20,Male,CE,6.9,83.43,84.93,81.46,1,No,0,73,50,Not Placed,0.0
1938,20,Male,CE,9.19,50.7,69.14,85.41,4,Yes,2,64,44,Not Placed,0.0
1939,20,Female,CE,6.57,81.5,50.55,82.01,1,No,5,65,74,Placed,8.85
1940,20,Female,IT,7.85,77.58,66.55,83.54,3,No,4,42,88,Placed,3.3
1941,21,Male,CSE,8.24,90.59,80.41,86.29,3,No,3,59,63,Placed,13.14
1942,24,Male,EEE,8.39,76.58,61.29,90.45,3,No,5,70,80,Placed,3.01
1943,22,Female,ME,9.41,67.63,84.39,70.15,3,No,2,88,45,Placed,8.74
1944,22,Male,CE,6.17,62.14,89.72,87.29,3,Yes,4,40,57,Not Placed,0.0
1945,22,Male,ECE,6.31,54.26,72.71,55.01,0,No,4,65,100,Not Placed,0.0
1946,22,Male,CSE,8.52,76.73,93.79,93.81,1,Yes,5,64,77,Placed,10.64
1947,21,Female,ME,5.89,94.42,92.74,64.5,2,Yes,2,50,45,Not Placed,0.0
1948,23,Female,ME,7.32,75.74,93.9,70.17,0,No,2,55,61,Placed,14.12
1949,24,Female,ECE,5.1,86.96,83.05,90.18,4,Yes,3,59,81,Not Placed,0.0
1950,20,Female,ECE,5.7,64.92,65.24,81.85,0,Yes,0,81,82,Not Placed,0.0
1951,23,Male,ECE,8.39,72.41,74.06,65.43,2,No,4,91,53,Placed,7.49
1952,22,Male,CE,8.74,66.23,85.53,61.27,0,Yes,0,77,51,Placed,3.46
1953,23,Female,CE,5.58,55.46,60.53,97.89,1,Yes,0,41,64,Not Placed,0.0
1954,24,Male,CSE,6.14,70.85,86.94,54.39,3,No,4,93,59,Not Placed,0.0
1955,20,Female,ECE,5.49,88.21,77.4,50.22,1,No,2,68,57,Not Placed,0.0
1956,20,Female,EEE,7.17,69.75,54.8,83.65,0,Yes,4,46,63,Placed,8.0
1957,24,Female,ME,5.63,82.51,77.86,80.72,2,Yes,5,88,93,Placed,9.46
1958,24,Female,ECE,7.19,87.93,53.34,86.88,4,No,0,79,54,Not Placed,0.0
1959,22,Female,ME,8.66,66.14,50.72,86.58,1,Yes,3,84,70,Placed,11.55
1960,20,Female,IT,8.42,89.88,94.48,93.16,2,No,4,93,81,Placed,10.9
1961,23,Male,IT,6.4,66.95,74.5,96.11,4,No,3,64,40,Not Placed,0.0
1962,21,Male,ECE,8.37,62.81,77.16,88.75,3,No,2,100,54,Not Placed,0.0
1963,21,Male,ME,9.64,61.12,64.0,61.61,1,No,2,43,93,Placed,3.17
1964,24,Female,IT,6.74,60.0,77.14,73.17,1,Yes,5,82,73,Placed,10.42
1965,22,Male,ECE,6.65,86.86,58.44,82.09,3,Yes,3,73,91,Not Placed,0.0
1966,21,Female,ME,7.86,94.38,87.28,76.97,3,No,3,64,41,Not Placed,0.0
1967,20,Male,ECE,6.23,61.53,91.17,57.94,0,No,4,47,75,Not Placed,0.0
1968,24,Female,CE,8.26,54.26,92.79,79.46,4,No,2,71,62,Not Placed,0.0
1969,23,Male,ME,9.16,65.69,55.33,94.33,2,No,3,57,63,Placed,11.45
1970,24,Female,IT,7.3,82.89,77.89,70.93,3,No,1,79,85,Not Placed,0.0
1971,23,Male,ECE,8.4,68.43,90.44,83.45,0,Yes,4,50,71,Placed,13.1
1972,24,Male,IT,8.26,77.46,56.41,80.8,4,Yes,4,95,90,Placed,4.4
1973,24,Male,ECE,5.19,87.22,54.98,68.85,4,Yes,1,76,85,Not Placed,0.0
1974,24,Female,CSE,5.92,70.42,90.85,78.26,1,Yes,2,78,52,Not Placed,0.0
1975,23,Male,IT,9.47,99.98,89.84,60.51,0,No,3,94,72,Placed,6.64
1976,23,Male,IT,9.69,64.9,72.43,77.31,0,No,3,75,81,Placed,5.21
1977,24,Female,EEE,8.9,98.91,55.49,89.94,1,No,2,93,53,Placed,5.39
1978,21,Female,CE,9.61,60.15,75.81,87.95,2,No,1,49,56,Placed,5.13
1979,22,Female,IT,6.53,55.55,69.74,67.9,3,Yes,1,45,97,Not Placed,0.0
1980,22,Male,ME,6.24,87.54,75.93,55.6,1,No,1,84,55,Not Placed,0.0
1981,22,Male,ECE,6.92,85.12,71.99,90.0,3,No,4,55,71,Not Placed,0.0
1982,23,Female,CSE,5.28,90.56,78.43,63.25,0,No,3,93,54,Not Placed,0.0
1983,23,Male,ME,9.05,67.18,86.36,52.65,1,Yes,0,64,82,Placed,11.55
1984,21,Female,ME,9.92,96.54,88.74,72.26,2,No,4,73,94,Placed,4.9
1985,22,Male,ME,9.12,55.97,82.45,86.97,3,Yes,4,70,70,Placed,3.29
1986,22,Male,ME,7.77,51.51,59.95,90.42,3,No,3,97,51,Not Placed,0.0
1987,24,Male,CSE,6.48,65.03,69.86,99.11,3,Yes,2,95,72,Not Placed,0.0
1988,23,Male,EEE,5.99,89.87,53.56,59.47,0,Yes,5,86,42,Placed,7.77
1989,22,Male,CE,6.82,83.65,72.58,64.69,3,Yes,3,47,50,Not Placed,0.0
1990,21,Male,IT,8.33,71.81,98.52,80.47,4,No,2,56,92,Not Placed,0.0
1991,21,Female,ME,7.24,62.81,82.09,90.57,3,No,3,98,82,Not Placed,0.0
1992,22,Male,IT,9.67,52.96,57.73,61.7,0,No,4,100,44,Placed,6.07
1993,23,Female,IT,9.27,66.88,63.43,70.5,1,No,5,53,86,Placed,13.67
1994,21,Female,ME,5.51,73.0,53.23,70.42,3,Yes,1,69,66,Not Placed,0.0
1995,24,Female,EEE,5.66,84.35,59.12,88.65,3,No,4,57,91,Not Placed,0.0
1996,21,Male,IT,8.38,82.3,74.39,62.05,1,No,4,100,95,Placed,12.67
1997,20,Female,ECE,6.15,97.37,67.24,98.44,4,Yes,0,85,55,Not Placed,0.0
1998,20,Female,IT,8.96,55.02,60.2,75.52,0,No,4,75,74,Placed,11.97
1999,23,Female,CE,7.96,66.82,57.33,64.1,1,Yes,4,60,79,Placed,9.23
2000,22,Female,ME,6.15,74.08,82.8,64.21,0,Yes,4,92,55,Placed,9.79
2001,23,Female,CSE,7.39,83.53,77.91,50.91,1,No,5,70,55,Placed,9.97
2002,23,Female,IT,7.03,74.77,92.13,84.62,2,No,0,93,61,Not Placed,0.0
2003,23,Male,EEE,9.37,95.64,59.16,88.8,4,No,2,94,43,Placed,3.73
2004,23,Female,ECE,5.16,80.43,92.4,51.62,2,Yes,5,72,97,Placed,10.4
2005,24,Male,ECE,9.48,51.98,78.9,79.3,1,No,5,62,71,Placed,11.6
2006,24,Female,CSE,8.26,55.68,63.31,89.08,1,No,0,77,66,Not Placed,0.0
2007,21,Male,CE,8.69,87.67,63.68,68.81,0,No,1,44,54,Placed,14.74
2008,20,Male,CSE,5.01,85.79,69.52,71.64,1,No,2,54,58,Not Placed,0.0
2009,23,Female,CE,8.14,57.67,73.01,68.08,0,No,5,69,65,Placed,13.93
2010,21,Female,IT,7.94,52.95,54.13,65.78,0,Yes,5,55,54,Placed,11.12
2011,20,Male,ME,7.69,78.94,92.1,74.56,1,No,0,93,84,Placed,10.97
2012,22,Male,EEE,8.93,81.79,56.08,58.31,0,No,1,98,99,Placed,13.51
2013,24,Female,ECE,7.78,56.76,74.17,72.03,4,Yes,1,79,49,Not Placed,0.0
2014,20,Male,CSE,9.29,73.68,69.15,97.09,2,No,3,68,73,Placed,7.15
2015,22,Female,EEE,6.16,65.29,75.61,51.37,1,No,3,67,77,Not Placed,0.0
2016,20,Male,CE,9.03,96.57,94.37,58.24,0,No,5,45,88,Placed,3.61
2017,24,Female,ME,5.9,60.96,99.45,88.89,0,Yes,5,44,65,Placed,8.57
2018,24,Female,ECE,9.07,86.66,51.01,56.6,0,Yes,4,77,47,Placed,14.25
2019,21,Male,ECE,9.7,75.91,69.66,63.56,0,Yes,2,64,55,Placed,6.29
2020,23,Male,CE,6.68,50.58,90.88,72.74,4,No,0,67,68,Not Placed,0.0
2021,20,Male,ME,7.65,75.85,66.33,97.16,1,Yes,4,40,71,Placed,10.0
2022,20,Female,ECE,8.29,54.97,82.45,59.18,1,Yes,2,53,60,Placed,7.26
2023,22,Male,ME,5.4,82.95,99.61,96.15,4,No,5,58,71,Not Placed,0.0
2024,24,Female,ECE,7.47,78.28,82.34,85.93,4,Yes,3,70,84,Placed,9.99
2025,20,Male,IT,6.8,50.52,55.56,83.56,4,No,0,90,94,Not Placed,0.0
2026,24,Male,CE,9.36,60.23,92.15,86.18,1,No,1,96,99,Placed,8.25
2027,20,Male,ME,9.38,88.81,98.33,51.56,3,No,1,54,51,Not Placed,0.0
2028,21,Male,EEE,8.5,63.79,85.63,54.95,2,No,4,58,87,Placed,14.92
2029,23,Female,IT,8.28,74.96,70.95,66.74,4,No,4,77,78,Not Placed,0.0
2030,20,Female,EEE,8.67,65.6,97.42,53.7,4,No,0,71,98,Not Placed,0.0
2031,24,Female,CE,6.83,96.08,98.43,99.38,1,No,1,96,49,Placed,4.94
2032,21,Male,ECE,7.02,76.83,96.76,79.02,1,Yes,4,70,45,Placed,7.32
2033,20,Female,EEE,7.77,84.81,70.59,74.37,2,No,1,97,76,Not Placed,0.0
2034,22,Female,IT,9.69,54.17,89.49,89.28,0,No,3,76,57,Placed,8.08
2035,23,Female,ME,8.62,52.02,82.71,98.85,1,No,4,65,87,Placed,14.46
2036,20,Male,CSE,7.75,62.96,58.99,97.76,2,No,5,87,70,Placed,8.86
2037,21,Male,EEE,8.85,65.46,76.78,89.65,1,No,2,98,74,Placed,13.34
2038,22,Male,CSE,6.85,84.38,87.38,68.86,1,No,4,80,42,Placed,3.42
2039,21,Female,CE,8.65,78.46,94.8,53.3,1,Yes,3,64,44,Placed,8.21
2040,21,Male,EEE,7.05,68.73,93.13,54.92,3,Yes,0,86,73,Not Placed,0.0
2041,22,Male,EEE,6.4,82.71,57.73,50.06,3,No,1,93,98,Not Placed,0.0
2042,21,Male,ME,8.05,58.18,74.4,50.1,4,Yes,5,79,72,Placed,10.32
2043,22,Female,ECE,8.43,53.17,73.91,96.82,3,Yes,0,96,75,Not Placed,0.0
2044,20,Female,IT,7.3,92.73,94.94,96.35,2,No,4,96,49,Placed,13.63
2045,22,Male,IT,7.83,78.2,50.1,83.38,1,Yes,2,47,84,Placed,9.9
2046,22,Male,IT,8.47,82.45,86.94,86.33,3,No,0,100,42,Not Placed,0.0
2047,23,Female,CE,8.84,65.36,80.93,75.66,1,Yes,2,43,50,Placed,8.57
2048,22,Female,ECE,9.48,68.6,96.08,61.89,0,No,4,70,42,Placed,11.39
2049,22,Female,CSE,6.77,54.12,72.85,95.72,4,No,2,95,67,Not Placed,0.0
2050,20,Female,IT,9.76,92.85,82.88,63.88,3,Yes,2,71,81,Placed,13.45
2051,23,Female,CSE,8.19,79.62,98.64,86.98,1,No,3,73,98,Placed,8.08
2052,24,Female,ECE,8.94,54.18,87.2,62.27,0,No,0,87,93,Placed,10.0
2053,20,Male,CE,8.5,90.23,53.37,93.51,4,Yes,4,42,67,Placed,5.53
2054,20,Female,ECE,6.03,72.21,58.38,82.56,4,No,3,80,48,Not Placed,0.0
2055,24,Female,ME,5.36,88.26,91.07,82.13,0,No,2,65,65,Not Placed,0.0
2056,22,Female,IT,8.63,50.63,66.74,54.87,3,Yes,3,43,68,Not Placed,0.0
2057,21,Male,CE,7.56,51.44,85.3,70.97,3,No,3,41,49,Not Placed,0.0
2058,23,Male,ME,8.51,58.54,84.99,76.25,1,Yes,2,58,66,Placed,3.53
2059,21,Male,IT,7.38,60.55,99.69,64.7,2,Yes,4,62,84,Placed,4.96
2060,24,Male,ECE,6.56,88.2,73.49,94.05,1,Yes,1,64,71,Placed,8.09
2061,20,Male,ECE,6.43,85.33,86.89,91.88,1,Yes,3,86,57,Placed,4.57
2062,20,Female,EEE,8.65,80.8,52.44,74.68,1,Yes,0,46,92,Placed,4.6
2063,23,Male,EEE,6.38,94.24,73.13,67.0,0,Yes,2,47,57,Placed,14.62
2064,20,Male,ECE,8.57,62.36,59.33,90.08,4,Yes,1,42,61,Not Placed,0.0
2065,20,Male,ECE,6.92,95.22,92.03,59.84,4,No,3,62,56,Not Placed,0.0
2066,23,Female,CSE,8.85,95.47,92.0,53.58,2,No,2,86,88,Placed,6.21
2067,23,Male,CSE,5.71,71.71,61.82,52.29,3,No,2,72,64,Not Placed,0.0
2068,24,Male,ME,6.02,54.72,65.91,51.93,1,Yes,3,87,65,Not Placed,0.0
2069,20,Female,EEE,8.43,86.33,85.12,74.44,0,No,5,67,44,Placed,8.02
2070,20,Male,EEE,7.8,66.85,86.91,62.77,0,Yes,5,61,48,Placed,7.73
2071,24,Female,ECE,6.02,89.75,82.88,84.52,1,Yes,0,74,83,Not Placed,0.0
2072,22,Female,ECE,9.51,58.18,99.83,82.69,0,No,2,73,83,Placed,14.4
2073,22,Male,ME,6.38,76.98,93.43,77.1,0,No,2,69,63,Not Placed,0.0
2074,22,Male,CE,7.11,75.4,70.85,67.64,1,Yes,3,86,96,Placed,4.42
2075,24,Female,CE,6.01,55.02,66.35,92.52,2,Yes,1,75,96,Not Placed,0.0
2076,20,Male,CE,6.94,68.17,79.84,85.49,0,No,2,98,95,Placed,3.08
2077,24,Male,EEE,7.46,54.24,90.88,63.58,4,No,2,53,90,Not Placed,0.0
2078,24,Male,CSE,6.48,73.24,73.77,75.08,4,Yes,3,48,46,Not Placed,0.0
2079,22,Female,CE,8.85,92.15,86.88,57.81,4,No,5,61,59,Placed,8.89
2080,21,Male,IT,6.97,63.51,50.96,66.44,1,Yes,2,67,95,Not Placed,0.0
2081,20,Female,ME,8.65,88.24,96.29,99.86,4,No,3,80,94,Placed,11.91
2082,22,Female,CE,6.04,59.17,88.69,61.19,3,Yes,0,53,83,Not Placed,0.0
2083,21,Male,IT,6.89,83.69,69.71,84.92,0,Yes,3,54,80,Placed,3.53
2084,21,Male,CE,5.04,95.78,69.2,61.92,2,Yes,5,95,47,Not Placed,0.0
2085,23,Female,CSE,8.79,66.2,55.14,96.91,4,No,1,76,58,Not Placed,0.0
2086,20,Male,CSE,8.13,95.02,90.81,65.51,1,Yes,2,63,92,Placed,3.82
2087,21,Female,CE,9.09,75.27,88.43,67.33,2,No,0,73,74,Placed,6.88
2088,22,Male,IT,7.28,65.84,81.51,79.69,1,No,2,95,82,Placed,12.5
2089,23,Male,ME,9.0,94.83,55.07,79.41,2,No,2,88,83,Placed,8.92
2090,20,Male,IT,8.24,51.6,63.12,78.95,2,Yes,5,82,64,Placed,11.34
2091,24,Male,ME,5.02,51.4,72.95,78.66,0,Yes,3,84,56,Not Placed,0.0
2092,22,Male,CE,6.27,79.99,63.3,65.61,2,No,2,83,78,Not Placed,0.0
2093,21,Female,ME,7.47,89.84,71.7,71.72,3,Yes,5,42,64,Placed,14.23
2094,21,Male,ECE,8.09,87.58,61.3,79.67,3,No,0,62,74,Not Placed,0.0
2095,22,Male,EEE,5.33,53.97,67.48,83.56,3,No,5,59,78,Not Placed,0.0
2096,21,Male,EEE,8.53,97.51,82.61,62.66,1,Yes,5,84,78,Placed,8.18
2097,23,Female,CSE,7.72,85.15,94.62,85.07,0,Yes,5,54,98,Placed,4.25
2098,20,Male,ECE,7.63,97.46,69.25,96.16,1,No,4,82,85,Placed,7.85
2099,23,Female,EEE,6.46,66.45,84.6,87.9,4,No,5,55,41,Not Placed,0.0
2100,21,Male,CE,7.97,84.7,56.74,54.21,3,No,2,46,55,Not Placed,0.0
2101,24,Male,ME,5.14,93.0,77.04,73.46,0,Yes,5,72,92,Placed,13.63
2102,20,Male,ME,5.32,69.02,96.09,71.76,3,Yes,3,94,81,Not Placed,0.0
2103,20,Female,IT,8.67,98.24,51.4,66.83,0,No,1,58,53,Placed,12.47
2104,22,Male,IT,6.61,63.25,63.38,74.57,1,Yes,2,57,68,Not Placed,0.0
2105,22,Male,ME,6.73,65.78,56.62,71.98,1,No,5,80,78,Placed,5.47
2106,24,Male,CE,6.04,96.02,76.66,50.31,3,Yes,5,57,41,Not Placed,0.0
2107,20,Female,ME,7.23,98.48,83.98,61.83,2,No,3,42,97,Placed,13.13
2108,24,Male,IT,5.26,64.26,52.89,60.69,0,No,2,42,49,Not Placed,0.0
2109,22,Male,EEE,6.5,56.82,53.51,67.46,4,Yes,4,75,41,Not Placed,0.0
2110,22,Male,CSE,7.64,87.95,93.48,58.72,2,Yes,4,55,66,Placed,10.4
2111,20,Male,IT,7.33,96.48,72.81,53.39,1,No,0,82,52,Not Placed,0.0
2112,23,Female,CE,10.0,80.04,73.15,59.83,0,Yes,4,62,93,Placed,6.54
2113,21,Female,EEE,6.94,81.73,97.23,92.71,2,No,3,62,41,Not Placed,0.0
2114,22,Male,EEE,6.93,88.15,66.01,89.85,4,Yes,4,54,81,Not Placed,0.0
2115,22,Male,EEE,7.52,57.65,94.85,72.1,2,Yes,3,48,53,Placed,9.93
2116,23,Male,ECE,5.95,98.67,98.71,93.89,4,No,2,97,56,Not Placed,0.0
2117,23,Male,ECE,9.38,68.22,62.08,61.63,1,No,0,79,90,Placed,9.45
2118,24,Male,EEE,7.86,81.41,75.7,79.21,0,No,5,93,83,Placed,13.12
2119,24,Female,CE,5.96,73.43,76.72,57.15,1,No,5,77,88,Not Placed,0.0
2120,21,Female,ME,8.97,73.41,93.31,91.67,0,No,5,92,77,Placed,9.6
2121,21,Female,CE,5.17,85.14,65.2,56.53,2,No,0,57,75,Not Placed,0.0
2122,20,Female,ECE,9.91,99.73,89.9,51.59,1,Yes,5,77,73,Placed,5.52
2123,24,Female,IT,9.33,82.95,98.55,63.67,0,Yes,4,45,68,Placed,14.1
2124,22,Female,ECE,7.9,89.7,92.02,95.05,4,Yes,5,83,86,Placed,11.85
2125,24,Male,ME,5.56,51.38,95.46,56.47,0,No,5,76,99,Placed,3.64
2126,22,Female,CSE,6.08,90.52,85.42,66.53,1,No,1,85,62,Not Placed,0.0
2127,23,Male,ECE,6.4,65.0,95.2,65.82,1,Yes,4,45,62,Placed,14.16
2128,24,Male,CE,6.21,56.34,58.24,90.08,2,No,5,60,95,Not Placed,0.0
2129,23,Female,CE,7.49,55.67,85.62,71.08,4,Yes,1,98,55,Not Placed,0.0
2130,21,Male,EEE,9.72,83.99,86.59,80.58,0,No,4,69,83,Placed,14.93
2131,21,Male,EEE,7.22,99.88,71.96,70.22,1,Yes,3,67,99,Placed,4.49
2132,20,Female,EEE,8.31,83.31,53.99,77.57,0,No,3,59,46,Placed,9.44
2133,24,Male,CSE,8.44,63.12,81.12,53.12,3,No,5,58,84,Placed,5.04
2134,23,Male,ME,9.36,60.17,52.59,68.7,4,No,5,53,40,Not Placed,0.0
2135,22,Female,IT,5.17,76.3,69.12,92.76,4,No,1,40,58,Not Placed,0.0
2136,21,Female,CE,7.02,53.25,69.68,84.55,3,No,0,66,84,Not Placed,0.0
2137,21,Male,CE,8.92,69.97,99.95,99.09,4,No,1,91,72,Placed,12.38
2138,22,Male,ME,9.07,83.31,64.99,89.4,3,Yes,2,71,73,Placed,7.25
2139,23,Male,CSE,9.64,98.38,91.02,72.58,0,Yes,0,68,40,Placed,14.21
2140,23,Female,EEE,8.51,71.28,52.66,83.81,3,No,1,70,51,Not Placed,0.0
2141,24,Female,ME,6.23,60.01,76.49,88.8,2,No,2,64,64,Not Placed,0.0
2142,24,Male,IT,7.53,90.87,76.83,63.48,3,No,2,94,62,Not Placed,0.0
2143,20,Male,EEE,5.16,87.21,81.44,53.0,0,Yes,5,46,64,Placed,7.35
2144,21,Male,IT,8.23,92.99,90.5,70.29,4,No,4,78,70,Placed,4.84
2145,24,Female,ECE,7.77,60.74,88.1,57.23,2,Yes,5,85,63,Placed,14.22
2146,23,Male,IT,8.33,70.24,88.05,63.86,3,Yes,1,91,49,Not Placed,0.0
2147,22,Female,EEE,9.65,99.08,71.61,97.34,0,No,3,55,41,Placed,14.29
2148,23,Male,ECE,8.44,57.9,86.37,92.35,2,Yes,5,83,72,Placed,10.0
2149,21,Female,EEE,6.6,83.57,74.57,79.62,2,Yes,4,94,76,Placed,3.77
2150,23,Female,CE,5.99,61.86,53.35,70.06,2,No,5,50,62,Not Placed,0.0
2151,20,Female,EEE,9.27,75.01,94.51,63.22,3,Yes,5,57,41,Placed,13.81
2152,21,Male,ECE,5.97,90.03,94.51,78.57,0,No,0,83,43,Not Placed,0.0
2153,22,Female,IT,5.81,74.43,66.14,76.66,0,No,3,95,62,Not Placed,0.0
2154,20,Female,CE,6.03,90.27,95.7,89.04,0,No,2,81,100,Placed,6.58
2155,21,Male,CSE,7.54,71.32,87.9,96.4,1,No,0,95,85,Placed,11.25
2156,22,Female,CSE,5.62,99.97,70.04,66.45,4,No,4,96,80,Not Placed,0.0
2157,20,Female,CSE,9.69,71.79,66.58,60.31,0,No,5,44,77,Placed,3.45
2158,20,Female,CSE,9.83,57.47,98.76,70.14,1,No,2,97,62,Placed,11.77
2159,21,Female,ME,9.87,70.09,85.63,71.88,1,No,5,95,95,Placed,6.73
2160,24,Male,CSE,5.2,87.13,68.94,51.99,2,Yes,2,41,51,Not Placed,0.0
2161,20,Male,ECE,9.73,92.4,82.1,93.08,4,No,2,49,83,Placed,12.29
2162,20,Male,CSE,9.99,73.01,78.58,99.78,2,No,3,65,63,Placed,11.43
2163,22,Female,EEE,9.71,79.72,76.23,96.16,4,No,4,63,68,Placed,7.18
2164,23,Female,CSE,8.35,92.24,82.24,93.03,2,No,4,65,80,Placed,11.97
2165,21,Female,IT,8.51,90.68,76.88,99.63,3,No,5,55,67,Placed,14.11
2166,21,Male,ECE,5.61,82.89,82.74,95.39,4,No,3,64,54,Not Placed,0.0
2167,24,Male,ECE,9.37,90.75,95.38,84.42,1,No,4,77,49,Placed,11.44
2168,24,Female,CE,5.3,78.8,99.66,58.34,1,Yes,2,45,73,Not Placed,0.0
2169,21,Male,ME,6.59,50.23,85.46,57.82,4,No,2,91,68,Not Placed,0.0
2170,24,Male,EEE,9.96,52.06,96.39,52.44,2,Yes,5,100,70,Placed,7.22
2171,22,Female,ECE,7.11,98.99,92.92,70.59,3,No,2,95,62,Not Placed,0.0
2172,21,Male,IT,5.66,57.25,64.75,90.44,3,No,4,94,57,Not Placed,0.0
2173,24,Male,CSE,9.85,70.23,96.65,74.51,0,No,1,51,46,Placed,14.84
2174,21,Male,ECE,9.92,96.69,53.54,68.32,4,No,0,48,66,Not Placed,0.0
2175,23,Male,IT,5.94,59.75,66.5,55.46,3,No,1,88,48,Not Placed,0.0
2176,20,Female,CSE,9.32,92.19,82.0,52.59,2,Yes,3,81,59,Placed,13.6
2177,21,Male,ME,6.95,90.91,76.35,69.96,2,No,1,47,99,Not Placed,0.0
2178,20,Male,ECE,6.91,99.32,77.12,55.0,1,Yes,5,95,92,Placed,5.7
2179,24,Male,ECE,6.31,64.08,89.74,55.18,3,Yes,1,70,60,Not Placed,0.0
2180,20,Female,IT,5.22,65.77,59.74,69.77,3,No,5,80,67,Not Placed,0.0
2181,21,Male,CE,6.34,95.14,99.1,75.14,2,No,3,71,89,Not Placed,0.0
2182,23,Female,EEE,5.27,61.7,71.87,59.33,1,No,1,46,100,Not Placed,0.0
2183,24,Male,ME,9.62,77.4,97.49,84.23,3,No,0,71,42,Not Placed,0.0
2184,21,Male,EEE,8.31,85.37,69.16,70.93,2,Yes,4,96,84,Placed,6.26
2185,24,Male,ECE,9.43,63.59,80.09,54.6,1,No,3,81,49,Placed,9.55
2186,22,Female,EEE,8.59,96.92,72.52,81.85,1,Yes,1,95,56,Placed,4.85
2187,20,Female,CSE,5.66,83.28,83.8,67.85,2,Yes,2,96,74,Not Placed,0.0
2188,22,Male,ME,9.7,52.36,59.18,52.62,1,No,2,64,60,Placed,11.56
2189,21,Male,EEE,9.5,56.79,70.03,97.4,1,Yes,3,72,48,Placed,13.49
2190,23,Female,CSE,6.74,59.54,53.42,78.56,0,Yes,2,90,56,Placed,10.07
2191,24,Male,IT,5.56,62.25,79.91,73.89,1,Yes,0,93,71,Not Placed,0.0
2192,20,Female,EEE,8.52,86.53,98.13,92.96,3,No,1,67,87,Placed,11.14
2193,24,Male,ME,8.64,54.45,52.3,96.84,1,No,0,50,77,Not Placed,0.0
2194,21,Female,CSE,9.48,67.53,82.98,61.02,3,No,0,70,67,Not Placed,0.0
2195,24,Female,EEE,5.26,95.57,88.75,90.51,2,No,4,94,57,Not Placed,0.0
2196,20,Female,IT,5.71,77.83,60.66,91.55,1,Yes,1,91,99,Not Placed,0.0
2197,21,Female,EEE,7.99,63.27,63.65,52.72,2,Yes,3,49,45,Not Placed,0.0
2198,24,Male,CSE,8.1,97.85,60.08,85.6,4,Yes,2,41,97,Placed,12.67
2199,23,Female,EEE,5.17,62.22,64.87,53.15,1,No,4,85,45,Not Placed,0.0
2200,21,Male,ME,6.98,95.25,55.5,79.73,2,No,0,83,56,Not Placed,0.0
2201,21,Male,ECE,7.92,86.29,68.52,83.46,4,No,2,43,92,Not Placed,0.0
2202,23,Female,CSE,8.69,87.03,68.45,68.35,3,Yes,1,61,49,Not Placed,0.0
2203,22,Female,CSE,6.58,88.25,90.36,94.04,3,Yes,0,84,41,Not Placed,0.0
2204,20,Female,CSE,7.42,75.33,90.05,90.03,3,Yes,0,91,72,Not Placed,0.0
2205,22,Male,CSE,9.07,90.73,89.84,96.3,3,No,1,67,82,Placed,3.27
2206,24,Female,EEE,9.77,91.81,78.35,65.74,3,Yes,3,49,64,Placed,13.61
2207,23,Female,ME,6.15,68.02,66.29,51.08,0,No,4,41,77,Not Placed,0.0
2208,22,Male,IT,6.27,70.02,70.55,90.57,2,Yes,1,96,40,Not Placed,0.0
2209,21,Male,ME,9.7,94.44,65.89,61.15,4,No,2,88,55,Placed,11.41
2210,24,Male,CSE,6.98,76.24,79.1,73.36,4,Yes,2,70,65,Not Placed,0.0
2211,24,Male,CE,8.59,93.35,96.9,90.87,1,Yes,0,81,80,Placed,9.05
2212,22,Female,EEE,8.06,81.34,64.22,60.81,2,Yes,5,62,51,Placed,8.27
2213,22,Female,CE,6.43,79.68,72.94,65.6,0,Yes,4,55,48,Placed,10.88
2214,23,Female,EEE,8.27,51.55,82.76,71.95,0,Yes,3,48,52,Placed,8.64
2215,20,Female,CSE,8.28,63.89,92.23,63.59,2,No,3,90,46,Placed,8.98
2216,22,Male,EEE,7.96,75.1,62.67,73.07,3,Yes,5,82,96,Placed,6.55
2217,22,Female,CSE,5.5,79.37,64.01,50.48,3,Yes,2,45,40,Not Placed,0.0
2218,21,Male,ME,9.98,81.52,94.26,60.61,2,No,3,96,70,Placed,14.0
2219,24,Female,ECE,7.0,85.81,54.01,91.63,4,No,2,64,100,Not Placed,0.0
2220,20,Male,EEE,8.19,82.81,80.27,70.67,3,Yes,4,43,74,Placed,6.38
2221,21,Female,CSE,9.43,92.43,93.02,81.82,1,No,5,87,63,Placed,8.37
2222,23,Male,CE,7.12,64.77,96.09,61.61,0,No,0,51,42,Not Placed,0.0
2223,23,Male,CSE,8.87,82.08,50.63,82.49,3,Yes,2,63,95,Placed,9.62
2224,22,Female,CE,9.86,52.56,68.48,100.0,4,No,4,95,58,Placed,8.54
2225,22,Male,EEE,6.79,74.01,62.86,79.76,3,Yes,5,66,43,Not Placed,0.0
2226,23,Female,IT,7.03,63.4,78.4,81.42,3,Yes,2,87,100,Not Placed,0.0
2227,22,Male,CE,9.53,69.04,81.64,55.58,0,No,1,94,67,Placed,4.65
2228,20,Female,CSE,5.8,67.73,99.99,70.17,1,Yes,2,93,83,Not Placed,0.0
2229,22,Male,EEE,5.14,53.02,75.64,93.04,1,Yes,4,42,69,Not Placed,0.0
2230,24,Male,CSE,9.54,73.33,77.57,91.71,4,No,3,51,75,Placed,4.21
2231,22,Male,IT,9.11,99.73,70.72,76.12,2,No,2,86,92,Placed,11.13
2232,21,Male,ECE,9.86,64.95,57.38,95.17,2,No,0,91,81,Placed,12.51
2233,20,Male,IT,5.29,86.81,65.17,57.15,2,No,4,69,97,Not Placed,0.0
2234,21,Male,ME,5.78,77.39,62.35,82.91,4,No,3,51,98,Not Placed,0.0
2235,21,Male,EEE,5.53,66.26,90.06,62.44,3,No,4,80,43,Not Placed,0.0
2236,24,Male,IT,8.42,54.48,77.29,82.28,1,Yes,2,81,62,Placed,11.49
2237,20,Female,ECE,8.03,60.79,64.81,54.37,1,Yes,1,94,50,Not Placed,0.0
2238,20,Female,CSE,6.8,89.09,74.45,97.18,3,Yes,1,98,43,Not Placed,0.0
2239,20,Male,EEE,5.29,63.95,60.94,89.32,1,Yes,0,79,50,Not Placed,0.0
2240,20,Female,CE,8.2,57.22,59.26,60.05,1,Yes,5,84,88,Placed,9.53
2241,20,Female,IT,7.85,66.56,93.0,81.86,2,No,5,61,92,Placed,3.75
2242,24,Male,ECE,5.56,79.2,97.24,87.96,2,Yes,0,54,99,Not Placed,0.0
2243,22,Female,IT,9.54,85.17,54.0,60.47,0,Yes,3,67,63,Placed,13.6
2244,21,Male,ME,5.99,69.37,88.24,54.67,0,No,1,56,93,Not Placed,0.0
2245,20,Male,EEE,8.72,74.91,72.67,67.59,1,No,2,98,91,Placed,8.24
2246,22,Male,CSE,9.43,72.75,69.45,56.79,2,No,4,83,59,Placed,6.19
2247,22,Female,ECE,7.9,50.45,84.47,78.29,0,No,4,87,84,Placed,6.0
2248,21,Female,IT,6.23,69.78,63.31,71.21,0,No,1,64,56,Not Placed,0.0
2249,24,Male,EEE,6.55,79.37,51.03,73.12,2,No,1,82,97,Not Placed,0.0
2250,23,Male,IT,9.43,78.5,60.7,77.14,0,No,4,90,52,Placed,14.82
2251,23,Female,EEE,6.49,87.49,59.25,99.1,3,No,3,100,56,Not Placed,0.0
2252,22,Male,ME,8.73,83.52,51.7,89.63,3,No,4,84,90,Placed,3.96
2253,21,Male,IT,9.95,63.84,66.07,81.47,2,No,0,42,91,Placed,12.01
2254,23,Female,ME,10.0,62.78,73.73,68.19,2,No,2,96,54,Placed,13.52
2255,22,Female,CE,7.67,73.21,86.79,51.35,0,Yes,1,75,43,Placed,14.17
2256,24,Female,CE,9.13,86.65,66.28,55.83,1,No,5,70,57,Placed,10.55
2257,23,Female,ECE,9.95,54.69,59.73,86.54,4,No,1,95,82,Not Placed,0.0
2258,22,Female,ME,6.87,97.42,61.53,68.46,3,No,3,54,48,Not Placed,0.0
2259,22,Male,EEE,6.26,77.16,94.56,66.72,3,Yes,0,85,87,Not Placed,0.0
2260,20,Male,ECE,5.57,65.32,60.24,94.45,2,Yes,4,67,95,Not Placed,0.0
2261,24,Male,IT,5.7,84.67,93.96,74.23,1,Yes,0,82,42,Not Placed,0.0
2262,20,Female,IT,9.27,52.24,72.35,94.98,2,No,0,70,66,Not Placed,0.0
2263,21,Female,EEE,7.94,74.22,96.72,94.33,0,No,3,99,57,Placed,9.76
2264,20,Male,CSE,9.37,74.3,70.4,54.01,1,Yes,3,84,56,Placed,11.4
2265,20,Female,CSE,8.95,58.1,58.88,97.27,0,No,5,59,49,Placed,10.67
2266,23,Male,IT,8.37,91.87,77.45,53.85,3,Yes,4,89,96,Placed,4.39
2267,22,Male,EEE,8.05,89.84,79.39,98.18,2,Yes,5,84,76,Placed,13.78
2268,24,Male,CSE,5.24,57.64,81.77,72.63,2,No,4,60,95,Not Placed,0.0
2269,20,Male,ME,9.36,68.19,70.57,88.04,4,No,2,66,68,Not Placed,0.0
2270,24,Female,IT,7.09,55.02,52.43,85.31,1,No,0,58,86,Not Placed,0.0
2271,20,Male,CE,7.8,92.43,81.34,75.92,3,Yes,4,75,91,Placed,14.03
2272,21,Female,ME,5.11,66.17,96.65,80.97,4,No,3,51,89,Not Placed,0.0
2273,20,Female,EEE,9.68,71.97,97.88,97.5,4,No,2,74,44,Placed,11.15
2274,23,Male,CE,9.51,66.19,79.84,96.37,2,Yes,5,87,95,Placed,14.43
2275,22,Female,ME,7.72,65.5,50.99,82.72,1,No,2,72,86,Not Placed,0.0
2276,21,Male,CSE,7.89,87.37,55.3,82.89,2,No,3,75,45,Not Placed,0.0
2277,20,Male,CSE,8.53,87.38,91.7,62.35,1,Yes,4,80,79,Placed,4.99
2278,24,Male,CE,6.32,75.89,91.49,91.43,4,No,3,62,98,Not Placed,0.0
2279,21,Female,ECE,6.11,82.88,97.3,81.63,0,Yes,4,52,74,Placed,14.81
2280,21,Male,IT,8.37,75.58,78.19,91.31,3,No,3,93,44,Placed,4.24
2281,20,Male,CE,5.52,51.43,93.19,82.89,4,No,3,69,89,Not Placed,0.0
2282,21,Male,EEE,7.27,53.3,91.24,64.97,2,Yes,1,49,99,Not Placed,0.0
2283,24,Male,IT,7.46,69.19,79.47,59.47,3,No,4,80,54,Not Placed,0.0
2284,21,Female,ME,6.91,87.49,89.18,53.85,4,No,0,59,66,Not Placed,0.0
2285,24,Male,EEE,5.93,95.66,56.29,79.3,1,No,1,45,83,Not Placed,0.0
2286,20,Male,EEE,6.78,51.49,81.96,64.2,2,Yes,1,70,90,Not Placed,0.0
2287,22,Male,CSE,6.69,68.4,97.67,81.53,4,No,1,58,78,Not Placed,0.0
2288,21,Male,ME,7.5,61.19,58.1,52.93,1,No,1,42,72,Not Placed,0.0
2289,22,Female,CSE,8.37,90.76,87.2,68.78,1,Yes,0,49,63,Placed,13.78
2290,24,Male,CSE,9.84,92.3,66.04,63.03,1,Yes,1,49,60,Placed,13.29
2291,21,Female,ECE,5.72,60.32,90.86,68.52,3,No,5,95,41,Not Placed,0.0
2292,23,Male,CSE,9.37,85.54,84.86,52.71,2,No,0,60,58,Not Placed,0.0
2293,22,Male,IT,6.42,86.59,96.31,86.21,1,Yes,5,95,84,Placed,7.84
2294,21,Female,EEE,7.96,58.85,85.6,55.83,4,No,0,96,91,Not Placed,0.0
2295,22,Male,CSE,7.73,71.68,70.52,50.72,1,Yes,5,41,57,Placed,9.26
2296,21,Female,CE,7.78,81.02,50.54,97.31,2,No,1,84,49,Not Placed,0.0
2297,20,Female,IT,8.62,51.3,89.65,59.64,3,No,2,78,84,Not Placed,0.0
2298,22,Male,ME,6.91,70.23,70.42,91.4,1,No,0,100,76,Not Placed,0.0
2299,23,Male,EEE,6.6,57.75,83.53,98.22,4,Yes,1,84,62,Not Placed,0.0
2300,23,Female,CE,9.26,77.09,55.25,76.71,2,No,3,69,84,Placed,9.83
2301,24,Male,CE,6.1,92.15,94.55,76.31,1,No,3,85,80,Placed,11.35
2302,21,Male,ME,5.9,76.24,71.78,68.37,3,No,4,67,40,Not Placed,0.0
2303,22,Male,CE,5.08,51.8,95.98,71.28,0,No,0,57,97,Not Placed,0.0
2304,24,Male,IT,6.05,51.48,85.35,74.1,4,Yes,0,53,100,Not Placed,0.0
2305,22,Female,ME,7.59,80.28,56.07,57.6,1,No,5,94,93,Placed,14.05
2306,21,Male,CE,7.69,66.4,78.96,68.24,1,Yes,3,98,45,Placed,8.35
2307,23,Male,ME,6.27,78.63,95.5,90.81,0,No,0,84,40,Not Placed,0.0
2308,20,Female,ME,5.36,58.18,90.0,59.12,2,Yes,0,58,57,Not Placed,0.0
2309,23,Male,CSE,8.72,88.84,70.9,86.49,0,Yes,3,79,66,Placed,4.71
2310,24,Male,CSE,8.79,93.04,97.75,82.58,2,Yes,1,75,87,Placed,6.26
2311,20,Female,CSE,9.99,94.46,63.43,52.86,1,No,5,80,79,Placed,3.81
2312,24,Male,CE,9.5,65.2,68.76,51.12,0,Yes,3,51,77,Placed,8.28
2313,21,Female,EEE,9.63,83.04,87.49,67.63,1,No,2,59,84,Placed,10.79
2314,20,Female,IT,8.99,63.95,61.65,84.61,0,No,3,73,56,Placed,5.92
2315,24,Male,CE,8.08,88.14,75.77,66.52,1,Yes,5,100,65,Placed,8.88
2316,21,Male,CSE,5.64,56.03,86.44,83.39,1,Yes,3,75,52,Not Placed,0.0
2317,23,Male,ME,8.11,88.14,82.2,83.27,1,No,5,60,49,Placed,9.4
2318,21,Male,CE,5.28,71.99,57.77,90.33,3,Yes,1,95,98,Not Placed,0.0
2319,22,Female,ME,9.43,92.78,81.48,54.97,0,Yes,3,58,77,Placed,9.41
2320,21,Female,ME,7.41,86.95,78.64,78.86,3,Yes,3,80,65,Placed,7.37
2321,21,Male,ME,8.49,68.83,77.89,53.12,1,Yes,1,80,70,Placed,6.43
2322,22,Female,ECE,5.26,95.18,91.3,58.8,4,Yes,3,82,62,Not Placed,0.0
2323,24,Female,EEE,7.67,64.17,59.19,66.28,2,No,1,81,89,Not Placed,0.0
2324,24,Female,IT,6.51,98.35,87.58,85.37,0,No,2,74,98,Placed,13.81
2325,21,Male,IT,6.42,88.36,88.05,98.69,0,No,1,47,59,Not Placed,0.0
2326,22,Male,CSE,6.95,99.53,86.13,67.13,2,Yes,0,61,62,Not Placed,0.0
2327,22,Male,ECE,5.0,52.7,75.3,76.06,3,No,0,82,84,Not Placed,0.0
2328,23,Female,CE,7.33,63.7,69.78,62.95,2,Yes,5,77,66,Placed,10.51
2329,24,Male,CE,7.43,87.06,69.73,83.77,4,No,1,57,54,Not Placed,0.0
2330,20,Female,IT,9.32,96.11,86.69,68.33,1,No,3,47,77,Placed,7.7
2331,24,Male,EEE,7.24,51.44,74.89,74.08,2,Yes,4,94,50,Placed,6.45
2332,24,Male,ME,6.82,50.0,66.92,78.39,2,Yes,4,41,47,Not Placed,0.0
2333,23,Male,CSE,9.97,62.81,81.27,84.31,1,Yes,2,59,53,Placed,5.61
2334,20,Female,EEE,7.86,92.64,91.85,53.0,0,Yes,2,44,52,Placed,10.84
2335,23,Male,IT,7.36,88.36,53.08,77.75,4,No,4,96,61,Not Placed,0.0
2336,20,Female,ECE,7.48,67.01,98.61,71.56,2,Yes,4,81,73,Placed,7.62
2337,21,Male,CSE,9.05,50.1,54.83,56.69,2,No,1,69,40,Not Placed,0.0
2338,20,Male,IT,6.7,77.74,75.59,60.4,0,Yes,4,57,76,Placed,3.15
2339,23,Male,CE,6.95,61.9,78.01,94.19,4,No,0,83,71,Not Placed,0.0
2340,24,Male,CSE,8.78,87.28,56.91,93.59,1,Yes,2,99,50,Placed,5.79
2341,20,Male,IT,5.36,72.32,95.78,51.67,1,Yes,5,62,49,Not Placed,0.0
2342,20,Male,CE,9.33,83.93,73.57,84.47,3,No,2,92,69,Placed,5.9
2343,22,Male,CE,7.15,92.62,57.16,77.71,4,No,0,41,51,Not Placed,0.0
2344,24,Male,ME,7.91,76.79,85.58,96.99,4,No,2,81,81,Not Placed,0.0
2345,21,Female,ECE,8.79,66.8,83.17,95.4,2,No,4,83,80,Placed,13.95
2346,23,Female,ME,6.33,88.48,98.14,78.98,3,No,2,90,73,Not Placed,0.0
2347,21,Male,IT,9.45,63.26,72.08,56.95,1,No,0,76,94,Placed,4.98
2348,24,Female,EEE,9.9,94.58,63.39,72.99,4,Yes,2,81,64,Placed,12.02
2349,20,Female,ME,7.47,53.57,53.0,86.26,4,Yes,5,71,75,Not Placed,0.0
2350,20,Male,EEE,9.68,91.77,86.66,97.59,0,No,5,40,43,Placed,9.7
2351,24,Female,CE,5.01,54.58,80.86,68.19,1,No,5,78,97,Not Placed,0.0
2352,20,Female,IT,9.47,52.81,98.63,89.23,0,No,5,40,60,Placed,3.57
2353,20,Male,ECE,6.56,68.16,85.61,84.17,3,Yes,4,93,100,Placed,8.57
2354,20,Male,EEE,6.56,97.83,96.66,53.91,4,No,5,99,100,Placed,4.26
2355,23,Female,IT,6.14,99.17,99.58,77.9,3,No,5,93,69,Placed,6.68
2356,23,Male,EEE,6.59,60.1,71.42,59.18,0,No,1,88,77,Not Placed,0.0
2357,22,Male,ME,6.07,57.43,57.51,84.18,1,Yes,5,83,51,Placed,12.23
2358,21,Male,IT,9.53,67.65,59.79,80.5,4,No,4,70,78,Placed,6.99
2359,24,Male,ME,9.5,66.85,65.92,98.65,1,No,5,78,64,Placed,8.93
2360,24,Female,CSE,5.51,87.98,75.44,96.77,3,No,2,47,93,Not Placed,0.0
2361,24,Female,IT,5.71,72.2,56.12,50.47,2,No,5,42,58,Not Placed,0.0
2362,22,Female,EEE,9.31,88.99,65.09,54.0,1,No,3,86,41,Placed,12.66
2363,23,Male,CSE,6.99,87.44,65.39,88.46,1,Yes,2,51,61,Placed,12.98
2364,22,Male,ME,5.85,78.92,50.2,84.28,1,No,5,97,69,Not Placed,0.0
2365,24,Male,ME,7.55,91.68,67.71,90.05,4,No,5,88,96,Placed,8.33
2366,21,Male,EEE,7.08,59.78,55.81,63.34,3,Yes,2,73,90,Not Placed,0.0
2367,20,Male,CSE,6.1,58.09,71.49,92.47,3,Yes,0,88,75,Not Placed,0.0
2368,23,Female,CE,8.6,87.53,59.83,72.12,4,Yes,3,64,42,Placed,3.7
2369,23,Female,ECE,8.16,62.24,91.11,63.1,1,No,0,75,62,Not Placed,0.0
2370,22,Male,EEE,5.5,50.14,54.03,50.53,1,No,5,46,43,Not Placed,0.0
2371,23,Female,ME,9.63,95.6,93.28,93.57,2,Yes,0,54,67,Placed,11.75
2372,24,Male,IT,7.79,81.15,79.03,76.77,1,No,4,60,53,Placed,4.4
2373,24,Male,CSE,6.25,72.25,72.93,98.77,0,No,1,64,45,Not Placed,0.0
2374,22,Female,CE,6.03,86.29,77.49,85.73,1,No,2,87,45,Not Placed,0.0
2375,24,Male,ECE,5.68,66.67,68.81,54.02,2,No,3,96,80,Not Placed,0.0
2376,21,Female,IT,7.12,97.68,56.38,79.41,0,No,2,77,76,Placed,8.48
2377,22,Female,CSE,5.68,53.43,88.29,50.86,2,Yes,0,76,46,Not Placed,0.0
2378,21,Male,CE,7.08,82.05,96.4,77.89,2,No,1,97,52,Not Placed,0.0
2379,20,Female,EEE,5.74,88.86,97.5,67.51,3,No,0,55,40,Not Placed,0.0
2380,21,Male,CE,8.28,73.46,83.54,82.16,4,Yes,2,40,63,Not Placed,0.0
2381,20,Male,EEE,8.93,87.75,70.52,77.08,2,No,4,86,73,Placed,8.62
2382,20,Male,CSE,7.75,96.35,73.92,63.07,1,Yes,2,91,91,Placed,14.46
2383,21,Male,CE,8.4,87.2,82.85,58.12,3,No,0,76,49,Not Placed,0.0
2384,22,Female,ECE,9.69,65.47,91.15,70.24,0,No,3,84,94,Placed,13.03
2385,24,Male,CE,8.19,78.09,68.73,99.34,4,No,3,53,99,Not Placed,0.0
2386,24,Female,CSE,6.82,95.58,95.84,71.78,3,No,3,96,45,Not Placed,0.0
2387,20,Female,IT,7.25,72.45,66.21,87.44,2,No,3,73,43,Not Placed,0.0
2388,20,Male,IT,9.3,84.08,76.54,52.85,3,No,3,41,47,Placed,14.13
2389,22,Female,CE,5.65,73.28,98.07,68.94,1,No,5,70,85,Placed,11.39
2390,23,Male,CE,6.63,56.07,96.91,79.02,1,No,1,58,100,Not Placed,0.0
2391,21,Male,EEE,7.89,52.93,84.79,87.56,1,No,1,58,87,Not Placed,0.0
2392,20,Male,CSE,8.38,97.61,66.23,76.42,4,No,4,83,54,Placed,12.3
2393,24,Male,EEE,8.82,80.63,60.95,75.76,3,Yes,3,62,84,Placed,13.69
2394,22,Male,ECE,6.59,55.19,54.01,88.2,3,No,0,69,51,Not Placed,0.0
2395,21,Female,IT,5.73,92.87,85.43,65.66,2,Yes,0,56,78,Not Placed,0.0
2396,22,Male,ME,9.77,76.13,75.17,54.53,0,No,2,41,86,Placed,8.66
2397,21,Male,ME,5.38,88.6,78.61,67.36,1,Yes,3,50,45,Not Placed,0.0
2398,21,Female,CSE,5.48,56.34,73.62,57.95,0,No,0,88,92,Not Placed,0.0
2399,20,Female,CSE,7.47,95.35,74.15,98.3,0,Yes,5,53,60,Placed,7.4
2400,22,Female,ME,9.1,79.53,78.56,78.88,1,Yes,4,80,85,Placed,8.98
2401,22,Male,CSE,8.87,86.91,95.71,72.33,1,No,0,97,71,Placed,10.62
2402,24,Female,IT,9.69,51.57,51.47,95.6,2,Yes,5,96,71,Placed,3.34
2403,24,Female,ECE,5.71,65.77,90.08,95.02,4,Yes,5,68,66,Not Placed,0.0
2404,20,Female,ECE,6.88,63.37,69.53,70.78,1,Yes,4,58,86,Placed,6.0
2405,20,Female,EEE,6.41,97.48,87.25,93.74,0,No,3,67,94,Placed,13.6
2406,23,Male,IT,9.3,59.27,97.43,53.2,2,Yes,2,90,50,Placed,6.98
2407,24,Male,CSE,7.44,85.35,65.31,94.29,3,No,2,40,61,Not Placed,0.0
2408,21,Male,CSE,5.13,52.14,54.48,65.53,2,No,1,44,75,Not Placed,0.0
2409,22,Male,EEE,8.54,59.88,61.61,78.26,1,Yes,3,90,62,Placed,6.12
2410,20,Female,EEE,6.94,66.93,61.1,63.48,1,No,0,73,76,Not Placed,0.0
2411,22,Male,CSE,7.66,89.73,87.09,99.24,4,No,2,100,62,Not Placed,0.0
2412,22,Female,CSE,9.47,89.5,53.09,53.59,2,No,5,53,94,Placed,11.46
2413,23,Female,IT,6.28,97.63,52.55,72.35,1,Yes,4,58,66,Placed,5.12
2414,24,Male,EEE,6.2,95.84,84.68,81.05,0,No,5,63,73,Placed,12.84
2415,20,Male,IT,6.32,54.08,77.84,80.78,0,No,4,79,99,Placed,12.45
2416,22,Female,CE,6.69,91.49,70.89,86.94,2,No,0,56,59,Not Placed,0.0
2417,20,Female,CSE,5.54,72.56,78.77,86.22,4,No,0,41,54,Not Placed,0.0
2418,21,Male,ME,8.49,93.29,86.76,89.66,2,Yes,3,70,81,Placed,8.38
2419,23,Male,ME,6.04,54.46,55.17,61.71,4,Yes,0,56,43,Not Placed,0.0
2420,21,Male,CE,9.63,91.14,77.66,68.53,0,Yes,0,47,68,Placed,7.69
2421,20,Female,CSE,6.08,57.98,91.22,69.1,1,No,0,85,94,Not Placed,0.0
2422,20,Male,EEE,6.28,66.69,68.12,97.79,3,No,2,56,79,Not Placed,0.0
2423,24,Female,ME,6.49,51.44,88.15,70.47,1,No,3,77,50,Not Placed,0.0
2424,22,Male,EEE,8.84,56.19,92.27,61.09,0,Yes,0,65,88,Placed,7.5
2425,22,Male,ME,7.14,72.29,91.05,81.62,0,No,0,100,46,Not Placed,0.0
2426,21,Male,EEE,9.1,90.92,82.52,71.36,1,Yes,5,82,50,Placed,12.2
2427,23,Male,ME,8.92,88.68,85.87,62.5,1,No,5,79,93,Placed,8.0
2428,22,Male,EEE,9.65,61.76,89.38,85.76,0,No,4,84,81,Placed,6.77
2429,24,Male,CE,8.78,57.58,86.69,59.6,1,No,2,79,72,Placed,11.56
2430,21,Male,IT,5.26,69.46,72.58,81.67,3,Yes,0,46,69,Not Placed,0.0
2431,21,Male,EEE,9.19,94.16,57.96,71.53,3,No,2,95,71,Placed,11.34
2432,24,Male,IT,9.69,54.57,65.49,65.96,2,Yes,3,63,79,Placed,3.16
2433,23,Female,IT,9.97,77.15,60.36,97.3,3,Yes,3,69,76,Placed,3.11
2434,24,Male,CSE,5.63,54.44,68.07,66.22,0,Yes,5,65,52,Not Placed,0.0
2435,23,Male,CE,8.07,73.51,74.47,67.38,0,No,1,69,46,Not Placed,0.0
2436,24,Female,IT,6.0,56.34,97.95,93.53,2,Yes,4,74,63,Placed,6.27
2437,24,Female,ECE,6.31,54.02,97.97,56.45,4,Yes,1,41,94,Not Placed,0.0
2438,20,Male,IT,8.73,59.54,88.48,55.4,2,No,2,83,50,Not Placed,0.0
2439,21,Female,EEE,9.89,62.76,99.01,64.14,4,Yes,4,43,70,Placed,6.74
2440,24,Female,IT,7.97,63.81,99.9,79.58,4,Yes,5,44,83,Placed,3.94
2441,24,Female,EEE,9.25,82.26,94.26,69.22,1,No,0,87,53,Placed,13.57
2442,22,Male,EEE,5.04,52.75,53.98,80.43,3,Yes,5,41,83,Not Placed,0.0
2443,21,Female,ECE,5.18,54.04,71.3,57.99,4,Yes,5,70,65,Not Placed,0.0
2444,22,Male,IT,7.98,59.44,76.71,63.07,1,No,4,66,99,Placed,11.77
2445,21,Female,IT,6.94,93.6,56.2,78.26,2,Yes,4,63,100,Placed,5.39
2446,22,Female,ME,9.45,81.43,90.43,60.86,2,No,3,95,40,Placed,5.88
2447,24,Male,ME,6.51,86.52,57.43,71.14,4,Yes,1,84,45,Not Placed,0.0
2448,24,Female,CSE,7.16,68.52,69.17,78.63,1,No,3,99,98,Placed,14.55
2449,20,Male,EEE,7.64,60.66,53.45,98.68,0,Yes,3,43,70,Placed,5.97
2450,22,Female,ECE,6.37,51.9,76.23,53.99,3,No,1,67,82,Not Placed,0.0
2451,23,Male,ME,9.54,74.43,79.85,73.02,4,No,3,44,82,Placed,5.11
2452,20,Male,IT,7.32,78.71,86.76,69.81,0,Yes,4,66,51,Placed,3.25
2453,22,Male,CSE,7.12,94.85,66.97,91.21,3,Yes,2,83,40,Not Placed,0.0
2454,22,Female,ECE,9.25,94.1,79.53,95.01,0,Yes,0,86,91,Placed,9.96
2455,20,Male,CE,6.56,71.23,86.71,95.35,1,Yes,0,44,91,Not Placed,0.0
2456,24,Male,IT,9.09,71.18,88.1,68.76,4,Yes,3,44,95,Placed,9.16
2457,22,Male,IT,5.61,58.06,65.08,65.23,0,No,1,87,45,Not Placed,0.0
2458,24,Female,CE,5.91,62.87,53.39,72.46,0,Yes,4,96,68,Placed,10.62
2459,20,Male,EEE,9.75,96.28,51.88,67.2,0,Yes,3,48,69,Placed,10.4
2460,24,Male,EEE,9.21,57.05,88.4,85.94,4,No,4,86,94,Placed,3.96
2461,21,Male,ME,6.94,98.43,69.27,60.68,1,No,4,66,52,Placed,13.93
2462,23,Male,ME,8.19,75.24,56.7,82.93,1,Yes,5,43,69,Placed,8.53
2463,22,Male,IT,9.71,72.83,59.22,96.35,0,No,0,88,51,Placed,5.34
2464,23,Male,IT,6.06,58.73,88.31,64.0,1,No,2,63,49,Not Placed,0.0
2465,24,Female,ME,5.3,83.08,79.95,83.84,3,Yes,2,66,94,Not Placed,0.0
2466,22,Male,CE,7.69,72.99,75.07,57.18,1,Yes,1,40,78,Placed,7.6
2467,24,Male,ME,5.71,68.53,81.15,56.07,0,Yes,2,71,49,Not Placed,0.0
2468,21,Male,IT,5.94,63.23,56.87,55.78,3,Yes,3,55,57,Not Placed,0.0
2469,20,Female,ECE,9.46,53.32,65.95,56.93,4,Yes,0,62,45,Not Placed,0.0
2470,22,Female,IT,5.04,75.97,68.7,60.81,2,Yes,0,67,95,Not Placed,0.0
2471,21,Female,ECE,9.08,65.65,65.72,78.14,1,No,4,100,47,Placed,5.98
2472,21,Male,ECE,7.58,85.39,93.22,88.35,3,No,3,59,59,Not Placed,0.0
2473,22,Male,IT,7.8,86.18,79.07,56.34,2,No,3,56,94,Placed,7.73
2474,24,Male,CSE,8.36,66.61,86.47,93.5,4,No,4,75,80,Placed,13.93
2475,21,Male,ME,7.16,83.46,61.84,92.14,2,No,5,94,55,Placed,4.55
2476,23,Male,EEE,5.58,62.93,63.2,86.37,4,No,5,84,95,Not Placed,0.0
2477,21,Female,IT,5.51,86.36,61.27,71.3,0,No,4,47,41,Not Placed,0.0
2478,24,Female,ECE,8.77,50.8,84.4,50.08,0,Yes,0,57,100,Placed,7.57
2479,24,Female,IT,6.11,57.58,67.45,86.74,4,Yes,3,52,50,Not Placed,0.0
2480,23,Male,ME,5.14,62.25,70.25,93.95,2,No,2,48,63,Not Placed,0.0
2481,21,Female,CE,9.9,88.65,85.46,66.76,1,Yes,2,76,58,Placed,14.1
2482,24,Male,ECE,9.9,53.32,98.59,85.9,2,Yes,0,69,43,Placed,11.03
2483,22,Male,EEE,6.89,59.4,58.09,53.1,2,Yes,2,82,42,Not Placed,0.0
2484,20,Female,EEE,5.13,67.93,53.13,85.47,1,No,2,67,54,Not Placed,0.0
2485,20,Male,EEE,8.64,50.46,59.74,53.42,2,Yes,3,85,79,Placed,14.57
2486,20,Male,CE,9.16,88.11,86.75,79.36,2,Yes,3,95,43,Placed,4.64
2487,21,Male,CSE,5.63,78.01,59.73,79.88,3,Yes,1,89,82,Not Placed,0.0
2488,23,Female,ECE,5.68,95.03,79.22,65.11,4,No,3,57,56,Not Placed,0.0
2489,24,Female,CE,9.11,51.55,79.52,53.96,0,Yes,1,59,48,Placed,14.99
2490,22,Male,ECE,9.61,63.57,64.72,97.47,4,Yes,5,87,64,Placed,6.42
2491,22,Female,CE,8.95,86.56,53.44,76.78,2,No,3,75,40,Placed,3.57
2492,21,Male,CE,6.0,83.76,69.96,78.99,1,No,4,58,79,Not Placed,0.0
2493,20,Male,CSE,7.06,62.15,59.34,80.75,1,No,3,44,41,Not Placed,0.0
2494,21,Female,ECE,8.0,79.78,59.22,94.55,0,No,1,73,94,Placed,10.89
2495,23,Female,CE,5.8,89.69,76.13,53.01,0,Yes,2,56,84,Not Placed,0.0
2496,23,Female,CSE,6.05,51.67,83.66,94.66,0,No,3,67,72,Not Placed,0.0
2497,24,Male,IT,6.41,85.88,53.77,61.98,1,Yes,2,75,61,Not Placed,0.0
2498,24,Female,ME,7.55,62.6,78.92,53.9,2,No,2,77,81,Not Placed,0.0
2499,23,Female,CE,7.55,97.39,62.31,82.86,0,Yes,3,69,51,Placed,13.24
2500,23,Female,EEE,9.07,76.91,83.66,98.85,0,Yes,3,93,66,Placed,14.67
2501,23,Male,CSE,8.77,51.67,90.51,52.86,1,Yes,4,57,50,Placed,12.04
2502,21,Female,CSE,9.57,70.17,90.35,71.31,2,Yes,5,45,81,Placed,12.2
2503,23,Female,CE,9.16,98.32,68.49,76.49,0,No,1,91,53,Placed,9.35
2504,22,Male,CSE,6.27,86.52,78.36,62.61,2,No,3,65,53,Not Placed,0.0
2505,20,Male,IT,6.66,65.02,89.68,99.14,3,No,2,54,79,Not Placed,0.0
2506,23,Male,CSE,7.5,78.76,53.04,82.05,0,Yes,2,40,82,Placed,4.77
2507,20,Female,ME,5.07,79.96,80.28,92.22,0,Yes,3,56,61,Not Placed,0.0
2508,21,Female,ME,9.52,51.17,91.83,70.79,1,No,1,70,48,Placed,11.49
2509,20,Female,EEE,5.22,58.94,68.62,67.7,3,No,5,41,54,Not Placed,0.0
2510,21,Female,IT,6.61,77.59,72.77,77.66,3,Yes,2,75,98,Not Placed,0.0
2511,22,Male,ME,7.85,70.14,84.94,71.76,3,No,5,95,72,Placed,12.26
2512,21,Male,CE,7.59,59.5,53.39,85.75,4,No,5,74,96,Not Placed,0.0
2513,21,Male,ECE,8.27,88.63,69.28,63.29,1,Yes,4,66,58,Placed,9.54
2514,24,Male,ECE,7.64,74.45,64.79,72.48,1,Yes,2,92,70,Placed,11.13
2515,23,Male,ECE,6.15,65.5,50.85,94.76,0,Yes,1,42,57,Not Placed,0.0
2516,23,Male,CE,6.01,58.08,59.8,87.81,1,No,0,95,51,Not Placed,0.0
2517,22,Male,CSE,9.54,80.56,69.79,58.4,0,Yes,4,85,79,Placed,6.28
2518,22,Male,CE,6.32,83.31,59.87,94.34,0,Yes,4,59,97,Placed,13.65
2519,23,Male,CSE,6.4,83.48,80.12,79.45,4,No,0,98,76,Not Placed,0.0
2520,24,Male,ECE,7.06,61.01,72.43,83.96,1,Yes,4,47,84,Placed,11.64
2521,23,Male,EEE,5.7,79.77,51.97,64.71,1,No,4,68,88,Not Placed,0.0
2522,24,Female,EEE,7.54,95.27,63.75,72.08,4,Yes,4,47,40,Not Placed,0.0
2523,22,Female,CSE,8.33,67.66,50.97,90.34,4,No,2,80,73,Not Placed,0.0
2524,20,Female,ECE,8.93,60.54,67.91,66.53,1,No,2,89,46,Placed,11.91
2525,22,Male,CE,8.56,88.61,62.96,58.25,1,No,3,66,41,Placed,6.92
2526,22,Female,EEE,5.74,58.84,84.41,68.92,0,Yes,3,65,96,Placed,3.42
2527,21,Female,CSE,7.28,62.69,65.37,53.46,2,Yes,2,78,61,Not Placed,0.0
2528,21,Female,CE,5.19,55.03,68.76,85.89,0,No,4,49,43,Not Placed,0.0
2529,21,Male,ECE,5.09,63.39,86.27,57.39,3,Yes,1,69,99,Not Placed,0.0
2530,21,Female,IT,7.2,70.52,74.05,64.26,3,No,0,72,84,Not Placed,0.0
2531,24,Female,ECE,6.26,53.21,77.82,94.05,2,No,3,100,85,Not Placed,0.0
2532,23,Female,ECE,8.42,93.59,92.07,77.02,4,No,4,75,59,Placed,8.11
2533,20,Female,CE,8.62,75.68,60.34,66.07,3,Yes,3,59,42,Placed,10.37
2534,22,Male,CE,9.48,79.41,99.46,77.38,4,No,5,43,48,Placed,11.01
2535,24,Male,ME,8.8,68.56,95.01,60.91,4,No,1,62,57,Not Placed,0.0
2536,20,Male,ME,5.24,83.49,64.33,51.26,0,No,5,68,96,Not Placed,0.0
2537,24,Female,CE,6.86,71.59,94.65,80.19,4,No,4,85,55,Not Placed,0.0
2538,24,Male,CE,6.37,88.07,87.7,85.71,2,Yes,2,71,90,Placed,9.8
2539,22,Male,IT,6.93,91.07,96.54,93.99,0,No,1,76,91,Placed,10.96
2540,23,Male,IT,5.8,83.59,84.56,88.59,2,No,3,76,48,Not Placed,0.0
2541,21,Male,ECE,5.49,74.57,83.72,96.33,4,Yes,4,90,58,Not Placed,0.0
2542,23,Male,EEE,7.6,89.11,50.17,99.3,3,Yes,5,65,45,Placed,13.49
2543,22,Female,IT,8.6,74.71,73.73,87.25,4,Yes,4,92,83,Placed,5.89
2544,22,Female,ECE,8.51,55.58,60.01,93.4,2,No,0,44,54,Not Placed,0.0
2545,22,Male,CSE,7.25,55.82,66.2,83.69,1,No,0,63,92,Not Placed,0.0
2546,20,Male,ME,7.61,97.43,98.94,58.55,1,Yes,5,82,45,Placed,10.93
2547,23,Male,EEE,7.58,60.68,54.28,59.09,3,No,0,41,44,Not Placed,0.0
2548,23,Female,ECE,8.46,90.8,86.12,55.51,2,No,2,54,68,Placed,3.12
2549,24,Male,CE,5.24,62.34,58.65,97.15,3,No,4,85,85,Not Placed,0.0
2550,24,Male,CSE,8.55,71.54,50.37,83.64,0,No,4,85,66,Placed,3.36
2551,24,Male,ME,7.91,82.75,75.07,89.5,4,No,3,79,90,Not Placed,0.0
2552,22,Female,CSE,5.99,57.94,58.06,66.56,0,No,2,91,89,Not Placed,0.0
2553,23,Female,ECE,5.25,86.86,98.27,73.02,1,Yes,0,96,97,Not Placed,0.0
2554,22,Female,IT,5.54,84.5,60.18,51.99,4,No,4,47,84,Not Placed,0.0
2555,20,Female,ME,7.62,77.15,59.6,94.45,0,No,0,76,80,Placed,14.25
2556,24,Male,CSE,8.79,78.29,51.61,92.65,1,Yes,1,76,91,Placed,11.06
2557,22,Male,IT,6.67,55.29,66.49,89.24,0,Yes,2,96,65,Placed,4.33
2558,22,Male,EEE,6.9,71.8,51.21,52.92,4,Yes,0,100,67,Not Placed,0.0
2559,20,Male,ECE,9.67,54.33,74.94,58.71,0,Yes,2,53,93,Placed,8.77
2560,21,Male,ECE,6.07,65.39,75.28,66.71,4,No,5,44,71,Not Placed,0.0
2561,23,Male,ME,5.52,95.02,52.66,63.15,0,No,4,100,64,Not Placed,0.0
2562,21,Male,CSE,6.72,78.73,62.0,91.92,3,Yes,1,48,92,Not Placed,0.0
2563,24,Female,EEE,8.73,87.14,91.61,59.74,0,Yes,3,61,46,Placed,10.48
2564,22,Female,CE,8.13,78.69,73.13,76.61,0,No,1,98,99,Placed,13.78
2565,20,Female,ME,7.08,59.71,71.73,78.57,3,Yes,2,82,69,Not Placed,0.0
2566,20,Female,CE,9.82,79.74,84.94,71.25,1,Yes,1,88,92,Placed,5.72
2567,23,Male,ME,8.67,87.77,85.74,62.03,4,Yes,4,98,70,Placed,13.54
2568,21,Female,CSE,5.31,56.92,88.1,98.01,2,Yes,2,83,51,Not Placed,0.0
2569,23,Male,EEE,8.72,90.85,91.52,70.67,1,Yes,2,83,48,Placed,8.18
2570,22,Female,CSE,5.12,77.77,61.61,86.37,4,Yes,4,95,73,Not Placed,0.0
2571,23,Male,ECE,8.25,50.21,53.32,59.2,0,No,5,87,42,Placed,12.12
2572,20,Female,CE,6.05,75.99,69.01,91.14,1,Yes,0,69,76,Not Placed,0.0
2573,20,Male,IT,8.48,69.78,92.75,60.79,0,Yes,3,72,89,Placed,10.78
2574,24,Male,ECE,6.55,64.82,53.9,83.77,1,No,5,89,67,Placed,9.47
2575,24,Female,ECE,9.37,88.56,78.8,75.32,1,No,5,77,85,Placed,4.4
2576,22,Male,CE,6.68,94.97,85.05,57.33,2,Yes,1,76,61,Not Placed,0.0
2577,21,Female,ME,8.1,88.13,74.07,51.25,3,Yes,5,89,65,Placed,12.86
2578,23,Female,ECE,6.43,92.34,62.76,96.54,1,No,3,84,58,Not Placed,0.0
2579,22,Female,EEE,9.59,95.44,66.32,56.28,0,No,3,77,60,Placed,9.71
2580,24,Female,ECE,8.9,95.63,53.58,85.25,2,Yes,5,46,76,Placed,5.65
2581,23,Female,EEE,6.22,55.73,64.63,82.63,1,Yes,4,42,49,Not Placed,0.0
2582,24,Male,CSE,9.74,72.82,52.22,67.09,3,No,0,82,55,Not Placed,0.0
2583,23,Female,ME,6.79,50.01,86.32,59.27,0,No,3,79,63,Not Placed,0.0
2584,21,Female,EEE,8.26,75.32,94.9,58.92,2,Yes,2,71,64,Placed,14.78
2585,22,Female,ECE,8.71,96.21,81.68,79.27,4,Yes,5,75,91,Placed,13.33
2586,23,Male,ME,5.11,59.96,82.84,77.35,3,Yes,0,81,65,Not Placed,0.0
2587,20,Female,ME,9.79,81.99,73.61,93.8,4,Yes,4,80,40,Placed,3.15
2588,20,Female,EEE,6.72,82.22,57.8,82.0,4,No,5,94,92,Not Placed,0.0
2589,23,Female,EEE,5.95,58.02,50.39,90.96,2,Yes,3,84,43,Not Placed,0.0
2590,23,Male,IT,9.25,61.93,67.2,51.62,2,No,5,58,76,Placed,10.54
2591,23,Male,IT,8.51,73.1,87.57,83.55,2,Yes,4,70,82,Placed,11.5
2592,20,Male,ME,5.43,59.41,98.02,61.69,4,Yes,1,69,53,Not Placed,0.0
2593,20,Female,CE,5.59,79.25,71.55,62.64,0,Yes,4,86,96,Placed,9.67
2594,23,Female,CE,8.58,74.23,68.27,86.03,2,No,2,76,63,Placed,10.87
2595,24,Male,IT,5.37,75.96,72.3,89.67,3,No,4,64,66,Not Placed,0.0
2596,24,Male,ECE,9.59,56.72,71.39,68.59,2,No,0,52,82,Not Placed,0.0
2597,21,Male,CSE,8.71,75.86,81.29,89.5,2,No,1,51,66,Placed,14.46
2598,22,Male,ME,6.68,52.47,86.71,72.19,2,Yes,5,48,63,Placed,13.5
2599,24,Female,CSE,6.81,94.08,89.25,92.88,4,No,5,95,79,Placed,5.03
2600,20,Female,IT,7.53,67.16,82.48,51.25,0,Yes,2,79,40,Placed,14.37
2601,24,Male,EEE,6.8,92.82,71.89,54.17,2,No,1,48,99,Not Placed,0.0
2602,21,Male,ME,8.92,85.08,97.51,88.82,4,Yes,2,92,78,Placed,14.9
2603,21,Male,IT,9.87,88.31,85.55,81.2,3,Yes,5,84,52,Placed,11.42
2604,22,Female,ECE,7.92,65.73,71.33,77.95,0,No,1,66,59,Not Placed,0.0
2605,24,Male,ME,7.23,61.39,72.33,80.7,4,Yes,3,100,77,Not Placed,0.0
2606,20,Male,ME,6.11,70.34,90.9,96.51,1,No,4,80,75,Placed,4.6
2607,20,Male,CE,8.27,51.21,72.03,82.78,3,No,0,70,51,Not Placed,0.0
2608,23,Female,EEE,8.43,95.94,75.81,82.37,3,Yes,0,45,44,Not Placed,0.0
2609,20,Female,ME,8.43,69.35,64.58,87.97,1,Yes,3,68,44,Placed,8.19
2610,22,Female,EEE,5.13,99.43,91.95,93.33,4,No,1,69,56,Not Placed,0.0
2611,22,Male,IT,9.5,88.07,76.11,63.1,4,No,4,77,77,Placed,14.18
2612,20,Male,ECE,6.69,54.03,77.63,80.84,3,Yes,3,50,49,Not Placed,0.0
2613,20,Male,ECE,8.72,83.01,94.03,79.2,4,No,1,81,55,Not Placed,0.0
2614,23,Female,ME,8.8,63.54,96.03,56.74,1,No,4,85,63,Placed,8.65
2615,20,Male,ME,8.25,62.19,91.21,76.02,4,No,1,99,68,Not Placed,0.0
2616,23,Female,IT,6.97,62.83,53.27,53.48,3,No,0,45,92,Not Placed,0.0
2617,23,Female,CE,8.04,95.8,72.18,59.25,4,Yes,4,78,53,Placed,11.16
2618,20,Female,CE,5.2,75.0,67.17,95.65,0,No,0,80,49,Not Placed,0.0
2619,21,Male,CE,8.81,83.47,60.68,55.96,1,Yes,0,70,68,Placed,9.5
2620,21,Male,EEE,5.5,64.05,95.45,78.95,1,Yes,4,74,67,Placed,13.22
2621,23,Male,CE,6.98,76.15,94.5,66.17,2,No,3,51,93,Not Placed,0.0
2622,20,Female,ECE,5.52,67.51,73.26,77.77,4,Yes,1,87,92,Not Placed,0.0
2623,21,Female,EEE,9.19,66.06,56.73,61.75,1,No,4,84,56,Placed,12.66
2624,20,Male,IT,7.75,62.35,50.67,72.22,4,No,5,45,44,Not Placed,0.0
2625,20,Male,ECE,8.45,70.45,71.92,93.37,0,Yes,0,84,41,Placed,12.3
2626,20,Female,ECE,8.41,83.0,52.0,68.81,3,Yes,1,65,75,Not Placed,0.0
2627,24,Female,CSE,9.21,61.1,80.48,67.65,3,No,4,76,89,Placed,9.08
2628,20,Male,IT,5.66,98.27,80.42,72.31,2,Yes,3,71,79,Not Placed,0.0
2629,24,Female,IT,8.3,56.23,94.95,55.02,2,No,4,43,85,Placed,4.83
2630,23,Male,CSE,7.88,74.01,59.5,69.37,1,Yes,4,79,84,Placed,10.14
2631,21,Male,EEE,5.15,54.25,68.57,50.35,1,No,2,42,100,Not Placed,0.0
2632,21,Female,CE,6.01,51.13,92.98,75.17,1,Yes,5,41,78,Placed,13.2
2633,21,Female,CE,6.34,96.13,73.71,92.4,0,Yes,1,59,48,Placed,4.34
2634,21,Female,CE,5.36,90.52,52.99,77.6,2,Yes,4,58,75,Not Placed,0.0
2635,21,Male,CE,6.77,84.71,55.54,80.39,2,Yes,0,78,44,Not Placed,0.0
2636,21,Female,CE,5.14,93.26,90.67,51.53,3,No,0,51,54,Not Placed,0.0
2637,21,Male,CSE,7.77,90.14,87.18,92.98,2,No,2,100,48,Placed,11.76
2638,23,Male,IT,6.06,82.36,93.79,69.25,2,Yes,0,75,64,Not Placed,0.0
2639,20,Male,EEE,6.44,92.37,55.94,98.74,0,Yes,4,81,89,Placed,3.17
2640,22,Male,ECE,9.55,69.54,88.02,56.02,1,No,1,67,67,Placed,11.33
2641,24,Female,CE,7.51,77.64,82.76,97.23,0,No,2,48,66,Placed,13.91
2642,22,Female,CSE,6.35,88.82,61.61,81.71,4,No,5,100,85,Not Placed,0.0
2643,22,Male,EEE,7.99,54.24,98.7,52.62,3,Yes,2,83,86,Placed,10.47
2644,20,Male,EEE,6.01,92.93,78.52,98.58,3,No,3,50,72,Not Placed,0.0
2645,20,Male,EEE,5.37,57.84,95.34,50.69,3,No,3,92,90,Not Placed,0.0
2646,20,Male,CSE,5.1,93.23,92.95,86.54,1,Yes,1,69,97,Not Placed,0.0
2647,21,Female,ECE,9.76,65.57,66.66,94.48,1,No,1,90,72,Placed,3.15
2648,23,Female,CE,8.62,66.34,76.8,58.79,1,No,2,41,77,Placed,14.35
2649,21,Male,EEE,9.0,53.7,71.57,67.17,3,No,4,77,47,Placed,10.0
2650,23,Male,CSE,9.9,94.29,85.45,78.06,3,No,4,77,43,Placed,7.69
2651,23,Female,IT,9.66,58.73,79.4,83.99,3,No,3,72,87,Placed,3.53
2652,22,Female,CSE,8.68,81.5,89.24,93.59,4,Yes,1,46,82,Placed,7.35
2653,22,Male,CSE,8.47,82.2,50.59,88.05,4,Yes,1,83,75,Not Placed,0.0
2654,23,Male,CSE,6.68,64.06,84.39,68.17,3,No,4,60,82,Not Placed,0.0
2655,23,Female,EEE,5.52,99.28,65.95,91.09,1,No,3,94,70,Not Placed,0.0
2656,21,Male,CSE,7.87,53.21,61.21,98.3,1,No,4,51,49,Placed,4.85
2657,21,Male,IT,7.88,80.39,90.06,61.35,4,No,4,91,88,Placed,9.54
2658,22,Female,EEE,9.76,73.98,54.46,53.7,4,No,2,60,80,Not Placed,0.0
2659,20,Female,IT,7.21,62.27,61.42,71.33,3,No,1,62,81,Not Placed,0.0
2660,23,Female,ME,8.45,58.18,60.19,94.07,3,No,2,45,47,Not Placed,0.0
2661,21,Female,CSE,7.87,86.85,70.99,57.51,1,No,2,53,69,Not Placed,0.0
2662,22,Female,CE,5.88,95.82,66.12,94.29,2,Yes,4,71,53,Placed,13.39
2663,21,Male,CE,7.96,55.38,86.02,99.61,1,No,3,88,84,Placed,12.41
2664,23,Male,EEE,7.7,59.7,84.97,52.7,1,Yes,4,88,74,Placed,14.42
2665,23,Male,CE,7.47,99.31,66.27,74.76,3,Yes,5,89,85,Placed,3.01
2666,24,Male,EEE,7.57,50.75,71.85,66.44,2,Yes,3,84,85,Placed,8.49
2667,20,Female,CSE,5.82,75.41,60.4,69.68,2,No,1,52,42,Not Placed,0.0
2668,24,Female,ECE,7.32,75.81,83.54,72.58,3,Yes,5,66,68,Placed,12.73
2669,22,Female,ECE,8.03,63.16,69.81,86.99,0,Yes,5,50,55,Placed,12.98
2670,21,Female,IT,7.45,83.15,56.64,79.56,3,Yes,5,71,49,Placed,10.45
2671,22,Male,CSE,7.44,97.25,56.36,98.06,4,Yes,0,42,43,Not Placed,0.0
2672,23,Male,CE,5.39,72.51,66.12,66.64,2,Yes,1,88,91,Not Placed,0.0
2673,24,Female,CSE,5.95,87.47,87.37,77.08,3,Yes,4,97,89,Placed,4.11
2674,24,Female,ME,6.6,82.3,51.28,90.67,1,Yes,3,41,43,Not Placed,0.0
2675,24,Female,ECE,7.1,73.65,62.89,68.65,1,No,5,69,41,Placed,12.78
2676,22,Female,CE,7.97,52.49,58.12,73.26,1,No,0,99,50,Not Placed,0.0
2677,23,Female,ECE,9.32,87.09,97.82,84.25,3,Yes,5,41,54,Placed,6.56
2678,21,Female,CSE,5.8,68.16,85.26,93.04,0,No,3,78,50,Not Placed,0.0
2679,21,Male,CE,5.08,61.22,61.66,70.78,4,No,3,98,94,Not Placed,0.0
2680,22,Female,IT,7.25,97.41,60.37,76.6,1,No,0,68,92,Not Placed,0.0
2681,24,Female,CSE,7.16,88.68,92.9,98.76,3,No,0,99,62,Not Placed,0.0
2682,20,Male,IT,7.76,98.11,59.51,52.12,0,Yes,1,61,77,Placed,12.66
2683,22,Female,CE,9.17,62.81,99.85,72.41,2,No,2,64,89,Placed,8.44
2684,22,Male,ECE,9.01,91.79,64.12,81.8,2,Yes,5,81,69,Placed,13.5
2685,23,Female,ME,5.5,80.39,54.22,50.42,4,Yes,0,85,99,Not Placed,0.0
2686,21,Male,EEE,9.67,99.08,84.55,79.84,3,Yes,5,92,89,Placed,11.45
2687,22,Female,ECE,5.55,97.32,80.48,52.81,3,No,2,58,40,Not Placed,0.0
2688,22,Male,IT,8.17,98.65,99.99,92.88,1,No,2,88,84,Placed,3.48
2689,24,Female,CSE,8.36,97.59,90.1,90.35,0,Yes,2,55,72,Placed,6.41
2690,24,Male,CE,8.4,50.38,71.44,51.61,4,No,2,56,84,Not Placed,0.0
2691,20,Male,ECE,6.33,87.05,83.83,52.44,0,No,0,89,92,Not Placed,0.0
2692,23,Male,ME,6.65,63.6,90.89,87.68,4,Yes,5,100,76,Placed,9.11
2693,20,Female,CE,7.74,85.25,75.69,68.48,3,Yes,3,66,62,Placed,5.15
2694,24,Male,IT,6.0,99.03,63.64,78.75,3,No,5,82,88,Not Placed,0.0
2695,21,Male,CE,5.1,51.97,60.51,63.52,4,Yes,5,58,87,Not Placed,0.0
2696,24,Female,CE,7.81,78.35,64.76,58.65,0,No,0,82,92,Placed,14.82
2697,23,Male,CSE,7.33,86.75,92.4,64.8,2,No,0,81,57,Not Placed,0.0
2698,24,Female,EEE,8.28,62.67,69.02,62.34,2,Yes,4,69,49,Placed,9.51
2699,23,Male,IT,5.73,61.26,64.33,72.42,1,Yes,4,53,56,Not Placed,0.0
2700,23,Female,CSE,9.2,53.02,90.29,87.33,1,Yes,1,85,46,Placed,11.34
2701,23,Male,EEE,5.73,54.7,51.6,77.71,0,No,2,81,54,Not Placed,0.0
2702,23,Male,CSE,9.46,82.84,79.7,80.46,3,Yes,2,71,90,Placed,8.34
2703,23,Female,EEE,7.25,75.26,93.68,73.5,0,No,4,92,66,Placed,5.87
2704,21,Female,EEE,7.75,51.5,70.5,66.24,4,Yes,3,62,48,Not Placed,0.0
2705,20,Female,EEE,9.48,98.48,63.47,57.18,2,Yes,1,75,60,Placed,9.54
2706,22,Male,CSE,6.5,82.8,74.59,67.73,1,No,5,49,92,Placed,5.37
2707,20,Male,CE,5.91,75.77,85.87,83.26,0,No,3,98,76,Placed,14.39
2708,23,Male,EEE,7.23,63.64,75.83,86.69,0,No,4,77,96,Placed,14.38
2709,21,Female,CE,6.22,82.9,50.38,73.46,4,Yes,5,93,68,Not Placed,0.0
2710,24,Male,IT,7.64,68.21,53.92,82.25,3,Yes,3,68,81,Placed,3.77
2711,21,Male,ME,6.38,85.12,86.07,60.53,3,No,2,50,84,Not Placed,0.0
2712,23,Male,CE,9.32,84.13,70.0,93.0,2,No,4,89,72,Placed,6.81
2713,21,Female,ME,8.04,54.64,89.24,93.3,1,No,5,77,92,Placed,3.8
2714,21,Male,EEE,5.0,95.46,82.47,66.02,3,Yes,3,92,97,Not Placed,0.0
2715,23,Female,ME,9.03,74.35,79.08,77.39,3,Yes,1,54,45,Placed,14.98
2716,21,Male,ME,6.65,69.65,95.07,80.33,3,No,1,71,64,Not Placed,0.0
2717,22,Female,EEE,6.6,97.77,51.07,73.62,0,No,0,66,74,Not Placed,0.0
2718,22,Male,CE,6.92,71.91,57.75,95.56,3,No,5,77,56,Not Placed,0.0
2719,21,Female,EEE,8.15,86.06,81.22,86.99,4,No,4,91,83,Placed,7.44
2720,24,Female,IT,7.21,82.76,53.29,83.63,2,Yes,4,40,66,Placed,4.31
2721,23,Male,ECE,8.14,58.26,82.25,76.0,3,No,5,80,82,Placed,3.66
2722,22,Female,CSE,5.73,99.56,99.21,54.24,1,No,4,53,79,Not Placed,0.0
2723,24,Male,EEE,9.85,73.18,93.94,55.39,0,Yes,2,42,64,Placed,12.62
2724,21,Female,EEE,8.65,69.74,79.55,64.95,4,Yes,2,69,51,Not Placed,0.0
2725,24,Female,ME,6.25,95.98,94.7,60.58,2,No,4,70,82,Not Placed,0.0
2726,20,Male,IT,8.62,76.46,55.81,97.63,0,Yes,5,40,93,Placed,6.25
2727,22,Male,ME,7.88,85.25,72.73,70.49,4,No,3,85,76,Not Placed,0.0
2728,21,Male,CE,5.55,92.31,71.43,93.83,0,No,2,53,99,Not Placed,0.0
2729,23,Male,EEE,5.89,61.77,66.82,90.9,2,No,5,75,79,Not Placed,0.0
2730,21,Male,EEE,5.21,58.47,50.01,90.63,2,No,4,85,83,Not Placed,0.0
2731,23,Male,ME,9.05,53.43,94.55,60.79,3,No,2,94,93,Placed,4.54
2732,21,Male,EEE,7.76,94.86,88.89,72.37,1,Yes,5,75,77,Placed,8.23
2733,24,Female,CE,6.58,60.02,82.64,65.9,3,No,0,82,80,Not Placed,0.0
2734,24,Male,ECE,5.63,65.39,56.45,98.52,0,Yes,1,91,64,Not Placed,0.0
2735,24,Male,CSE,7.42,64.29,68.91,93.84,3,Yes,0,80,88,Not Placed,0.0
2736,20,Female,CSE,7.63,65.23,96.22,62.5,2,No,4,82,99,Placed,5.98
2737,23,Male,CSE,8.51,83.4,80.85,65.68,2,Yes,5,54,41,Placed,8.83
2738,24,Male,ECE,9.85,97.71,80.17,76.45,2,Yes,1,77,40,Placed,9.23
2739,20,Male,EEE,7.17,66.47,95.66,63.93,3,Yes,3,64,89,Placed,14.82
2740,23,Female,ME,7.03,70.38,77.99,91.23,4,No,4,83,42,Not Placed,0.0
2741,21,Female,IT,6.85,88.56,79.88,90.96,3,Yes,3,99,68,Placed,11.01
2742,20,Male,EEE,9.13,71.62,67.29,86.22,3,Yes,3,84,53,Placed,7.15
2743,22,Female,ECE,5.78,96.3,68.57,84.47,3,No,2,89,84,Not Placed,0.0
2744,20,Male,CE,6.72,75.16,84.28,77.37,3,No,2,94,73,Not Placed,0.0
2745,20,Female,ECE,8.62,67.39,66.02,67.36,2,Yes,1,94,61,Placed,4.92
2746,23,Female,CSE,5.08,98.58,77.96,91.85,1,No,1,53,75,Not Placed,0.0
2747,21,Female,EEE,6.45,71.29,63.96,92.94,3,Yes,5,63,54,Not Placed,0.0
2748,22,Male,CSE,8.21,61.56,58.31,52.48,3,Yes,2,97,76,Not Placed,0.0
2749,24,Male,IT,5.93,58.89,72.72,69.93,1,No,1,82,49,Not Placed,0.0
2750,24,Male,CE,6.51,99.76,60.87,51.33,3,Yes,5,96,48,Placed,10.82
2751,20,Female,CSE,7.43,87.65,94.92,91.97,1,No,0,95,89,Placed,9.65
2752,23,Female,IT,7.11,70.43,65.18,58.85,2,No,4,41,74,Not Placed,0.0
2753,23,Female,ECE,5.53,91.32,79.87,83.69,4,Yes,0,90,85,Not Placed,0.0
2754,24,Female,CSE,9.69,77.34,63.17,67.87,3,No,4,99,81,Placed,13.11
2755,22,Male,CSE,5.22,65.87,62.9,90.8,4,Yes,5,73,56,Not Placed,0.0
2756,21,Female,ME,8.75,87.17,67.53,75.48,3,Yes,2,88,86,Placed,13.95
2757,22,Female,CE,5.36,87.29,95.79,66.22,0,No,0,100,57,Not Placed,0.0
2758,21,Female,CE,7.34,75.01,69.57,66.19,0,Yes,3,62,88,Placed,4.86
2759,24,Female,ECE,5.88,52.26,91.06,66.35,2,No,0,47,64,Not Placed,0.0
2760,21,Female,ME,5.71,53.85,59.86,89.43,4,Yes,1,44,74,Not Placed,0.0
2761,23,Male,IT,5.63,89.44,52.41,85.56,4,No,0,97,55,Not Placed,0.0
2762,20,Female,IT,7.26,91.17,89.08,65.96,1,No,2,68,90,Placed,13.23
2763,20,Male,ECE,7.58,83.91,77.09,74.51,1,Yes,2,82,84,Placed,7.86
2764,24,Female,CE,5.67,91.95,75.19,53.81,3,No,1,96,94,Not Placed,0.0
2765,23,Female,IT,9.9,85.97,63.61,91.38,1,No,4,91,88,Placed,11.01
2766,22,Male,ECE,6.29,94.85,53.62,63.3,1,No,1,72,64,Not Placed,0.0
2767,23,Female,IT,7.29,57.52,74.14,94.46,4,Yes,5,59,94,Placed,10.92
2768,20,Male,EEE,6.08,69.39,93.36,79.84,0,No,4,55,55,Not Placed,0.0
2769,20,Male,CSE,7.47,73.21,56.0,78.39,4,No,2,76,80,Not Placed,0.0
2770,23,Male,CE,8.78,64.88,96.46,58.14,1,No,2,98,63,Placed,14.28
2771,23,Female,EEE,7.61,86.27,63.74,53.48,3,No,5,99,92,Placed,5.68
2772,20,Female,ECE,6.43,95.62,76.61,77.63,0,No,4,87,51,Placed,8.67
2773,22,Female,ECE,6.24,70.62,53.33,73.4,1,No,0,95,74,Not Placed,0.0
2774,24,Male,EEE,8.79,97.08,71.25,55.98,1,No,0,76,98,Placed,4.04
2775,24,Female,CSE,5.59,75.84,56.29,91.78,3,No,1,99,48,Not Placed,0.0
2776,23,Female,CSE,6.85,76.13,52.4,70.86,3,Yes,2,81,87,Not Placed,0.0
2777,24,Male,ME,5.76,80.01,98.33,63.02,1,Yes,0,80,76,Not Placed,0.0
2778,20,Male,IT,6.29,63.42,86.5,89.41,1,No,2,93,71,Not Placed,0.0
2779,20,Male,ME,5.76,69.17,85.95,95.65,4,No,1,63,96,Not Placed,0.0
2780,23,Female,CSE,9.43,77.66,54.53,65.3,2,No,3,90,58,Placed,10.82
2781,23,Female,EEE,8.66,97.1,96.47,88.8,3,No,2,68,61,Placed,8.11
2782,23,Female,IT,7.8,82.13,73.47,82.63,3,No,3,74,84,Placed,13.44
2783,22,Male,EEE,6.12,66.66,92.61,99.49,4,Yes,2,48,73,Not Placed,0.0
2784,24,Female,ME,7.55,50.52,50.63,60.2,0,Yes,4,61,58,Placed,4.09
2785,23,Male,ECE,7.6,99.08,64.91,98.03,0,Yes,5,59,89,Placed,8.73
2786,21,Male,EEE,7.95,74.65,99.8,65.76,0,Yes,3,79,51,Placed,12.93
2787,21,Female,ME,5.3,96.92,71.39,70.6,3,No,4,43,57,Not Placed,0.0
2788,20,Male,ME,9.86,77.47,94.42,67.94,2,No,5,82,44,Placed,13.86
2789,24,Female,ME,7.33,80.27,66.4,63.42,2,Yes,4,75,65,Placed,5.73
2790,23,Male,ECE,9.63,85.6,76.27,84.66,4,Yes,1,51,91,Placed,14.73
2791,21,Female,ECE,5.05,66.05,92.71,79.46,0,Yes,1,62,66,Not Placed,0.0
2792,24,Male,ECE,6.24,84.95,80.29,65.28,0,Yes,0,78,59,Not Placed,0.0
2793,20,Female,IT,5.52,76.34,86.26,56.61,1,No,3,99,100,Not Placed,0.0
2794,22,Male,ECE,8.85,83.62,61.44,65.87,4,Yes,0,47,47,Not Placed,0.0
2795,24,Male,ECE,6.6,91.79,57.79,69.06,4,Yes,3,49,93,Not Placed,0.0
2796,24,Female,ECE,9.2,59.21,61.52,69.03,3,No,1,62,55,Not Placed,0.0
2797,22,Male,EEE,9.16,80.68,74.65,67.86,3,Yes,1,68,97,Placed,14.06
2798,24,Female,ECE,8.34,52.61,90.05,52.44,4,No,5,95,41,Not Placed,0.0
2799,20,Female,IT,8.33,55.11,67.7,73.2,2,No,5,84,84,Placed,9.42
2800,20,Male,ME,8.5,83.73,78.24,91.81,4,Yes,1,71,40,Not Placed,0.0
2801,22,Male,EEE,8.37,53.55,90.24,59.02,2,No,3,95,44,Not Placed,0.0
2802,23,Female,CSE,6.93,79.77,61.94,57.28,3,No,1,53,70,Not Placed,0.0
2803,21,Female,ECE,8.41,61.0,94.15,73.59,4,Yes,0,55,62,Not Placed,0.0
2804,23,Female,ME,9.49,65.2,97.65,68.53,2,Yes,4,78,60,Placed,6.47
2805,24,Male,ME,6.66,56.48,51.95,78.06,1,No,5,87,51,Not Placed,0.0
2806,21,Female,EEE,9.72,62.43,52.96,97.35,1,Yes,3,56,43,Placed,8.27
2807,22,Male,CSE,5.07,91.06,54.55,88.04,4,Yes,4,59,76,Not Placed,0.0
2808,22,Female,CE,6.75,81.94,88.84,84.35,0,Yes,0,90,50,Placed,13.03
2809,21,Female,IT,5.66,97.49,59.47,70.8,4,Yes,2,51,81,Not Placed,0.0
2810,20,Male,CE,5.63,52.44,86.28,64.37,3,No,5,48,79,Not Placed,0.0
2811,21,Male,ME,9.08,89.62,72.06,77.01,3,No,1,99,92,Placed,4.29
2812,24,Male,CE,9.59,84.95,91.81,94.27,1,No,5,97,48,Placed,14.46
2813,20,Male,ME,8.89,63.04,90.43,93.84,2,Yes,5,47,65,Placed,8.06
2814,22,Female,CE,9.88,86.46,97.98,72.28,1,No,5,80,78,Placed,10.78
2815,21,Male,ME,6.08,85.83,62.55,62.31,2,No,0,76,66,Not Placed,0.0
2816,23,Male,ME,5.7,72.97,61.46,61.27,4,No,2,60,68,Not Placed,0.0
2817,23,Male,EEE,7.6,84.43,51.58,51.7,0,Yes,3,81,85,Placed,9.8
2818,24,Female,CSE,9.15,72.23,70.52,92.13,3,No,0,71,82,Not Placed,0.0
2819,23,Female,ME,5.2,66.78,72.95,63.24,4,No,3,76,89,Not Placed,0.0
2820,21,Male,IT,9.98,73.32,98.23,67.95,1,Yes,4,85,64,Placed,7.2
2821,21,Male,IT,8.01,94.76,91.54,90.46,4,No,4,57,57,Placed,10.5
2822,23,Female,ECE,9.89,69.23,58.34,56.0,0,No,3,68,93,Placed,3.28
2823,21,Female,ME,6.83,70.18,89.92,73.06,2,Yes,4,46,69,Placed,12.89
2824,24,Male,ME,7.29,80.42,58.91,56.12,0,No,4,79,47,Placed,14.98
2825,20,Male,ME,8.76,87.65,53.89,72.09,1,Yes,1,76,41,Placed,14.46
2826,24,Male,CE,8.96,86.73,91.85,52.36,0,No,3,95,61,Placed,7.32
2827,24,Male,ME,6.17,50.99,98.8,75.88,3,No,3,45,60,Not Placed,0.0
2828,21,Female,ME,9.65,84.37,54.41,89.79,0,No,2,59,78,Placed,5.83
2829,20,Female,IT,9.34,72.53,90.7,83.81,4,No,5,94,65,Placed,6.64
2830,21,Male,CSE,5.09,76.2,92.96,75.46,2,No,1,95,68,Not Placed,0.0
2831,22,Female,CSE,5.64,78.08,55.94,91.44,3,No,0,48,44,Not Placed,0.0
2832,21,Male,ECE,7.48,86.59,64.16,61.39,3,No,1,92,85,Not Placed,0.0
2833,21,Female,IT,7.3,91.57,86.68,91.54,3,Yes,0,48,53,Not Placed,0.0
2834,21,Female,ME,8.54,82.31,90.39,63.82,1,Yes,3,47,74,Placed,9.68
2835,20,Male,CSE,5.45,78.2,67.7,68.12,1,No,1,56,45,Not Placed,0.0
2836,21,Male,EEE,8.22,68.69,58.0,56.42,4,Yes,2,63,62,Not Placed,0.0
2837,20,Female,EEE,8.08,56.89,82.42,55.09,2,No,5,79,56,Placed,9.47
2838,23,Male,EEE,6.17,97.93,85.1,96.61,0,No,4,100,63,Placed,10.65
2839,22,Male,ME,7.71,73.09,75.18,59.5,4,Yes,0,62,79,Not Placed,0.0
2840,20,Male,ME,6.11,78.31,57.25,66.66,1,Yes,4,72,68,Placed,7.28
2841,23,Female,ECE,5.73,87.55,92.22,76.46,4,No,5,61,91,Not Placed,0.0
2842,20,Male,ECE,7.87,53.42,82.26,67.39,2,No,3,89,69,Not Placed,0.0
2843,20,Female,ECE,9.89,92.75,93.46,93.51,4,Yes,3,86,63,Placed,3.49
2844,22,Male,CE,6.18,89.85,96.65,95.04,3,No,3,61,74,Not Placed,0.0
2845,24,Female,EEE,6.78,88.72,90.28,66.3,0,No,4,66,100,Placed,12.82
2846,24,Female,ME,6.28,51.1,97.93,54.6,1,No,5,87,86,Placed,3.04
2847,20,Female,EEE,6.33,76.33,97.71,60.51,1,No,3,41,76,Not Placed,0.0
2848,21,Male,ECE,7.02,52.71,80.97,73.72,2,Yes,3,70,90,Placed,4.52
2849,23,Female,ME,8.51,77.54,86.41,64.42,2,No,4,52,41,Placed,8.04
2850,21,Female,IT,5.19,85.92,84.97,72.67,2,Yes,3,41,60,Not Placed,0.0
2851,21,Male,CSE,9.79,56.09,81.06,87.94,1,Yes,5,85,79,Placed,5.13
2852,20,Male,CSE,5.23,84.74,50.97,71.03,3,Yes,0,46,80,Not Placed,0.0
2853,20,Male,ECE,9.41,72.48,67.8,59.85,0,Yes,1,50,44,Placed,14.27
2854,20,Male,EEE,9.47,90.58,55.0,67.9,2,No,0,86,74,Placed,13.94
2855,20,Female,IT,7.62,76.68,65.01,87.15,1,Yes,3,65,83,Placed,12.26
2856,24,Male,ME,5.68,66.81,53.43,71.2,3,No,5,88,74,Not Placed,0.0
2857,20,Male,EEE,7.83,66.6,96.0,62.48,2,No,5,60,95,Placed,6.88
2858,24,Female,ECE,8.14,94.87,72.57,71.37,2,No,3,88,58,Placed,10.99
2859,24,Male,EEE,9.29,72.64,59.47,72.74,0,No,3,54,55,Placed,6.5
2860,20,Male,ECE,7.75,70.29,79.24,64.82,0,No,3,55,64,Placed,9.37
2861,22,Male,CE,7.05,51.99,59.82,99.78,4,Yes,4,48,97,Not Placed,0.0
2862,23,Female,CSE,9.19,68.22,90.22,88.38,2,No,5,60,55,Placed,9.23
2863,21,Female,CSE,9.9,92.48,65.3,84.62,4,Yes,1,92,70,Placed,7.96
2864,24,Female,EEE,8.23,88.05,65.75,92.74,1,No,4,91,72,Placed,7.17
2865,23,Male,IT,9.37,61.05,93.5,83.32,0,Yes,4,90,56,Placed,12.33
2866,22,Female,ME,7.99,70.65,77.96,89.55,3,No,5,95,60,Placed,11.87
2867,21,Male,ECE,8.45,59.83,94.37,70.63,2,Yes,3,94,91,Placed,11.35
2868,21,Male,ME,8.44,97.71,70.64,75.02,2,Yes,0,80,74,Placed,7.5
2869,24,Male,CSE,8.52,79.91,67.2,52.35,4,No,5,45,88,Placed,12.31
2870,20,Female,IT,6.61,87.72,75.31,64.03,0,No,0,40,62,Not Placed,0.0
2871,22,Male,IT,7.88,85.69,53.07,68.4,4,Yes,2,70,88,Not Placed,0.0
2872,24,Male,ME,7.97,93.68,57.71,81.27,2,No,5,44,55,Placed,7.89
2873,22,Male,CSE,6.58,97.47,60.98,73.21,0,Yes,1,76,77,Placed,12.56
2874,20,Male,ME,6.75,51.62,90.83,80.39,2,No,5,94,97,Placed,10.31
2875,20,Female,EEE,8.81,98.77,86.69,85.67,0,No,2,65,89,Placed,13.53
2876,24,Male,IT,7.91,93.53,59.67,52.14,2,Yes,4,40,53,Placed,11.56
2877,20,Female,IT,5.75,69.15,63.84,62.91,3,Yes,2,40,91,Not Placed,0.0
2878,23,Male,EEE,9.19,91.85,97.21,58.55,4,Yes,2,68,79,Placed,11.01
2879,21,Female,CSE,9.42,86.83,54.29,59.37,0,Yes,5,61,90,Placed,4.1
2880,24,Female,IT,7.33,89.66,77.37,75.16,4,No,2,77,80,Not Placed,0.0
2881,22,Male,CE,6.04,61.03,76.1,87.0,0,No,1,80,92,Not Placed,0.0
2882,23,Male,CE,9.74,82.43,86.29,63.64,0,No,5,58,93,Placed,8.37
2883,24,Female,CE,9.41,51.3,63.07,91.22,0,Yes,0,67,89,Placed,11.6
2884,20,Female,ECE,6.22,92.41,96.74,94.62,2,No,0,44,72,Not Placed,0.0
2885,20,Male,ECE,5.48,97.55,70.53,67.53,1,Yes,2,60,60,Not Placed,0.0
2886,20,Male,CSE,7.2,83.11,64.29,84.07,2,No,5,88,56,Placed,7.43
2887,20,Female,EEE,8.38,75.63,66.84,55.85,1,Yes,1,61,43,Placed,3.81
2888,22,Female,ME,5.88,86.29,67.44,87.2,2,No,0,59,55,Not Placed,0.0
2889,23,Male,CSE,7.57,66.32,59.95,58.25,1,No,3,51,95,Not Placed,0.0
2890,21,Male,ME,7.13,81.32,96.4,84.37,0,No,5,45,69,Placed,12.68
2891,22,Male,CSE,9.45,85.95,58.74,71.1,0,Yes,5,68,83,Placed,3.36
2892,22,Female,ECE,7.15,57.13,94.14,96.42,1,No,0,84,84,Not Placed,0.0
2893,21,Male,CE,7.67,57.0,70.25,73.22,1,No,0,95,73,Not Placed,0.0
2894,21,Female,EEE,9.78,85.81,63.46,51.55,4,No,1,79,61,Not Placed,0.0
2895,20,Male,ECE,6.5,71.59,59.93,74.03,0,No,1,100,83,Not Placed,0.0
2896,22,Male,EEE,6.44,94.46,75.22,89.77,2,Yes,0,74,81,Not Placed,0.0
2897,24,Female,ME,9.0,65.6,83.46,82.35,4,Yes,3,96,68,Placed,8.37
2898,21,Female,CSE,6.39,52.12,94.91,98.32,1,No,3,50,86,Not Placed,0.0
2899,21,Female,IT,9.16,82.49,82.62,92.16,2,Yes,2,100,44,Placed,5.73
2900,23,Male,IT,5.48,84.21,74.18,76.33,3,No,2,91,40,Not Placed,0.0
2901,24,Female,EEE,5.56,77.68,51.67,60.33,3,No,0,72,79,Not Placed,0.0
2902,24,Female,CE,9.51,84.17,95.77,50.19,3,Yes,0,64,92,Placed,5.61
2903,21,Male,CE,7.7,76.19,95.12,99.03,2,No,0,53,64,Not Placed,0.0
2904,20,Male,EEE,8.59,84.63,68.94,96.92,1,No,5,68,89,Placed,5.29
2905,23,Male,ECE,6.13,52.2,51.45,63.71,2,No,3,92,45,Not Placed,0.0
2906,24,Male,IT,5.83,68.42,86.67,81.91,4,No,4,100,62,Not Placed,0.0
2907,21,Female,ECE,9.17,60.54,89.58,86.46,4,Yes,2,95,72,Placed,4.77
2908,24,Male,ME,6.79,54.97,77.12,78.9,3,No,2,52,53,Not Placed,0.0
2909,23,Female,IT,7.28,61.7,70.14,92.15,1,Yes,4,54,81,Placed,4.64
2910,23,Male,ME,5.14,59.57,92.56,53.89,4,No,0,94,75,Not Placed,0.0
2911,22,Female,CSE,6.93,98.66,59.63,94.82,0,Yes,2,92,57,Placed,6.75
2912,21,Male,ECE,8.85,64.33,71.98,69.6,0,Yes,3,47,94,Placed,13.0
2913,23,Male,EEE,9.11,61.55,51.22,74.03,3,No,4,86,90,Placed,3.69
2914,22,Male,IT,8.49,91.74,58.2,72.24,3,Yes,3,84,96,Placed,4.54
2915,22,Male,ECE,8.46,70.96,97.04,76.56,3,No,5,72,79,Placed,6.63
2916,24,Female,EEE,7.53,71.07,78.9,79.91,4,Yes,0,50,83,Not Placed,0.0
2917,24,Male,CSE,7.69,72.18,90.28,85.52,1,Yes,2,91,49,Placed,12.15
2918,22,Female,IT,8.71,70.83,74.33,76.25,3,Yes,3,54,84,Placed,14.05
2919,24,Male,ME,6.24,66.33,91.74,84.24,2,Yes,4,60,78,Placed,7.95
2920,23,Male,CSE,6.16,64.32,76.95,66.91,3,No,0,75,95,Not Placed,0.0
2921,20,Male,CE,9.75,94.1,50.23,96.83,4,No,2,45,88,Placed,5.56
2922,23,Female,EEE,5.14,58.09,94.98,53.23,1,Yes,2,64,97,Not Placed,0.0
2923,22,Female,IT,5.7,59.05,57.43,77.28,3,Yes,0,83,51,Not Placed,0.0
2924,22,Male,IT,7.85,78.59,72.53,54.37,0,Yes,0,40,77,Placed,11.24
2925,23,Male,CSE,8.69,67.18,73.83,72.14,3,Yes,0,81,62,Not Placed,0.0
2926,24,Male,IT,7.69,71.08,52.36,62.88,3,No,5,98,46,Not Placed,0.0
2927,24,Female,EEE,6.78,90.33,52.65,96.85,1,No,3,89,84,Placed,13.31
2928,22,Female,CSE,9.89,95.18,88.13,50.65,2,No,1,72,85,Placed,13.59
2929,21,Male,ME,8.52,89.53,65.02,69.56,3,No,5,78,64,Placed,6.3
2930,24,Female,CSE,9.16,61.75,70.48,89.1,3,No,2,71,94,Placed,4.6
2931,23,Male,CSE,5.2,99.0,78.21,59.42,4,No,3,41,99,Not Placed,0.0
2932,24,Female,ME,6.18,68.16,68.67,90.78,1,Yes,4,64,94,Placed,7.8
2933,23,Male,CE,6.87,58.45,88.75,92.99,4,No,2,79,52,Not Placed,0.0
2934,22,Female,EEE,5.91,74.97,94.22,85.4,3,No,5,97,77,Not Placed,0.0
2935,24,Male,CE,5.36,86.26,52.99,60.45,3,Yes,1,72,58,Not Placed,0.0
2936,23,Female,CE,6.13,54.16,81.77,63.6,0,No,4,90,84,Placed,10.52
2937,22,Female,CE,7.67,81.71,65.88,58.35,4,No,2,77,61,Not Placed,0.0
2938,21,Female,ECE,8.48,92.9,79.16,59.2,1,No,1,50,80,Placed,6.23
2939,23,Female,CE,8.87,63.09,74.2,51.82,3,Yes,0,58,50,Not Placed,0.0
2940,21,Female,ECE,5.21,84.66,66.68,92.87,0,No,1,64,81,Not Placed,0.0
2941,21,Male,ME,7.14,70.0,54.74,76.43,0,No,2,67,42,Not Placed,0.0
2942,20,Male,EEE,5.61,70.71,77.97,66.39,2,Yes,1,49,58,Not Placed,0.0
2943,24,Male,CE,7.16,64.04,55.64,64.48,1,No,5,70,66,Placed,13.2
2944,23,Female,IT,7.17,81.22,57.81,77.23,0,No,2,55,46,Not Placed,0.0
2945,21,Male,ME,7.49,68.05,99.11,66.33,1,Yes,2,87,94,Placed,11.31
2946,20,Female,ECE,9.46,91.55,65.84,93.19,3,No,1,81,76,Placed,4.42
2947,22,Female,EEE,9.03,98.15,79.22,60.55,2,Yes,1,57,95,Placed,12.71
2948,23,Male,CSE,8.18,96.75,63.61,94.12,1,No,5,61,95,Placed,14.22
2949,21,Male,EEE,9.43,58.16,93.28,83.2,2,No,4,89,66,Placed,7.69
2950,24,Male,EEE,8.39,50.71,64.17,97.83,1,No,4,74,98,Placed,6.76
2951,20,Male,CE,9.09,71.92,68.34,50.76,1,Yes,3,51,86,Placed,9.27
2952,21,Male,CE,7.82,86.44,80.42,52.95,4,No,2,81,73,Not Placed,0.0
2953,24,Male,ECE,7.63,98.87,93.5,75.04,2,No,4,67,50,Placed,3.61
2954,21,Female,ECE,8.62,89.17,90.81,95.62,1,Yes,3,87,77,Placed,11.51
2955,23,Female,CE,5.1,79.03,63.19,86.54,4,No,5,96,44,Not Placed,0.0
2956,23,Male,CE,8.45,51.32,91.48,81.11,4,Yes,2,48,91,Not Placed,0.0
2957,23,Male,IT,9.67,91.28,85.06,51.58,2,Yes,5,69,46,Placed,9.8
2958,20,Male,IT,8.57,58.86,99.49,67.71,3,No,3,57,75,Placed,14.05
2959,23,Female,ME,5.18,52.78,96.77,67.29,2,No,4,84,44,Not Placed,0.0
2960,24,Female,CE,6.89,92.52,76.66,77.1,1,No,3,63,95,Placed,5.94
2961,21,Male,CSE,9.05,78.31,87.5,62.89,3,Yes,1,85,44,Placed,6.68
2962,22,Male,IT,9.79,56.43,78.51,63.36,2,Yes,5,58,66,Placed,3.1
2963,24,Female,ECE,6.85,69.33,79.75,81.04,2,No,3,53,68,Not Placed,0.0
2964,24,Female,EEE,9.21,54.28,55.08,97.23,2,Yes,5,41,66,Placed,4.93
2965,23,Male,ME,9.32,81.9,50.11,83.01,2,Yes,0,50,71,Placed,11.7
2966,20,Female,IT,5.62,64.12,52.41,83.41,3,No,0,65,64,Not Placed,0.0
2967,21,Male,EEE,9.23,93.3,98.33,99.31,1,No,3,47,81,Placed,11.45
2968,20,Male,EEE,6.62,67.89,56.31,57.67,4,Yes,0,42,89,Not Placed,0.0
2969,21,Female,IT,7.97,74.73,52.22,51.69,2,Yes,3,54,73,Placed,4.58
2970,21,Female,CSE,7.69,53.18,65.48,87.28,4,No,5,84,54,Not Placed,0.0
2971,20,Male,CSE,8.32,63.78,79.41,71.94,4,No,3,79,80,Not Placed,0.0
2972,24,Female,ME,8.7,83.84,97.42,71.44,4,Yes,3,52,73,Placed,4.38
2973,21,Male,CSE,7.2,86.81,84.99,61.27,2,No,0,55,74,Not Placed,0.0
2974,20,Female,ME,9.44,62.14,63.82,75.34,2,Yes,2,61,93,Placed,9.95
2975,21,Male,ECE,9.05,75.19,96.95,72.11,2,No,3,72,59,Placed,6.08
2976,22,Female,IT,8.93,90.88,51.8,67.27,2,Yes,3,41,95,Placed,7.12
2977,24,Female,EEE,7.29,69.0,98.95,72.14,0,No,1,84,63,Placed,3.63
2978,23,Male,ME,5.19,56.69,52.93,69.19,1,No,1,68,73,Not Placed,0.0
2979,21,Female,CSE,7.46,71.59,87.69,96.99,0,No,4,85,73,Placed,4.66
2980,22,Female,ME,9.49,80.03,52.26,99.01,3,No,0,73,90,Placed,7.18
2981,23,Female,CE,5.95,50.37,96.58,92.0,0,No,2,55,85,Not Placed,0.0
2982,23,Male,ME,9.91,67.43,55.43,99.52,0,No,3,53,66,Placed,12.27
2983,21,Female,CSE,9.04,80.37,52.52,63.29,0,Yes,3,78,89,Placed,8.8
2984,20,Female,CE,8.55,97.6,94.46,92.15,1,Yes,0,93,60,Placed,7.6
2985,21,Male,CE,8.39,70.43,54.79,70.33,4,No,4,85,72,Not Placed,0.0
2986,22,Female,CSE,7.94,58.15,89.9,87.31,3,No,4,89,78,Placed,10.16
2987,23,Male,CE,8.6,76.71,87.35,60.07,3,No,1,88,79,Not Placed,0.0
2988,21,Male,IT,7.11,64.29,79.94,90.6,1,No,0,44,83,Not Placed,0.0
2989,20,Male,EEE,9.23,60.74,68.9,54.17,0,No,4,82,75,Placed,14.74
2990,21,Female,IT,8.48,79.52,95.78,63.53,4,No,4,57,94,Placed,8.8
2991,24,Female,IT,8.86,95.79,93.55,91.1,2,No,2,87,64,Placed,8.09
2992,20,Male,CSE,8.96,91.76,71.31,87.36,1,Yes,1,65,46,Placed,4.8
2993,22,Female,CSE,5.46,59.11,61.59,75.06,4,Yes,1,49,89,Not Placed,0.0
2994,23,Male,EEE,5.28,88.29,63.63,83.64,1,No,1,45,89,Not Placed,0.0
2995,21,Male,ME,9.0,61.49,61.02,59.28,1,Yes,5,53,97,Placed,4.26
2996,20,Male,IT,6.3,64.54,77.06,83.39,2,Yes,4,41,49,Not Placed,0.0
2997,24,Female,CE,7.91,96.0,93.43,50.4,4,Yes,3,100,49,Placed,8.24
2998,20,Female,EEE,7.22,95.55,88.68,91.66,0,Yes,5,66,77,Placed,14.78
2999,24,Female,IT,5.11,58.43,89.78,75.81,4,No,4,48,63,Not Placed,0.0
3000,22,Female,ME,5.2,53.21,72.41,97.19,4,Yes,4,99,83,Not Placed,0.0
3001,23,Male,CE,9.14,64.66,66.12,73.91,0,No,0,52,49,Placed,5.41
3002,22,Male,IT,8.04,79.09,87.87,71.65,2,Yes,1,60,98,Placed,11.42
3003,21,Male,ECE,7.62,93.84,89.66,72.5,4,No,1,94,84,Not Placed,0.0
3004,20,Male,EEE,9.72,55.94,84.77,67.99,0,No,2,91,65,Placed,10.78
3005,24,Male,CSE,5.87,70.75,51.61,58.33,1,No,1,83,69,Not Placed,0.0
3006,24,Female,IT,6.29,63.59,79.48,92.1,1,No,4,41,66,Not Placed,0.0
3007,20,Male,CE,8.78,50.75,67.35,69.45,0,Yes,0,42,83,Placed,8.63
3008,20,Female,CE,8.88,89.42,59.81,76.46,1,No,2,52,58,Placed,7.49
3009,21,Male,EEE,7.02,90.66,84.72,50.99,4,Yes,4,60,40,Not Placed,0.0
3010,22,Male,EEE,9.75,61.06,63.43,53.01,0,Yes,4,72,72,Placed,7.61
3011,24,Female,CE,9.69,57.56,95.64,79.86,4,No,5,99,50,Placed,12.67
3012,21,Male,CE,5.06,57.23,64.9,93.96,3,No,2,59,89,Not Placed,0.0
3013,22,Female,CE,5.86,73.2,77.76,74.67,2,No,5,100,97,Placed,13.84
3014,21,Female,IT,9.1,62.32,91.39,58.25,2,No,4,75,93,Placed,5.67
3015,24,Male,CE,6.68,75.57,70.11,55.81,2,No,4,57,73,Not Placed,0.0
3016,20,Female,CSE,5.48,69.24,91.43,94.99,0,No,5,64,77,Placed,7.57
3017,20,Male,CE,8.92,60.54,86.18,85.08,3,Yes,0,84,55,Placed,5.2
3018,22,Male,CSE,7.27,87.56,96.04,98.31,2,No,0,77,98,Not Placed,0.0
3019,23,Female,IT,7.46,57.52,66.29,54.12,4,No,5,64,40,Not Placed,0.0
3020,22,Male,EEE,5.93,89.95,55.25,95.13,2,Yes,0,77,80,Not Placed,0.0
3021,23,Female,CSE,8.3,78.07,71.52,92.28,3,No,1,54,67,Not Placed,0.0
3022,21,Female,IT,7.76,91.6,89.29,94.66,4,Yes,2,89,54,Placed,8.97
3023,21,Female,CE,6.03,50.24,72.52,50.29,4,No,0,56,55,Not Placed,0.0
3024,24,Male,IT,6.7,87.46,63.1,87.1,0,No,4,85,85,Placed,4.56
3025,23,Male,CE,7.98,52.58,51.38,77.45,0,Yes,1,75,71,Placed,13.28
3026,24,Female,IT,9.62,97.5,65.65,78.66,1,Yes,2,68,78,Placed,8.8
3027,20,Male,EEE,9.6,85.14,85.67,73.46,3,No,0,72,40,Not Placed,0.0
3028,23,Male,CSE,6.44,66.01,57.38,87.13,4,No,0,71,87,Not Placed,0.0
3029,22,Male,EEE,8.68,65.99,67.04,99.99,3,Yes,2,47,48,Placed,8.53
3030,20,Male,ECE,8.88,93.07,51.01,85.53,2,No,0,82,68,Not Placed,0.0
3031,20,Male,CE,9.04,95.14,86.09,83.9,2,Yes,5,52,64,Placed,13.72
3032,22,Female,CSE,7.85,94.58,94.03,82.72,1,Yes,2,56,50,Placed,13.69
3033,20,Female,EEE,5.05,90.44,78.43,84.76,4,No,2,60,81,Not Placed,0.0
3034,23,Male,CSE,8.81,90.95,51.29,67.11,4,No,4,53,50,Not Placed,0.0
3035,24,Male,ECE,5.53,78.64,60.88,66.01,1,Yes,2,64,45,Not Placed,0.0
3036,20,Male,ME,5.58,51.41,71.92,89.22,2,No,3,88,73,Not Placed,0.0
3037,23,Female,CE,8.03,54.34,79.38,52.65,4,Yes,0,91,89,Not Placed,0.0
3038,21,Male,CE,9.92,82.48,74.81,87.96,3,No,4,63,83,Placed,7.1
3039,23,Female,IT,6.21,70.06,95.79,90.69,4,Yes,1,95,53,Not Placed,0.0
3040,24,Male,CE,8.23,78.37,96.93,76.08,2,Yes,3,72,47,Placed,13.7
3041,23,Female,CE,6.52,61.55,55.36,95.51,4,Yes,2,47,64,Not Placed,0.0
3042,22,Male,EEE,9.49,82.47,56.92,73.65,4,Yes,1,98,43,Placed,14.43
3043,24,Female,CE,7.97,62.14,67.9,58.9,0,Yes,1,67,89,Placed,7.36
3044,21,Male,CE,6.04,73.04,71.06,68.07,4,Yes,1,58,70,Not Placed,0.0
3045,22,Female,ECE,6.31,73.94,79.3,95.29,1,No,1,50,60,Not Placed,0.0
3046,23,Male,ECE,7.16,58.88,88.66,99.69,1,Yes,4,94,84,Placed,8.92
3047,24,Female,CSE,5.61,93.81,56.79,71.09,3,Yes,4,49,71,Not Placed,0.0
3048,21,Female,CSE,5.39,76.29,90.13,58.34,4,No,1,98,94,Not Placed,0.0
3049,22,Male,CE,8.4,93.34,80.5,64.32,3,Yes,3,40,53,Placed,13.5
3050,21,Female,CE,7.04,63.13,99.04,77.66,2,No,0,44,91,Not Placed,0.0
3051,23,Female,IT,8.63,58.62,82.56,78.6,2,Yes,5,55,67,Placed,12.75
3052,21,Male,CSE,5.55,50.9,85.8,81.5,0,Yes,0,59,64,Not Placed,0.0
3053,20,Male,EEE,8.05,54.69,59.76,91.77,0,No,4,59,67,Placed,14.62
3054,22,Male,CE,7.22,57.37,88.44,85.56,4,Yes,3,67,54,Not Placed,0.0
3055,21,Female,EEE,5.29,53.94,53.96,63.04,4,No,3,44,91,Not Placed,0.0
3056,23,Female,CE,7.72,94.84,82.83,69.75,3,Yes,2,87,95,Placed,9.37
3057,23,Male,EEE,5.41,95.57,52.78,91.99,3,No,4,42,90,Not Placed,0.0
3058,21,Male,ME,9.14,96.87,55.76,81.67,4,No,3,69,99,Placed,11.6
3059,23,Female,EEE,8.16,97.99,55.39,58.32,4,Yes,3,62,85,Placed,7.07
3060,24,Female,CSE,7.78,74.59,52.62,66.28,0,No,0,73,83,Not Placed,0.0
3061,24,Male,CE,5.67,76.5,66.06,89.55,0,No,3,88,61,Not Placed,0.0
3062,24,Female,CSE,6.44,56.54,99.72,58.6,0,No,3,93,86,Placed,10.32
3063,20,Male,EEE,7.46,56.85,67.41,84.55,4,No,1,67,45,Not Placed,0.0
3064,21,Male,ECE,8.17,88.64,88.04,78.18,3,Yes,0,40,90,Not Placed,0.0
3065,20,Female,ECE,5.92,92.79,56.62,57.37,1,No,0,87,41,Not Placed,0.0
3066,23,Male,ECE,5.04,89.24,72.72,84.44,1,Yes,1,66,45,Not Placed,0.0
3067,20,Male,CE,6.72,91.73,59.26,57.12,3,Yes,0,94,94,Not Placed,0.0
3068,23,Male,IT,7.41,63.83,59.6,69.92,3,Yes,2,95,62,Not Placed,0.0
3069,23,Female,ME,5.92,73.3,54.98,65.43,3,No,5,73,65,Not Placed,0.0
3070,22,Female,EEE,7.46,72.96,71.6,84.5,0,Yes,2,70,50,Placed,8.91
3071,24,Male,IT,6.69,99.76,53.78,89.12,2,Yes,4,71,40,Placed,8.24
3072,23,Male,ECE,7.28,97.46,95.49,58.42,4,Yes,5,91,67,Placed,9.55
3073,22,Male,EEE,6.74,79.92,72.4,90.6,0,Yes,0,46,61,Not Placed,0.0
3074,24,Female,IT,8.14,56.9,91.93,50.36,1,Yes,0,82,80,Placed,7.39
3075,23,Male,CSE,5.21,62.93,98.97,76.5,4,Yes,2,77,52,Not Placed,0.0
3076,23,Female,ECE,5.85,68.19,83.89,75.84,3,Yes,4,73,80,Not Placed,0.0
3077,20,Male,IT,7.16,93.66,95.08,81.19,1,Yes,4,85,86,Placed,3.11
3078,20,Male,CE,6.78,58.53,56.77,61.99,3,No,2,43,99,Not Placed,0.0
3079,24,Male,CSE,6.96,60.99,91.5,50.49,3,No,2,58,89,Not Placed,0.0
3080,23,Male,ECE,9.02,67.47,63.56,72.74,3,Yes,5,96,75,Placed,10.47
3081,21,Female,ME,9.43,96.35,73.63,53.57,4,No,1,61,61,Not Placed,0.0
3082,20,Male,ECE,6.24,75.19,82.33,94.61,1,Yes,4,68,43,Placed,10.38
3083,24,Male,CE,9.18,82.34,95.18,58.68,1,No,4,99,83,Placed,9.49
3084,23,Male,ME,7.29,69.36,95.55,71.26,3,Yes,1,73,80,Not Placed,0.0
3085,23,Male,ME,6.37,59.43,54.61,71.7,0,No,2,73,57,Not Placed,0.0
3086,21,Male,ME,9.93,61.14,68.23,77.64,2,No,1,84,97,Placed,4.32
3087,24,Male,EEE,9.12,90.13,89.66,89.13,0,No,1,84,77,Placed,8.77
3088,23,Male,EEE,9.97,94.67,85.16,73.61,4,No,3,42,56,Placed,11.64
3089,20,Female,ME,5.84,74.65,51.32,51.29,2,No,4,60,64,Not Placed,0.0
3090,21,Male,CSE,5.72,67.85,72.49,88.56,0,Yes,2,99,56,Not Placed,0.0
3091,24,Male,ME,7.52,90.39,91.46,54.11,1,No,3,77,68,Placed,6.28
3092,21,Female,IT,8.19,83.65,86.88,82.08,0,Yes,5,60,84,Placed,3.59
3093,20,Male,ME,5.86,52.04,70.59,90.17,3,Yes,3,99,83,Not Placed,0.0
3094,24,Male,EEE,9.3,67.54,86.76,64.13,4,No,3,56,85,Placed,6.22
3095,21,Male,EEE,7.66,84.11,77.56,72.46,0,No,2,68,47,Placed,7.89
3096,22,Male,IT,7.05,78.68,95.63,50.72,0,Yes,1,72,68,Placed,9.45
3097,20,Female,IT,8.01,98.9,79.36,90.19,2,No,2,78,54,Placed,12.09
3098,20,Male,ECE,8.17,93.31,70.04,85.16,3,No,4,65,80,Placed,13.08
3099,20,Female,CSE,5.21,52.99,93.15,61.57,2,Yes,5,46,72,Not Placed,0.0
3100,22,Male,CSE,10.0,86.29,52.49,69.51,4,Yes,5,84,88,Placed,8.56
3101,22,Male,CSE,6.82,66.82,95.03,84.77,4,No,5,97,49,Not Placed,0.0
3102,23,Female,CE,5.31,84.1,84.82,67.91,3,No,4,93,94,Not Placed,0.0
3103,21,Male,EEE,9.26,80.86,97.03,58.12,2,Yes,1,48,97,Placed,6.28
3104,23,Female,CSE,9.97,75.15,62.53,75.93,3,Yes,2,57,76,Placed,10.49
3105,21,Male,ECE,9.08,92.65,84.75,86.18,2,Yes,1,40,50,Placed,12.82
3106,22,Female,ECE,9.26,85.43,90.47,66.04,1,Yes,1,50,74,Placed,9.22
3107,22,Male,CSE,8.13,94.48,85.11,56.09,3,Yes,2,93,96,Placed,3.55
3108,23,Female,IT,9.61,64.08,60.52,91.48,4,No,4,61,73,Placed,14.28
3109,24,Male,ECE,5.18,67.41,63.78,62.64,2,No,2,96,71,Not Placed,0.0
3110,23,Female,IT,8.83,81.1,78.34,75.64,1,No,5,71,61,Placed,13.97
3111,21,Male,EEE,8.35,98.32,72.34,84.57,4,Yes,4,82,43,Placed,12.76
3112,23,Female,CE,5.25,68.58,86.76,65.85,2,Yes,0,49,92,Not Placed,0.0
3113,20,Male,ECE,7.72,51.61,68.93,82.43,1,No,0,88,41,Not Placed,0.0
3114,21,Female,IT,7.58,72.29,92.97,72.99,4,No,0,66,72,Not Placed,0.0
3115,21,Male,CSE,8.46,77.2,71.6,78.52,4,Yes,5,88,48,Placed,10.91
3116,24,Male,EEE,5.39,90.05,52.0,79.53,1,No,3,51,74,Not Placed,0.0
3117,22,Male,ME,9.03,86.43,50.87,91.21,4,No,4,69,77,Placed,9.4
3118,21,Male,ME,5.7,98.23,82.34,82.82,2,No,4,99,70,Not Placed,0.0
3119,22,Male,CSE,7.09,89.13,77.03,63.22,2,No,2,49,53,Not Placed,0.0
3120,23,Female,EEE,9.41,64.93,77.14,52.98,4,No,4,51,96,Placed,4.12
3121,20,Female,EEE,7.8,82.07,89.5,50.1,0,Yes,2,77,70,Placed,6.21
3122,24,Male,EEE,6.9,83.61,68.79,95.22,1,No,3,60,72,Placed,3.57
3123,22,Female,EEE,5.24,99.9,99.77,97.11,0,Yes,2,66,83,Placed,3.84
3124,21,Male,ME,8.36,56.94,97.28,54.71,2,Yes,0,45,92,Not Placed,0.0
3125,22,Male,IT,9.93,59.57,50.65,74.35,4,Yes,2,77,55,Placed,4.9
3126,21,Female,EEE,9.56,57.78,94.79,57.58,3,Yes,2,100,59,Placed,5.98
3127,22,Female,IT,8.59,79.45,84.03,97.44,3,No,2,91,90,Placed,14.25
3128,21,Female,EEE,5.53,56.77,75.1,62.34,0,Yes,4,97,89,Placed,9.91
3129,23,Male,ECE,6.2,82.8,79.14,75.08,0,No,1,47,53,Not Placed,0.0
3130,21,Female,CE,5.93,90.19,92.09,58.28,0,Yes,1,76,74,Placed,9.77
3131,21,Male,ECE,6.78,71.64,97.55,66.64,2,Yes,5,45,85,Placed,3.07
3132,20,Male,CE,6.18,78.03,78.02,63.34,2,No,1,73,88,Not Placed,0.0
3133,21,Male,ECE,6.22,95.64,59.06,73.77,4,Yes,5,88,84,Not Placed,0.0
3134,20,Female,EEE,8.08,78.48,81.99,70.99,2,No,4,79,72,Placed,8.42
3135,24,Female,IT,6.59,60.43,53.81,66.54,4,Yes,0,61,100,Not Placed,0.0
3136,20,Female,CE,8.39,67.16,81.76,55.29,4,No,1,68,68,Not Placed,0.0
3137,23,Male,ME,9.74,76.49,90.43,74.22,0,Yes,1,48,47,Placed,7.05
3138,20,Male,CSE,8.19,57.74,67.67,92.51,3,No,3,60,92,Not Placed,0.0
3139,24,Male,CE,8.76,80.63,53.56,86.51,0,Yes,5,71,73,Placed,13.22
3140,23,Male,CE,8.76,99.96,84.61,86.03,2,No,5,47,90,Placed,14.45
3141,22,Male,ME,6.65,82.63,66.97,68.3,1,No,3,94,86,Placed,4.15
3142,22,Female,EEE,5.07,68.62,62.45,85.42,2,Yes,0,82,53,Not Placed,0.0
3143,20,Male,ECE,5.28,66.59,84.46,73.28,3,Yes,2,49,53,Not Placed,0.0
3144,20,Male,ECE,6.41,96.58,98.48,57.51,2,No,2,88,89,Not Placed,0.0
3145,24,Male,IT,8.45,93.58,87.27,70.95,3,No,3,62,54,Placed,5.55
3146,24,Male,EEE,9.53,73.62,74.57,56.64,1,Yes,3,59,81,Placed,4.68
3147,21,Male,ME,9.79,67.67,80.03,55.72,1,No,0,52,89,Placed,3.95
3148,24,Female,EEE,5.13,85.52,57.11,51.15,4,No,0,61,59,Not Placed,0.0
3149,21,Female,EEE,9.95,65.73,90.66,64.14,2,No,4,80,67,Placed,5.66
3150,23,Female,ECE,6.61,55.97,80.21,66.54,4,No,2,54,43,Not Placed,0.0
3151,20,Male,ME,9.21,65.51,98.29,84.97,0,No,4,70,46,Placed,14.46
3152,23,Male,CSE,5.9,71.71,98.97,76.9,0,No,1,84,41,Not Placed,0.0
3153,24,Male,CE,5.31,62.77,67.73,92.92,0,No,5,71,48,Not Placed,0.0
3154,23,Female,ECE,6.89,60.84,99.43,58.82,0,Yes,5,84,62,Placed,11.92
3155,23,Female,ME,9.29,50.31,97.84,63.3,0,No,0,52,75,Placed,10.34
3156,23,Male,IT,6.1,81.54,81.99,97.05,2,No,2,96,51,Not Placed,0.0
3157,24,Male,CE,5.77,80.72,66.67,72.2,4,No,2,64,62,Not Placed,0.0
3158,23,Male,CE,9.55,59.4,87.67,89.45,4,Yes,4,60,70,Placed,11.17
3159,21,Female,ECE,9.69,97.18,63.56,74.61,3,Yes,3,43,81,Placed,5.85
3160,24,Female,IT,5.06,70.48,81.49,73.55,0,No,3,93,50,Not Placed,0.0
3161,23,Female,ECE,8.64,51.27,51.23,57.41,1,No,0,81,40,Not Placed,0.0
3162,24,Male,EEE,6.55,60.99,81.43,92.56,3,Yes,5,54,52,Not Placed,0.0
3163,22,Male,ME,6.87,84.6,97.58,53.92,3,Yes,3,60,78,Not Placed,0.0
3164,21,Male,IT,7.35,60.08,61.76,65.51,2,No,1,99,68,Not Placed,0.0
3165,23,Male,CE,7.13,52.7,88.91,83.67,3,No,2,81,45,Not Placed,0.0
3166,22,Male,ECE,7.57,80.89,64.67,75.36,1,No,3,92,70,Placed,11.3
3167,22,Female,CE,7.91,75.92,85.39,94.07,4,No,0,47,48,Not Placed,0.0
3168,24,Female,IT,7.33,88.06,85.0,51.96,3,Yes,1,70,95,Not Placed,0.0
3169,22,Male,CE,8.51,88.63,59.24,82.47,2,No,5,49,57,Placed,11.85
3170,21,Female,ECE,8.59,98.0,79.86,73.87,0,No,5,60,98,Placed,5.32
3171,21,Male,ECE,7.2,52.85,92.96,57.72,1,No,4,56,42,Not Placed,0.0
3172,20,Male,CSE,5.71,51.95,69.13,87.16,0,Yes,4,44,71,Not Placed,0.0
3173,21,Male,CE,8.2,99.36,85.51,70.57,3,Yes,1,52,84,Placed,12.27
3174,22,Male,CSE,8.86,82.24,83.72,76.58,4,No,0,60,42,Not Placed,0.0
3175,21,Male,CSE,8.19,85.77,62.88,98.36,2,No,4,92,84,Placed,6.74
3176,24,Male,CE,7.94,54.82,95.93,74.31,1,No,2,99,69,Placed,10.73
3177,20,Male,IT,6.15,53.49,78.18,91.17,4,No,5,90,99,Not Placed,0.0
3178,22,Female,EEE,8.23,58.01,67.76,88.48,1,Yes,5,83,45,Placed,7.16
3179,20,Male,ECE,6.67,71.36,58.22,83.14,2,No,2,51,89,Not Placed,0.0
3180,22,Male,ME,9.6,55.51,73.67,94.84,2,No,5,64,66,Placed,8.21
3181,24,Male,CSE,8.27,72.32,86.51,62.58,3,No,5,92,41,Placed,10.21
3182,20,Female,IT,6.39,78.08,81.18,91.04,1,No,5,67,59,Placed,12.11
3183,23,Male,CE,7.36,50.02,86.35,68.89,3,Yes,0,41,56,Not Placed,0.0
3184,22,Female,IT,9.23,55.71,89.59,90.62,1,No,0,60,72,Placed,14.64
3185,23,Male,IT,6.68,68.76,72.05,74.69,1,No,2,80,56,Not Placed,0.0
3186,20,Male,CE,7.63,52.67,76.01,92.89,0,No,0,95,76,Not Placed,0.0
3187,23,Female,ME,8.4,56.68,99.32,94.74,3,No,1,61,68,Not Placed,0.0
3188,23,Male,CE,8.77,61.59,98.4,79.88,1,No,0,96,48,Placed,9.1
3189,20,Male,ME,5.87,71.48,70.74,75.38,1,No,5,94,43,Not Placed,0.0
3190,24,Male,CE,7.83,85.74,84.26,89.16,2,Yes,2,41,85,Placed,11.83
3191,23,Female,CSE,9.56,56.63,63.38,63.35,0,Yes,3,69,79,Placed,11.25
3192,23,Male,ME,9.84,86.9,57.63,50.77,2,No,0,40,94,Placed,11.03
3193,24,Male,CSE,8.28,92.75,88.42,70.35,3,Yes,4,85,52,Placed,11.66
3194,23,Female,ME,9.92,82.57,71.81,75.39,3,Yes,1,52,45,Placed,13.47
3195,23,Male,ME,7.85,52.19,58.85,64.86,1,No,1,42,85,Not Placed,0.0
3196,23,Female,CE,7.21,72.03,87.94,69.17,4,No,1,98,48,Not Placed,0.0
3197,21,Female,ME,7.76,83.0,95.76,56.65,2,Yes,4,59,65,Placed,10.24
3198,24,Male,CSE,5.58,98.93,96.66,63.86,3,Yes,4,96,88,Placed,6.51
3199,23,Male,CE,7.01,97.59,79.82,62.0,1,Yes,1,44,78,Placed,14.86
3200,24,Male,ECE,7.29,69.79,73.98,65.05,1,No,1,41,80,Not Placed,0.0
3201,22,Female,CSE,9.24,80.8,57.09,64.95,2,Yes,1,65,86,Placed,6.86
3202,22,Female,ECE,8.79,94.54,89.64,77.95,1,No,0,92,81,Placed,7.3
3203,23,Female,IT,8.01,91.55,97.27,62.53,0,No,5,68,53,Placed,11.62
3204,24,Female,CE,6.74,73.97,94.47,97.05,4,Yes,4,57,87,Placed,3.14
3205,24,Female,IT,5.94,63.06,87.59,75.56,2,Yes,2,48,100,Not Placed,0.0
3206,24,Male,CE,6.74,56.85,50.23,56.45,2,No,5,61,73,Not Placed,0.0
3207,21,Male,CE,8.4,74.4,70.39,63.98,2,Yes,0,67,100,Placed,13.25
3208,22,Female,CSE,6.32,86.14,70.54,86.49,1,No,2,99,43,Not Placed,0.0
3209,24,Male,ECE,7.13,98.49,94.72,50.68,1,No,0,51,60,Not Placed,0.0
3210,24,Male,CE,6.93,93.09,53.28,96.89,2,Yes,0,76,70,Not Placed,0.0
3211,21,Female,ECE,8.83,60.21,76.56,72.26,2,Yes,2,57,86,Placed,13.96
3212,21,Male,CE,9.42,85.99,56.81,76.05,0,No,1,94,82,Placed,9.63
3213,24,Female,ECE,8.5,64.46,83.11,99.42,3,Yes,5,94,60,Placed,4.91
3214,20,Female,IT,6.71,84.17,89.61,75.17,0,Yes,2,73,82,Placed,12.24
3215,24,Male,CSE,7.17,83.29,82.1,97.39,2,Yes,3,81,68,Placed,6.83
3216,24,Female,CE,5.72,63.62,89.73,95.76,1,No,4,93,94,Placed,9.33
3217,21,Male,EEE,5.84,61.72,80.37,97.07,1,No,3,81,97,Not Placed,0.0
3218,21,Male,ECE,5.82,55.2,59.49,90.62,2,Yes,5,97,63,Not Placed,0.0
3219,24,Male,ECE,5.65,52.53,69.13,64.82,3,No,0,42,84,Not Placed,0.0
3220,24,Male,EEE,5.9,92.92,97.84,67.32,4,Yes,2,95,55,Not Placed,0.0
3221,24,Male,CSE,6.01,52.49,64.41,68.25,4,No,1,85,48,Not Placed,0.0
3222,21,Male,ECE,5.56,54.44,53.14,98.96,0,Yes,5,44,60,Placed,10.5
3223,24,Male,CSE,8.2,61.94,69.24,68.04,3,Yes,1,95,41,Not Placed,0.0
3224,24,Male,ECE,9.95,94.38,68.32,55.43,4,No,3,62,41,Placed,3.15
3225,23,Female,ME,9.4,66.65,73.52,88.92,3,Yes,3,52,76,Placed,12.0
3226,20,Female,ECE,5.23,59.59,78.02,68.3,1,Yes,0,98,76,Not Placed,0.0
3227,22,Male,ME,7.12,85.78,99.62,81.05,1,No,4,63,44,Placed,11.38
3228,20,Male,CE,9.3,65.95,87.81,96.22,3,No,0,67,85,Placed,8.46
3229,23,Male,CSE,5.67,66.67,51.79,78.78,2,No,5,56,45,Not Placed,0.0
3230,22,Male,ECE,9.24,86.95,85.64,81.89,4,No,1,45,99,Placed,7.05
3231,24,Female,IT,7.96,62.58,91.21,82.14,4,No,5,100,87,Placed,5.95
3232,23,Female,IT,9.66,94.84,94.78,80.62,1,Yes,2,100,87,Placed,3.85
3233,24,Male,EEE,9.38,78.07,71.2,57.99,0,Yes,3,66,47,Placed,13.38
3234,21,Male,IT,8.39,76.89,65.68,72.82,4,Yes,1,84,71,Not Placed,0.0
3235,23,Male,ME,8.29,63.24,91.97,50.38,1,Yes,0,68,98,Placed,14.79
3236,21,Female,IT,6.07,91.75,88.88,81.31,1,No,4,51,76,Placed,13.21
3237,23,Male,IT,5.58,78.64,76.8,78.77,3,Yes,2,74,52,Not Placed,0.0
3238,23,Female,IT,7.08,57.78,55.89,65.91,3,Yes,4,87,42,Not Placed,0.0
3239,21,Female,ECE,5.93,60.31,82.59,76.19,3,Yes,0,44,48,Not Placed,0.0
3240,22,Male,EEE,5.51,73.41,53.28,74.65,0,Yes,0,41,43,Not Placed,0.0
3241,20,Female,CSE,6.51,88.98,55.02,62.55,4,No,1,50,67,Not Placed,0.0
3242,24,Female,EEE,9.3,96.96,66.56,64.66,0,Yes,2,43,79,Placed,9.21
3243,23,Female,ME,5.09,83.17,68.56,88.13,0,Yes,5,61,55,Placed,13.28
3244,24,Male,ECE,6.46,75.31,73.1,87.79,3,No,0,40,96,Not Placed,0.0
3245,21,Male,CE,7.12,62.54,66.96,73.49,1,No,1,84,50,Not Placed,0.0
3246,24,Female,ECE,7.55,83.64,51.69,85.88,2,No,0,89,94,Not Placed,0.0
3247,21,Female,IT,5.91,99.11,57.87,72.54,1,No,1,55,58,Not Placed,0.0
3248,24,Female,IT,9.82,73.81,55.76,92.57,1,No,4,41,81,Placed,15.0
3249,20,Female,ME,7.89,58.11,71.56,66.64,1,Yes,1,80,98,Placed,11.53
3250,20,Female,CE,7.61,55.17,60.61,96.36,1,Yes,5,66,61,Placed,13.66
3251,20,Female,ECE,5.04,63.46,64.68,77.11,0,No,4,51,78,Not Placed,0.0
3252,20,Male,CE,7.43,78.47,73.58,76.78,3,Yes,3,44,51,Not Placed,0.0
3253,20,Male,CSE,9.19,97.34,61.78,83.54,3,Yes,0,44,94,Placed,7.43
3254,20,Female,EEE,6.1,64.96,62.3,67.04,1,Yes,3,61,69,Not Placed,0.0
3255,21,Female,ECE,6.76,65.27,91.66,86.22,2,Yes,2,52,79,Not Placed,0.0
3256,23,Female,CE,5.1,74.06,77.4,66.02,4,No,3,55,81,Not Placed,0.0
3257,24,Male,CSE,9.88,95.93,92.84,69.88,1,Yes,1,65,44,Placed,9.21
3258,20,Female,CSE,5.33,70.95,75.73,83.74,1,Yes,1,90,76,Not Placed,0.0
3259,21,Female,EEE,9.49,61.16,95.46,68.92,2,No,2,48,84,Placed,6.25
3260,21,Male,CSE,6.56,58.16,62.74,60.0,0,No,2,87,71,Not Placed,0.0
3261,21,Male,ME,7.94,72.85,80.83,93.6,1,No,0,71,73,Not Placed,0.0
3262,23,Male,CSE,8.4,90.03,75.16,96.11,2,Yes,1,58,51,Placed,3.78
3263,24,Male,CE,5.7,64.57,95.93,81.34,0,No,2,75,82,Not Placed,0.0
3264,23,Male,ME,7.22,75.63,70.92,90.56,0,No,5,67,41,Placed,12.93
3265,22,Male,CSE,6.63,80.15,92.74,99.33,1,Yes,3,54,86,Placed,10.05
3266,21,Male,IT,5.28,72.52,78.2,80.74,0,Yes,1,48,91,Not Placed,0.0
3267,22,Female,CSE,9.17,59.58,85.43,95.44,1,No,5,55,46,Placed,3.01
3268,20,Female,ME,5.23,96.09,94.34,67.96,1,Yes,2,97,71,Not Placed,0.0
3269,20,Female,CSE,8.27,78.27,99.85,85.02,3,Yes,0,95,79,Placed,6.19
3270,23,Male,CSE,6.57,86.46,86.56,52.79,4,Yes,5,45,74,Not Placed,0.0
3271,24,Male,CSE,5.96,81.8,65.73,89.45,4,Yes,4,47,88,Not Placed,0.0
3272,22,Female,ME,8.34,99.9,64.95,91.49,3,Yes,1,72,91,Placed,13.49
3273,24,Male,CSE,7.87,72.82,65.46,70.06,1,Yes,1,71,45,Placed,5.18
3274,23,Female,EEE,6.58,71.25,54.9,81.95,2,Yes,1,85,61,Not Placed,0.0
3275,20,Female,CE,7.56,68.01,52.68,92.92,0,Yes,1,75,64,Placed,3.59
3276,24,Male,EEE,6.23,68.08,79.04,94.18,3,Yes,4,81,86,Placed,6.92
3277,24,Female,ME,9.32,63.79,90.53,55.33,3,No,4,98,52,Placed,5.63
3278,20,Male,IT,6.57,99.03,51.81,91.37,3,No,5,87,62,Not Placed,0.0
3279,22,Male,EEE,6.23,93.54,78.33,63.71,3,Yes,5,75,84,Placed,5.14
3280,20,Female,CE,8.76,65.83,68.59,86.37,4,No,0,73,83,Not Placed,0.0
3281,24,Male,ECE,5.09,65.26,94.62,66.26,1,No,1,41,85,Not Placed,0.0
3282,22,Female,CE,6.34,55.18,57.27,52.82,3,No,2,52,48,Not Placed,0.0
3283,22,Male,EEE,6.88,93.85,78.17,60.49,3,Yes,3,82,81,Placed,7.96
3284,20,Male,ECE,9.41,68.59,98.55,70.43,3,No,1,49,98,Placed,3.5
3285,24,Female,ME,9.75,78.63,67.25,87.06,2,No,5,96,76,Placed,12.91
3286,23,Female,CE,8.58,95.02,87.09,55.04,2,Yes,4,77,92,Placed,12.36
3287,24,Male,IT,7.46,70.41,94.12,90.65,0,No,0,46,76,Not Placed,0.0
3288,21,Male,ECE,8.2,90.34,59.31,99.85,1,No,1,98,92,Placed,10.37
3289,23,Female,ECE,7.07,71.51,99.63,89.41,3,Yes,0,98,69,Not Placed,0.0
3290,22,Male,CE,6.49,85.05,90.47,73.69,0,No,2,86,59,Placed,12.23
3291,23,Female,EEE,9.75,71.56,56.88,78.41,0,Yes,2,91,77,Placed,11.31
3292,22,Female,ECE,5.58,69.64,65.54,50.31,1,Yes,2,90,83,Not Placed,0.0
3293,22,Female,ME,6.73,99.54,81.25,60.46,2,Yes,2,42,88,Not Placed,0.0
3294,23,Female,CE,9.5,80.62,94.25,94.95,1,No,3,92,55,Placed,5.15
3295,22,Male,ME,8.62,68.37,59.74,51.09,0,No,0,66,89,Placed,5.09
3296,22,Female,CE,5.15,62.89,86.56,95.24,1,No,1,53,96,Not Placed,0.0
3297,21,Female,ME,5.12,51.99,63.53,55.66,2,No,3,93,61,Not Placed,0.0
3298,24,Male,EEE,7.58,85.33,90.27,56.65,0,Yes,1,69,77,Placed,4.47
3299,24,Female,CE,7.42,68.61,84.17,58.77,1,Yes,4,73,49,Placed,7.03
3300,21,Male,IT,7.21,91.06,76.15,89.97,3,No,5,62,59,Placed,13.06
3301,23,Male,EEE,6.51,68.19,82.49,73.91,3,No,3,87,92,Not Placed,0.0
3302,20,Male,ME,9.93,68.67,93.82,57.26,1,No,5,94,80,Placed,7.07
3303,20,Female,CE,6.36,88.96,69.32,84.34,1,Yes,3,56,41,Not Placed,0.0
3304,20,Male,EEE,7.45,74.47,88.46,97.03,2,No,5,54,42,Placed,7.27
3305,21,Female,ME,7.02,94.24,57.95,78.62,0,Yes,5,100,81,Placed,11.57
3306,21,Female,CSE,5.85,79.51,85.06,54.94,1,Yes,4,84,47,Not Placed,0.0
3307,22,Male,CSE,6.01,62.03,87.53,52.74,0,No,5,100,48,Placed,12.11
3308,20,Male,ECE,9.59,78.41,72.15,89.79,3,No,3,100,67,Placed,10.68
3309,23,Female,IT,9.29,50.2,89.68,81.3,0,Yes,5,83,60,Placed,7.33
3310,23,Male,CSE,6.0,65.62,77.86,96.13,4,No,0,46,90,Not Placed,0.0
3311,20,Female,ME,9.38,60.4,96.81,77.36,2,Yes,5,100,72,Placed,11.44
3312,20,Male,EEE,6.05,82.71,55.62,53.12,2,Yes,2,91,99,Not Placed,0.0
3313,20,Male,CE,8.13,56.8,56.54,70.18,0,No,5,91,73,Placed,13.42
3314,21,Female,EEE,5.41,64.5,92.12,82.9,2,Yes,1,42,91,Not Placed,0.0
3315,21,Male,ECE,9.4,66.57,92.12,69.24,0,No,4,48,43,Placed,11.61
3316,21,Male,EEE,5.26,50.16,73.56,99.98,0,No,2,42,87,Not Placed,0.0
3317,24,Male,CSE,7.77,52.34,98.2,70.27,3,Yes,3,87,92,Placed,10.16
3318,23,Male,EEE,8.9,65.56,83.97,77.31,0,No,0,91,64,Placed,3.48
3319,23,Male,CSE,5.58,61.12,99.14,61.27,2,Yes,5,74,71,Not Placed,0.0
3320,22,Female,CSE,7.02,55.85,76.62,57.61,4,Yes,5,79,51,Not Placed,0.0
3321,21,Male,IT,5.21,57.71,60.08,82.27,1,No,3,47,41,Not Placed,0.0
3322,24,Male,ECE,8.41,91.78,72.22,79.43,2,Yes,4,65,86,Placed,8.88
3323,24,Female,ME,6.54,84.17,99.02,50.22,4,Yes,3,95,89,Not Placed,0.0
3324,23,Male,CSE,7.8,74.21,68.52,64.24,2,No,0,54,87,Not Placed,0.0
3325,21,Male,CE,9.66,95.44,97.85,82.18,4,No,5,44,92,Placed,7.82
3326,22,Female,ECE,6.53,51.48,89.85,90.61,2,No,3,52,51,Not Placed,0.0
3327,21,Female,ME,5.24,67.25,72.11,65.62,1,No,3,54,89,Not Placed,0.0
3328,20,Female,CE,8.38,91.17,77.09,82.37,3,No,5,78,85,Placed,12.19
3329,21,Female,EEE,8.93,81.41,80.37,63.26,3,No,3,51,65,Placed,7.74
3330,20,Male,ECE,9.79,99.08,83.29,84.52,1,Yes,5,74,60,Placed,12.98
3331,20,Female,CE,5.79,97.23,53.83,84.9,2,No,3,47,83,Not Placed,0.0
3332,22,Male,ECE,6.96,58.5,96.68,56.51,4,Yes,0,49,76,Not Placed,0.0
3333,23,Male,ECE,9.22,98.6,79.85,83.25,0,No,1,73,94,Placed,7.76
3334,21,Male,EEE,9.03,97.28,96.56,66.68,2,Yes,2,47,75,Placed,11.66
3335,20,Male,EEE,8.12,68.68,81.59,58.63,1,No,4,61,57,Placed,4.86
3336,21,Male,ECE,6.35,99.14,71.55,75.02,3,No,1,89,63,Not Placed,0.0
3337,23,Female,CE,6.42,51.79,78.35,72.61,3,No,0,51,69,Not Placed,0.0
3338,23,Male,IT,5.62,83.04,91.48,88.69,2,No,4,61,56,Not Placed,0.0
3339,24,Male,CSE,9.61,63.31,66.31,54.23,4,Yes,4,66,55,Placed,12.06
3340,23,Male,EEE,5.86,56.47,97.82,89.49,1,No,5,97,81,Placed,9.75
3341,22,Male,IT,7.86,78.88,73.3,55.3,1,Yes,5,57,56,Placed,10.71
3342,20,Female,EEE,7.92,65.32,97.81,60.37,4,No,3,58,83,Not Placed,0.0
3343,24,Male,ECE,6.85,83.34,94.04,75.79,4,No,2,98,51,Not Placed,0.0
3344,22,Male,IT,6.76,77.0,88.38,73.16,2,No,5,44,66,Not Placed,0.0
3345,21,Male,CE,8.34,69.63,73.37,99.44,2,Yes,2,55,99,Placed,8.14
3346,20,Female,CE,6.94,59.09,79.35,79.47,3,Yes,0,88,94,Not Placed,0.0
3347,23,Male,ME,6.28,80.06,91.9,66.37,3,No,5,80,43,Not Placed,0.0
3348,20,Male,CSE,7.0,91.46,77.2,95.01,4,Yes,1,49,74,Not Placed,0.0
3349,21,Male,CSE,9.04,80.0,86.91,65.61,0,No,3,58,40,Placed,11.4
3350,24,Male,EEE,9.83,80.53,89.53,63.69,0,No,2,100,51,Placed,9.69
3351,24,Male,CSE,8.18,75.59,75.65,74.72,0,Yes,3,83,68,Placed,3.36
3352,24,Female,ME,8.91,69.41,76.81,95.66,1,No,1,40,47,Placed,3.58
3353,23,Female,CE,7.66,72.87,59.89,85.43,2,No,4,61,47,Not Placed,0.0
3354,22,Female,IT,8.12,99.48,62.24,83.87,4,No,1,56,51,Not Placed,0.0
3355,22,Male,IT,9.94,87.48,95.25,86.3,3,No,4,74,75,Placed,3.53
3356,20,Male,CE,7.19,71.53,92.02,82.98,0,Yes,1,78,87,Placed,9.09
3357,23,Male,ECE,5.33,72.86,50.51,87.99,3,Yes,3,91,73,Not Placed,0.0
3358,24,Female,CE,9.79,74.98,93.47,59.64,2,No,1,48,75,Placed,3.05
3359,24,Female,IT,8.97,82.97,51.26,58.86,4,Yes,5,94,94,Placed,6.31
3360,21,Female,EEE,6.99,73.3,72.91,68.11,0,No,2,44,43,Not Placed,0.0
3361,21,Male,ME,9.91,84.31,53.37,92.55,0,No,2,48,100,Placed,3.98
3362,24,Male,CE,6.73,66.46,98.44,85.72,4,No,0,90,50,Not Placed,0.0
3363,24,Male,ECE,6.86,70.53,98.62,78.32,3,No,5,50,98,Placed,9.09
3364,23,Female,EEE,8.05,93.2,80.54,50.97,2,No,2,53,42,Not Placed,0.0
3365,22,Female,CE,6.37,66.45,69.61,61.79,2,Yes,2,85,49,Not Placed,0.0
3366,21,Female,EEE,8.49,98.22,75.6,90.18,2,No,4,79,51,Placed,9.03
3367,22,Male,CE,5.76,58.63,88.11,62.12,3,Yes,5,63,88,Not Placed,0.0
3368,23,Male,EEE,5.54,62.08,61.16,86.51,3,Yes,3,59,48,Not Placed,0.0
3369,24,Female,CSE,7.67,73.18,72.09,59.23,0,No,3,72,60,Placed,11.3
3370,22,Female,EEE,7.78,89.87,86.86,80.32,3,No,4,43,73,Placed,9.56
3371,24,Male,CSE,5.53,86.58,69.77,81.41,1,Yes,2,55,61,Not Placed,0.0
3372,24,Male,IT,9.82,58.72,51.6,87.6,4,Yes,1,64,57,Not Placed,0.0
3373,20,Male,CSE,7.87,61.83,75.37,71.92,3,No,4,97,83,Placed,5.3
3374,22,Male,EEE,5.76,78.76,86.87,81.63,2,No,3,40,45,Not Placed,0.0
3375,22,Male,ME,6.56,64.76,98.84,74.35,3,Yes,0,90,64,Not Placed,0.0
3376,24,Female,ME,9.0,71.12,51.85,97.37,0,Yes,3,63,89,Placed,8.5
3377,23,Male,IT,7.62,74.33,77.0,76.09,4,No,1,42,84,Not Placed,0.0
3378,20,Male,EEE,5.94,79.71,72.5,60.48,4,Yes,3,71,54,Not Placed,0.0
3379,24,Male,CSE,5.51,62.55,62.12,83.39,2,No,4,73,40,Not Placed,0.0
3380,21,Female,ME,7.15,58.16,81.89,77.42,4,No,0,88,94,Not Placed,0.0
3381,21,Female,CE,6.69,69.93,58.18,90.19,1,Yes,3,64,79,Placed,13.7
3382,20,Male,ECE,8.28,54.1,64.19,58.85,4,No,4,82,57,Not Placed,0.0
3383,23,Female,EEE,9.63,76.34,89.09,63.05,2,No,4,97,91,Placed,9.81
3384,24,Female,CE,6.24,91.98,73.02,96.08,4,Yes,4,42,95,Not Placed,0.0
3385,22,Male,CE,9.28,55.95,99.68,96.5,3,Yes,0,46,83,Placed,12.35
3386,20,Male,EEE,9.6,55.64,69.32,72.11,0,No,4,81,70,Placed,4.71
3387,23,Female,ECE,9.51,54.01,73.16,52.39,3,Yes,0,74,59,Not Placed,0.0
3388,22,Female,ME,9.76,92.39,65.01,65.33,1,No,5,68,83,Placed,9.29
3389,21,Female,ECE,9.21,54.04,61.81,62.36,1,No,1,79,64,Placed,14.8
3390,21,Female,IT,7.97,99.17,96.11,70.73,0,No,1,64,72,Placed,14.89
3391,22,Female,CSE,7.05,67.92,87.44,65.89,0,Yes,1,67,49,Placed,12.59
3392,20,Male,CSE,7.46,66.44,66.67,91.45,0,Yes,5,63,68,Placed,8.68
3393,21,Male,CE,9.36,54.58,85.01,50.15,0,Yes,4,44,94,Placed,9.57
3394,24,Male,ME,6.51,79.28,98.29,82.23,4,No,0,66,58,Not Placed,0.0
3395,22,Male,ECE,5.8,79.29,53.7,83.21,3,Yes,5,49,98,Not Placed,0.0
3396,22,Female,CE,5.7,74.69,63.23,83.03,1,Yes,1,51,67,Not Placed,0.0
3397,21,Female,EEE,9.13,65.55,60.03,76.03,4,No,2,57,97,Not Placed,0.0
3398,20,Female,CE,8.81,68.43,93.49,80.56,0,No,1,77,66,Placed,4.66
3399,24,Male,EEE,7.49,66.03,58.96,90.52,2,Yes,4,47,98,Placed,7.78
3400,20,Female,EEE,6.37,71.31,65.4,89.21,2,Yes,5,89,58,Placed,9.45
3401,23,Male,IT,8.39,67.09,77.19,51.73,3,No,2,77,82,Not Placed,0.0
3402,23,Male,IT,5.19,83.78,81.05,51.52,1,No,5,94,94,Not Placed,0.0
3403,21,Female,EEE,7.84,64.79,90.41,91.95,1,No,3,69,70,Placed,4.05
3404,21,Female,ME,6.99,67.54,70.37,78.74,3,Yes,2,48,93,Not Placed,0.0
3405,21,Female,IT,9.89,71.77,76.71,97.87,0,Yes,3,87,74,Placed,12.02
3406,23,Male,IT,7.54,50.2,98.27,71.58,0,No,2,82,53,Placed,10.45
3407,20,Male,CSE,7.76,74.6,64.87,58.84,1,No,0,64,89,Not Placed,0.0
3408,20,Male,CE,8.56,62.79,62.4,73.66,1,Yes,2,69,98,Placed,7.01
3409,21,Male,CSE,7.42,52.81,85.53,71.83,1,Yes,1,41,98,Placed,4.73
3410,24,Female,ME,6.12,95.55,88.56,75.86,0,No,3,56,45,Not Placed,0.0
3411,20,Female,IT,7.69,66.12,70.74,90.4,2,No,3,84,97,Placed,12.85
3412,23,Female,IT,9.72,71.3,60.65,82.78,3,Yes,5,46,94,Placed,3.23
3413,22,Male,ECE,7.05,91.37,88.95,59.26,3,No,1,61,48,Not Placed,0.0
3414,22,Female,ME,8.4,58.34,83.52,86.72,4,No,0,49,96,Not Placed,0.0
3415,22,Male,CE,9.89,92.52,93.81,79.59,4,No,2,65,80,Placed,11.57
3416,24,Female,CE,9.15,62.08,92.22,78.92,2,Yes,0,52,66,Placed,13.73
3417,21,Male,CE,8.3,79.45,60.26,83.91,1,No,1,81,97,Placed,12.04
3418,23,Male,ME,8.68,84.28,91.62,78.2,2,Yes,2,67,56,Placed,9.3
3419,24,Male,ECE,9.68,95.25,58.76,72.88,4,Yes,1,75,75,Placed,4.26
3420,23,Female,ECE,9.8,80.38,93.19,82.02,4,No,3,98,43,Placed,12.06
3421,23,Male,CSE,9.84,72.66,88.52,86.19,3,No,3,50,97,Placed,4.27
3422,21,Male,ME,8.13,78.61,78.49,61.29,2,No,3,48,63,Not Placed,0.0
3423,22,Female,ME,6.92,60.1,82.11,74.85,0,Yes,4,55,90,Placed,6.7
3424,21,Male,ECE,5.67,84.45,55.2,72.91,4,Yes,4,56,55,Not Placed,0.0
3425,24,Male,EEE,6.93,59.34,51.99,52.0,3,No,3,94,56,Not Placed,0.0
3426,24,Male,EEE,9.71,77.86,66.53,91.72,1,Yes,4,44,42,Placed,12.23
3427,24,Male,CSE,9.45,82.38,91.07,68.87,2,Yes,4,44,93,Placed,5.06
3428,21,Female,EEE,7.62,94.93,73.29,53.63,4,No,5,77,78,Not Placed,0.0
3429,23,Female,EEE,7.69,72.51,61.17,72.89,0,No,1,70,96,Placed,13.3
3430,23,Male,EEE,6.54,88.77,91.73,58.07,4,No,5,41,76,Not Placed,0.0
3431,20,Female,IT,7.27,58.38,61.43,85.22,0,Yes,2,66,92,Placed,4.27
3432,24,Male,CSE,8.57,57.81,90.77,78.59,2,No,3,85,42,Placed,9.9
3433,23,Male,ECE,7.01,76.24,72.65,63.51,0,No,5,82,83,Placed,12.85
3434,20,Male,EEE,5.94,79.82,73.17,97.52,0,No,5,58,90,Placed,6.47
3435,23,Male,CE,7.7,81.62,63.64,64.59,3,Yes,4,82,80,Placed,13.05
3436,24,Male,IT,6.13,87.28,95.01,77.75,2,No,1,64,74,Not Placed,0.0
3437,22,Female,EEE,9.87,64.75,54.44,90.08,4,No,1,91,42,Not Placed,0.0
3438,24,Female,IT,6.95,81.13,57.22,75.69,1,No,5,77,55,Placed,12.9
3439,21,Male,CSE,9.55,59.41,81.79,98.04,2,No,2,52,96,Placed,5.42
3440,23,Female,CE,6.13,60.95,92.51,92.19,2,Yes,1,68,59,Not Placed,0.0
3441,23,Female,CE,5.95,53.37,54.77,96.05,1,No,0,58,84,Not Placed,0.0
3442,21,Female,CE,8.08,87.35,86.69,68.64,4,No,0,74,45,Not Placed,0.0
3443,21,Female,EEE,8.9,75.35,87.13,77.42,3,Yes,3,64,72,Placed,11.47
3444,22,Male,IT,7.83,61.91,79.08,92.01,4,Yes,5,87,82,Placed,13.96
3445,23,Female,CE,6.15,77.81,74.34,95.18,1,Yes,2,48,89,Placed,14.68
3446,23,Female,ME,5.19,67.71,66.05,97.22,4,No,5,100,66,Not Placed,0.0
3447,22,Female,ME,8.09,91.86,67.57,93.96,2,No,0,74,69,Not Placed,0.0
3448,20,Male,IT,5.66,76.41,83.72,86.54,3,No,2,90,74,Not Placed,0.0
3449,22,Male,EEE,6.72,51.49,53.26,51.21,0,No,3,54,57,Not Placed,0.0
3450,24,Male,EEE,8.38,99.25,79.25,65.75,4,No,1,61,69,Not Placed,0.0
3451,23,Male,CSE,5.49,53.71,63.94,56.45,0,No,1,52,82,Not Placed,0.0
3452,21,Male,CSE,5.64,84.8,73.33,57.74,3,Yes,1,88,65,Not Placed,0.0
3453,24,Female,CE,5.31,71.86,77.95,64.55,0,No,0,69,54,Not Placed,0.0
3454,23,Male,ECE,9.98,62.47,94.28,53.74,4,No,2,60,71,Placed,8.79
3455,22,Female,CSE,6.94,83.82,78.95,62.15,1,Yes,0,64,74,Not Placed,0.0
3456,24,Male,EEE,9.53,56.29,61.36,97.85,2,Yes,4,64,51,Placed,12.25
3457,23,Female,ECE,6.47,92.91,53.97,65.6,2,Yes,2,79,60,Not Placed,0.0
3458,20,Male,CSE,8.77,62.53,81.35,57.99,0,No,3,61,51,Placed,12.88
3459,20,Male,IT,6.1,68.07,77.25,85.92,2,No,0,85,88,Not Placed,0.0
3460,21,Female,ME,7.49,81.63,83.59,91.43,2,No,1,80,40,Not Placed,0.0
3461,23,Female,CSE,9.12,50.05,72.97,65.7,1,Yes,1,42,50,Placed,12.31
3462,20,Female,CSE,9.08,73.64,91.26,63.92,0,Yes,1,100,94,Placed,6.62
3463,22,Male,IT,8.97,94.71,96.01,62.09,1,No,0,48,64,Placed,11.73
3464,23,Male,EEE,9.12,84.02,52.0,69.66,1,Yes,0,63,86,Placed,5.57
3465,22,Female,CE,6.06,69.4,87.2,54.36,3,No,1,83,48,Not Placed,0.0
3466,22,Male,IT,7.41,83.02,51.76,83.46,0,Yes,1,86,78,Placed,11.41
3467,20,Female,CE,7.42,96.83,72.25,91.11,1,Yes,1,71,82,Placed,11.58
3468,23,Male,CSE,9.45,59.39,73.08,83.18,4,No,4,56,66,Placed,14.8
3469,24,Male,EEE,6.48,76.59,84.81,71.06,2,No,0,80,68,Not Placed,0.0
3470,20,Male,ECE,9.66,61.74,67.62,64.45,0,Yes,1,63,89,Placed,8.77
3471,20,Male,CSE,7.25,92.71,91.05,70.47,3,Yes,3,47,66,Placed,13.56
3472,23,Female,IT,8.35,86.05,67.14,71.19,1,Yes,1,45,94,Placed,9.74
3473,23,Female,ECE,6.34,90.05,67.13,83.3,4,Yes,0,48,100,Not Placed,0.0
3474,22,Male,ME,7.05,97.15,61.14,96.4,2,No,3,54,67,Not Placed,0.0
3475,23,Female,ECE,8.55,61.62,84.19,53.53,2,No,5,63,96,Placed,12.54
3476,22,Male,IT,7.56,52.44,53.83,97.67,4,No,5,89,78,Not Placed,0.0
3477,20,Male,ECE,9.65,64.55,68.15,95.51,0,No,5,93,57,Placed,13.16
3478,21,Male,IT,8.69,69.96,63.34,55.89,2,Yes,0,99,54,Not Placed,0.0
3479,24,Female,CSE,7.82,81.26,61.47,59.18,2,No,0,50,55,Not Placed,0.0
3480,20,Female,EEE,9.43,89.89,53.05,65.58,2,No,0,70,86,Placed,8.27
3481,23,Female,ME,8.33,67.49,59.52,77.98,1,No,2,95,62,Placed,5.09
3482,24,Female,EEE,8.24,73.67,72.31,56.72,1,No,3,85,69,Placed,5.17
3483,21,Female,EEE,6.23,89.27,75.19,60.02,2,No,4,84,75,Not Placed,0.0
3484,21,Female,EEE,6.97,61.27,63.48,95.13,3,No,4,84,95,Not Placed,0.0
3485,22,Female,IT,8.42,60.86,82.51,55.47,2,No,2,93,74,Placed,10.1
3486,24,Female,IT,9.46,79.46,66.79,69.94,0,No,0,52,67,Placed,13.25
3487,22,Male,ME,6.58,71.8,68.36,88.15,3,No,4,69,85,Not Placed,0.0
3488,20,Male,IT,6.08,97.44,89.13,94.43,0,Yes,3,98,92,Placed,4.04
3489,24,Male,CE,7.97,67.85,77.6,66.8,4,No,1,64,42,Not Placed,0.0
3490,20,Male,IT,5.34,87.98,97.66,58.22,4,Yes,3,87,94,Not Placed,0.0
3491,22,Female,IT,8.57,79.15,67.97,86.85,1,No,0,51,55,Not Placed,0.0
3492,24,Male,IT,8.52,52.73,91.39,88.63,1,No,3,60,54,Placed,3.74
3493,22,Female,CSE,6.77,54.22,86.92,99.0,1,No,5,63,58,Placed,12.44
3494,24,Male,ME,9.46,60.16,94.51,56.98,4,No,0,65,49,Not Placed,0.0
3495,22,Male,CE,7.51,57.16,97.84,85.47,0,No,3,89,92,Placed,4.9
3496,21,Male,IT,8.23,66.47,50.38,70.86,3,Yes,2,51,88,Not Placed,0.0
3497,22,Female,ME,6.05,78.95,54.41,95.73,1,No,3,76,43,Not Placed,0.0
3498,21,Male,ECE,7.09,80.12,83.72,70.39,4,No,5,88,61,Not Placed,0.0
3499,22,Male,CSE,9.31,79.39,69.51,72.3,1,No,4,60,57,Placed,14.56
3500,24,Female,IT,6.06,55.88,90.96,56.34,2,Yes,1,62,61,Not Placed,0.0
3501,24,Female,CE,6.95,80.01,50.6,66.05,3,No,2,40,81,Not Placed,0.0
3502,24,Male,CSE,6.59,70.49,90.35,70.04,0,No,3,84,94,Placed,10.57
3503,23,Male,CE,5.76,95.15,56.76,50.88,1,Yes,0,49,55,Not Placed,0.0
3504,20,Male,CSE,6.45,95.6,64.51,71.88,2,No,2,74,95,Not Placed,0.0
3505,24,Female,ECE,6.16,88.41,98.45,66.82,2,Yes,4,77,42,Placed,9.66
3506,21,Male,ME,9.62,85.16,52.58,90.19,3,No,1,87,83,Placed,7.28
3507,24,Male,CSE,8.71,55.75,67.45,55.36,4,No,5,67,97,Placed,7.15
3508,23,Male,EEE,6.58,54.23,54.23,88.01,4,No,1,40,98,Not Placed,0.0
3509,21,Male,ECE,8.82,92.04,92.68,85.7,1,No,3,90,90,Placed,14.75
3510,23,Female,EEE,5.11,71.35,85.15,62.09,1,Yes,5,47,92,Placed,11.71
3511,21,Male,ECE,7.63,72.57,90.02,54.16,4,No,4,80,74,Not Placed,0.0
3512,22,Male,EEE,6.25,92.39,76.36,92.09,0,Yes,4,62,80,Placed,14.01
3513,20,Male,EEE,5.57,81.07,67.89,62.47,0,No,1,59,78,Not Placed,0.0
3514,20,Male,CE,9.42,58.97,50.11,57.28,2,Yes,1,71,55,Placed,12.72
3515,23,Male,CSE,6.0,60.55,63.9,67.95,3,No,4,62,60,Not Placed,0.0
3516,20,Female,CSE,9.11,50.32,75.73,70.04,0,No,1,46,60,Placed,7.52
3517,23,Female,ECE,7.07,85.53,83.22,66.3,1,No,0,50,40,Not Placed,0.0
3518,23,Female,ME,5.07,74.28,61.45,98.82,0,No,1,94,96,Not Placed,0.0
3519,23,Female,CE,8.66,97.5,56.95,94.04,3,Yes,0,47,69,Placed,14.39
3520,20,Female,CSE,7.98,85.7,60.08,93.65,1,No,5,82,86,Placed,12.12
3521,23,Male,CSE,6.72,55.16,67.7,69.94,3,No,1,53,73,Not Placed,0.0
3522,20,Female,CE,6.41,58.08,57.42,98.14,4,Yes,2,53,87,Not Placed,0.0
3523,23,Female,IT,5.37,75.09,57.84,84.2,3,Yes,2,75,78,Not Placed,0.0
3524,24,Female,CE,9.71,96.24,52.19,91.6,3,No,5,91,85,Placed,12.75
3525,23,Male,CSE,7.47,62.36,92.84,75.04,3,Yes,5,80,62,Placed,4.14
3526,21,Male,ME,5.43,91.28,60.99,58.03,1,Yes,2,79,73,Not Placed,0.0
3527,23,Female,IT,9.34,65.61,91.1,94.34,3,Yes,5,86,95,Placed,6.97
3528,22,Female,EEE,6.39,63.49,71.92,74.32,3,Yes,0,66,69,Not Placed,0.0
3529,23,Female,CE,6.02,95.07,81.62,98.43,2,Yes,0,59,95,Not Placed,0.0
3530,21,Male,EEE,6.4,52.36,53.79,62.74,1,No,3,77,96,Not Placed,0.0
3531,21,Male,IT,7.82,83.04,79.18,99.62,3,Yes,3,64,89,Placed,11.76
3532,20,Male,IT,5.37,52.16,64.5,61.12,0,Yes,1,87,72,Not Placed,0.0
3533,24,Female,IT,7.41,90.04,54.76,68.41,3,Yes,0,87,55,Not Placed,0.0
3534,23,Male,ECE,9.48,91.47,95.41,79.7,0,No,2,68,80,Placed,12.64
3535,20,Male,CE,5.94,94.67,80.18,84.67,4,No,2,53,69,Not Placed,0.0
3536,24,Female,ME,6.66,59.3,62.09,86.01,4,No,2,67,42,Not Placed,0.0
3537,23,Male,ME,6.98,56.22,70.98,73.81,1,No,1,69,97,Not Placed,0.0
3538,22,Female,EEE,7.93,75.18,67.85,53.84,1,No,0,54,84,Not Placed,0.0
3539,23,Male,EEE,9.6,63.58,85.03,74.8,4,Yes,5,93,100,Placed,3.72
3540,21,Female,EEE,6.97,80.31,80.37,66.73,1,Yes,1,98,41,Not Placed,0.0
3541,21,Female,CE,5.35,75.69,50.99,82.88,0,Yes,5,60,65,Placed,14.74
3542,22,Female,CSE,6.74,57.24,59.89,59.11,0,Yes,4,51,57,Placed,4.45
3543,20,Female,EEE,5.95,86.96,73.91,69.7,2,Yes,4,94,41,Not Placed,0.0
3544,24,Male,IT,8.26,90.19,72.27,98.31,1,No,3,89,79,Placed,3.85
3545,23,Male,EEE,5.15,98.15,75.83,54.44,1,Yes,5,95,42,Placed,11.03
3546,21,Male,IT,6.46,69.78,85.74,80.12,2,No,0,50,56,Not Placed,0.0
3547,20,Female,ECE,7.73,66.89,84.1,54.53,3,No,5,78,63,Not Placed,0.0
3548,22,Female,CSE,6.39,59.61,68.64,57.85,0,No,5,45,41,Not Placed,0.0
3549,21,Male,CSE,7.75,59.04,93.88,80.25,3,Yes,2,42,45,Not Placed,0.0
3550,22,Female,CE,5.57,66.05,53.15,72.2,2,No,0,80,79,Not Placed,0.0
3551,23,Male,CE,9.71,99.09,79.23,77.42,1,No,5,54,65,Placed,13.87
3552,24,Female,ME,6.45,54.61,97.48,93.99,3,No,5,73,96,Not Placed,0.0
3553,21,Female,ECE,9.62,62.97,77.45,90.86,1,No,5,43,88,Placed,4.28
3554,21,Male,CE,6.63,54.3,72.76,94.4,2,No,3,73,96,Not Placed,0.0
3555,23,Male,IT,8.91,63.68,56.7,80.81,4,Yes,2,77,95,Placed,10.35
3556,20,Male,ECE,6.23,54.62,90.51,74.48,1,Yes,1,83,45,Not Placed,0.0
3557,24,Female,CSE,8.35,75.42,68.69,72.96,3,Yes,2,78,51,Placed,10.26
3558,21,Male,IT,6.62,71.92,85.06,86.99,3,No,5,80,60,Not Placed,0.0
3559,24,Male,ECE,7.55,58.7,59.88,76.06,2,Yes,5,45,55,Placed,12.81
3560,21,Male,CSE,8.37,58.74,52.09,55.29,3,Yes,4,61,45,Not Placed,0.0
3561,24,Male,CE,7.94,81.31,65.27,57.1,0,No,1,76,73,Placed,13.58
3562,22,Male,IT,7.88,69.36,64.07,67.85,1,Yes,5,97,98,Placed,14.7
3563,21,Female,IT,5.33,52.81,93.67,53.39,0,No,2,71,42,Not Placed,0.0
3564,24,Male,CSE,6.25,96.01,93.23,61.96,2,No,1,98,80,Not Placed,0.0
3565,20,Female,IT,7.86,70.25,76.69,82.82,0,Yes,4,67,58,Placed,9.6
3566,22,Female,CE,5.09,79.55,50.95,50.62,0,Yes,4,65,68,Not Placed,0.0
3567,22,Male,CE,6.25,94.27,61.42,80.2,1,No,0,43,71,Not Placed,0.0
3568,20,Male,CE,6.15,70.11,81.95,88.62,1,No,5,49,49,Not Placed,0.0
3569,24,Female,CSE,6.25,91.03,55.07,58.51,4,No,4,66,94,Not Placed,0.0
3570,23,Female,EEE,7.68,95.74,85.03,59.05,0,Yes,4,59,66,Placed,6.95
3571,20,Male,EEE,7.91,58.7,50.6,51.44,1,Yes,4,75,68,Placed,6.79
3572,24,Male,IT,9.54,94.62,84.13,75.62,0,Yes,5,44,52,Placed,3.72
3573,20,Male,CE,6.93,55.99,92.23,82.73,0,No,3,56,59,Placed,14.48
3574,20,Female,IT,9.63,63.76,73.46,72.85,2,Yes,4,89,67,Placed,12.64
3575,21,Male,CSE,8.26,90.41,91.45,69.47,2,Yes,0,71,66,Placed,12.11
3576,24,Male,IT,9.56,95.03,89.08,72.72,0,No,1,74,52,Placed,3.26
3577,23,Female,ME,9.17,84.21,83.57,89.08,2,No,3,62,64,Placed,10.49
3578,21,Female,EEE,8.44,55.24,72.26,51.68,1,Yes,1,52,99,Placed,5.17
3579,20,Male,IT,6.78,76.15,63.6,89.19,0,No,1,100,68,Not Placed,0.0
3580,20,Male,IT,6.21,78.63,93.04,83.32,2,No,0,40,91,Not Placed,0.0
3581,20,Female,ECE,6.11,64.09,82.43,62.07,1,No,3,70,97,Not Placed,0.0
3582,24,Male,IT,9.76,99.56,89.9,76.24,0,No,5,58,54,Placed,6.07
3583,24,Male,ME,9.79,66.78,77.6,52.46,0,No,2,62,84,Placed,3.33
3584,21,Female,EEE,8.62,60.51,58.59,68.98,2,No,4,93,84,Placed,13.97
3585,23,Male,ECE,9.42,55.51,98.97,58.7,1,No,1,73,69,Placed,13.9
3586,21,Female,CSE,9.59,68.93,59.14,51.12,0,No,1,43,97,Placed,8.47
3587,22,Female,CSE,7.56,84.63,95.56,67.85,0,No,0,87,77,Placed,3.94
3588,20,Male,EEE,8.15,61.57,60.41,86.31,4,No,5,87,99,Placed,8.98
3589,20,Male,CSE,7.09,88.48,68.69,96.05,0,No,0,88,71,Not Placed,0.0
3590,20,Female,ME,7.09,56.77,72.0,83.11,4,Yes,0,99,89,Not Placed,0.0
3591,21,Female,IT,5.19,72.02,96.07,70.1,4,Yes,3,92,46,Not Placed,0.0
3592,21,Female,EEE,7.17,85.12,94.41,99.97,1,No,5,83,74,Placed,3.85
3593,20,Female,ECE,8.37,56.77,91.16,64.15,3,Yes,4,73,72,Placed,11.46
3594,21,Male,IT,7.11,79.89,68.83,59.36,4,Yes,3,69,51,Not Placed,0.0
3595,24,Female,CSE,9.36,89.95,50.22,73.18,1,No,0,95,62,Placed,4.07
3596,24,Male,CSE,6.66,79.78,84.08,75.25,2,Yes,0,49,44,Not Placed,0.0
3597,21,Male,ECE,5.66,75.57,70.55,67.74,4,No,5,45,82,Not Placed,0.0
3598,20,Male,ME,9.06,91.91,87.85,84.77,3,No,5,51,83,Placed,12.95
3599,21,Male,ECE,8.37,99.27,89.74,59.19,2,Yes,1,51,94,Placed,8.56
3600,21,Female,EEE,6.21,59.07,71.99,75.52,4,Yes,3,88,70,Not Placed,0.0
3601,21,Male,ECE,7.68,84.57,87.41,75.01,4,Yes,3,57,55,Not Placed,0.0
3602,22,Male,CSE,7.01,54.03,92.0,91.19,3,Yes,5,75,72,Placed,14.74
3603,24,Male,ME,9.69,52.14,96.42,96.35,0,Yes,4,74,92,Placed,13.99
3604,23,Female,ME,8.04,64.04,79.12,83.16,3,Yes,3,64,89,Placed,13.19
3605,23,Female,CE,5.79,98.55,88.92,65.27,1,No,5,88,40,Placed,7.6
3606,22,Male,ECE,7.51,77.61,74.73,84.48,1,No,4,94,61,Placed,4.74
3607,21,Male,EEE,9.31,63.41,52.08,62.57,3,No,2,80,67,Not Placed,0.0
3608,22,Male,CSE,8.36,56.63,57.76,98.33,3,No,5,96,44,Placed,8.28
3609,22,Female,IT,9.21,96.01,56.41,91.12,3,Yes,4,61,43,Placed,5.71
3610,20,Female,ME,6.25,68.12,58.59,71.56,3,Yes,0,69,40,Not Placed,0.0
3611,24,Male,ECE,9.44,65.33,50.51,89.22,3,Yes,2,83,54,Placed,8.23
3612,23,Female,CE,8.78,92.9,92.94,70.43,4,No,1,68,76,Not Placed,0.0
3613,21,Male,EEE,8.64,80.22,78.01,53.73,2,No,1,46,78,Not Placed,0.0
3614,23,Female,EEE,6.73,58.43,69.16,85.34,1,Yes,1,87,88,Not Placed,0.0
3615,23,Male,CSE,9.44,71.08,70.49,70.23,1,No,0,79,91,Placed,8.6
3616,24,Male,ME,8.19,96.41,73.17,96.52,2,No,5,42,77,Placed,6.86
3617,23,Male,CSE,9.26,95.06,53.69,65.33,3,No,1,60,84,Not Placed,0.0
3618,23,Male,CE,6.8,53.51,63.73,92.17,2,No,4,84,63,Not Placed,0.0
3619,22,Female,IT,5.73,63.43,92.58,84.02,3,Yes,5,59,62,Not Placed,0.0
3620,24,Male,IT,6.66,57.73,87.18,92.67,1,Yes,0,48,86,Not Placed,0.0
3621,20,Female,IT,7.28,76.69,78.17,64.59,0,No,3,80,46,Placed,6.95
3622,21,Female,EEE,7.67,87.5,74.04,73.07,1,No,0,75,95,Not Placed,0.0
3623,23,Male,ME,7.55,64.78,62.95,91.16,1,No,0,99,100,Not Placed,0.0
3624,21,Male,CSE,7.73,87.9,73.56,82.19,0,Yes,3,53,70,Placed,10.69
3625,20,Male,CSE,9.21,83.44,79.89,68.0,2,No,4,57,46,Placed,9.34
3626,21,Female,CE,5.85,86.41,85.63,75.6,4,No,2,72,52,Not Placed,0.0
3627,20,Male,IT,6.58,97.41,58.33,99.8,3,Yes,3,90,43,Not Placed,0.0
3628,22,Male,ME,9.44,71.23,90.66,87.09,3,Yes,0,41,98,Placed,5.78
3629,23,Male,ME,7.8,67.13,67.29,80.73,1,No,1,76,93,Not Placed,0.0
3630,20,Female,CE,7.92,84.19,75.16,91.4,0,Yes,3,70,99,Placed,6.75
3631,21,Male,ECE,7.39,90.38,80.4,72.1,1,Yes,3,61,57,Placed,13.3
3632,23,Male,ME,7.74,59.57,74.4,97.5,1,Yes,2,85,79,Placed,3.57
3633,22,Male,ME,5.99,92.34,78.6,77.6,2,No,0,48,58,Not Placed,0.0
3634,23,Male,CSE,7.73,52.89,55.58,66.34,3,No,1,59,55,Not Placed,0.0
3635,20,Female,CE,9.99,50.32,71.61,54.3,4,Yes,1,59,91,Placed,10.43
3636,22,Male,ME,7.83,57.92,64.02,68.78,0,No,2,86,57,Placed,12.47
3637,21,Female,ME,5.22,98.93,54.3,78.43,4,No,5,91,55,Not Placed,0.0
3638,22,Female,CSE,8.98,76.18,59.58,85.16,0,Yes,1,40,87,Placed,12.03
3639,22,Female,ME,6.98,52.33,80.12,93.76,3,No,4,69,70,Not Placed,0.0
3640,24,Female,CSE,5.77,99.86,59.83,97.2,2,No,3,58,64,Not Placed,0.0
3641,22,Male,ECE,9.31,87.25,59.05,55.12,4,No,3,75,41,Not Placed,0.0
3642,22,Male,EEE,5.99,91.9,77.64,80.05,0,No,1,53,85,Not Placed,0.0
3643,23,Female,CSE,9.6,60.65,95.24,83.33,1,No,1,40,100,Placed,11.02
3644,21,Male,CSE,7.21,55.27,89.43,58.6,3,Yes,1,44,93,Not Placed,0.0
3645,23,Female,ME,8.71,75.75,95.25,77.28,2,Yes,3,49,90,Placed,4.51
3646,23,Male,CSE,7.73,88.61,79.15,66.74,1,No,1,48,67,Not Placed,0.0
3647,20,Female,CE,6.28,81.89,70.5,53.87,2,No,4,88,55,Not Placed,0.0
3648,23,Female,IT,8.36,81.55,86.48,53.29,0,No,4,53,93,Placed,8.63
3649,24,Male,IT,9.79,87.85,63.07,87.96,1,Yes,3,99,75,Placed,7.78
3650,24,Male,ECE,8.85,61.35,53.9,80.77,2,Yes,5,78,84,Placed,5.52
3651,20,Female,CSE,8.02,83.08,67.23,85.76,3,No,0,57,79,Not Placed,0.0
3652,21,Female,CE,9.95,69.61,64.96,84.26,4,Yes,0,81,74,Placed,11.43
3653,21,Male,ME,6.33,53.49,83.78,56.72,4,Yes,0,99,63,Not Placed,0.0
3654,23,Female,ME,5.31,60.11,77.57,57.58,1,No,4,98,74,Not Placed,0.0
3655,23,Male,EEE,5.16,89.7,56.91,62.62,3,No,2,64,69,Not Placed,0.0
3656,23,Male,ECE,8.55,94.8,95.43,69.96,3,No,0,75,76,Not Placed,0.0
3657,21,Female,CE,9.15,64.14,79.67,96.96,2,Yes,2,70,50,Placed,4.38
3658,22,Female,CE,8.18,59.52,72.88,83.69,1,Yes,3,85,84,Placed,11.37
3659,24,Female,ME,9.53,51.34,96.86,62.76,3,No,4,74,73,Placed,9.78
3660,22,Female,EEE,8.49,97.38,54.87,52.8,2,No,5,99,77,Placed,14.6
3661,22,Male,ME,6.85,84.19,89.48,84.21,3,No,0,100,78,Not Placed,0.0
3662,21,Female,EEE,5.91,97.85,68.23,81.27,1,No,4,66,63,Not Placed,0.0
3663,22,Male,IT,9.62,93.19,84.77,83.79,3,No,3,94,68,Placed,4.62
3664,20,Male,CE,5.52,67.02,96.54,63.06,3,Yes,4,61,43,Not Placed,0.0
3665,23,Male,IT,7.71,55.63,75.89,75.85,3,Yes,1,50,80,Not Placed,0.0
3666,20,Male,ME,6.57,74.95,51.13,68.09,4,Yes,0,49,89,Not Placed,0.0
3667,24,Male,ECE,6.36,51.34,51.44,90.88,0,No,4,47,69,Not Placed,0.0
3668,23,Male,CSE,8.23,57.5,66.53,53.47,1,Yes,5,80,53,Placed,12.91
3669,22,Male,ECE,6.16,61.67,89.08,63.77,4,Yes,4,67,63,Not Placed,0.0
3670,24,Male,ECE,9.58,83.28,64.41,80.15,0,No,4,62,77,Placed,11.47
3671,23,Female,CSE,7.03,75.49,66.72,60.26,3,Yes,3,45,91,Not Placed,0.0
3672,22,Male,CE,8.39,65.12,89.22,83.64,3,Yes,0,53,73,Not Placed,0.0
3673,20,Male,IT,8.64,78.24,55.81,56.84,4,No,5,99,75,Placed,3.39
3674,23,Female,IT,8.41,56.26,92.34,51.14,2,No,0,63,54,Not Placed,0.0
3675,22,Female,CE,9.52,87.79,63.29,93.17,1,No,1,48,74,Placed,14.68
3676,20,Female,CSE,6.16,85.6,52.56,66.67,0,No,1,85,68,Not Placed,0.0
3677,24,Male,EEE,5.43,60.83,55.87,57.84,3,Yes,4,79,75,Not Placed,0.0
3678,24,Female,ECE,5.28,80.32,97.63,58.64,1,No,0,77,43,Not Placed,0.0
3679,24,Male,ME,9.39,75.17,72.57,94.29,3,No,0,95,54,Not Placed,0.0
3680,24,Male,IT,9.87,53.04,62.82,82.72,3,Yes,4,64,50,Placed,3.04
3681,21,Male,CE,6.51,63.91,76.06,97.82,3,No,2,77,94,Not Placed,0.0
3682,23,Female,ME,8.47,99.97,84.12,90.0,1,Yes,0,69,88,Placed,5.92
3683,23,Male,CSE,5.04,54.98,65.94,88.38,4,Yes,4,61,54,Not Placed,0.0
3684,21,Male,ME,5.94,75.32,86.26,74.99,1,No,4,41,96,Not Placed,0.0
3685,22,Male,ME,8.45,92.47,62.61,91.04,1,Yes,2,64,60,Placed,12.16
3686,22,Female,ECE,5.33,65.03,55.62,70.63,2,Yes,1,63,74,Not Placed,0.0
3687,24,Female,CSE,7.34,63.04,77.49,91.35,2,Yes,5,76,62,Placed,6.41
3688,20,Male,ME,8.31,94.54,57.56,87.89,4,Yes,4,97,94,Placed,9.49
3689,22,Female,IT,8.83,65.24,97.02,83.92,2,No,0,42,95,Placed,8.56
3690,20,Male,CSE,7.27,82.57,50.02,66.49,4,No,1,96,49,Not Placed,0.0
3691,23,Female,IT,8.15,87.02,87.78,81.54,3,No,1,82,43,Not Placed,0.0
3692,20,Male,CE,7.7,89.43,63.97,75.34,3,Yes,1,65,84,Not Placed,0.0
3693,23,Female,CE,5.26,99.74,92.3,73.08,1,No,4,69,64,Not Placed,0.0
3694,21,Male,EEE,8.71,90.16,53.01,99.51,3,Yes,0,68,41,Not Placed,0.0
3695,21,Female,CE,5.86,82.85,97.65,75.22,2,Yes,5,46,77,Placed,7.96
3696,24,Male,ME,5.16,94.77,55.07,51.6,0,Yes,2,100,58,Not Placed,0.0
3697,22,Male,CSE,7.26,95.29,89.39,81.32,1,Yes,3,48,63,Placed,13.57
3698,24,Male,CE,9.33,98.66,75.87,86.4,4,No,3,84,47,Placed,6.93
3699,23,Male,IT,5.75,88.82,71.52,94.26,3,No,1,69,45,Not Placed,0.0
3700,24,Male,ME,5.06,59.75,64.01,81.63,1,No,3,55,59,Not Placed,0.0
3701,20,Female,CE,5.55,85.49,92.07,50.97,1,No,3,94,53,Not Placed,0.0
3702,23,Male,ECE,6.82,53.76,59.99,55.99,1,Yes,4,83,79,Placed,9.3
3703,21,Female,IT,7.9,65.9,86.06,58.06,3,No,2,79,45,Not Placed,0.0
3704,22,Female,IT,5.97,55.79,72.29,60.56,4,No,3,53,51,Not Placed,0.0
3705,23,Female,EEE,9.01,97.5,99.92,89.99,1,No,5,65,80,Placed,4.54
3706,23,Female,ECE,8.77,66.94,80.57,65.49,1,Yes,5,85,46,Placed,13.66
3707,20,Female,EEE,8.48,85.66,55.21,65.62,1,No,2,76,96,Placed,8.62
3708,22,Male,CE,7.44,78.57,70.98,87.78,3,No,3,97,84,Not Placed,0.0
3709,21,Female,ECE,6.83,55.38,53.31,70.62,2,Yes,5,49,69,Not Placed,0.0
3710,23,Male,IT,6.88,78.07,64.28,53.23,4,No,1,69,55,Not Placed,0.0
3711,23,Female,EEE,7.52,83.05,67.17,79.26,1,Yes,1,61,47,Placed,13.59
3712,20,Female,ME,5.39,94.08,92.66,56.5,1,Yes,5,99,53,Placed,12.93
3713,24,Male,ECE,8.41,53.5,91.9,78.58,1,No,2,95,87,Placed,6.84
3714,21,Male,IT,6.76,64.78,50.58,88.98,3,Yes,2,69,59,Not Placed,0.0
3715,22,Male,CSE,6.12,84.62,76.61,96.47,2,No,2,71,67,Not Placed,0.0
3716,23,Female,ECE,6.39,51.72,61.18,53.35,1,Yes,2,53,45,Not Placed,0.0
3717,23,Female,ECE,5.9,60.18,66.0,65.2,1,Yes,0,62,69,Not Placed,0.0
3718,21,Male,CE,9.51,60.93,51.08,82.62,3,No,1,56,94,Not Placed,0.0
3719,24,Female,ME,5.85,83.47,87.49,65.77,4,Yes,3,97,43,Not Placed,0.0
3720,23,Female,CE,9.41,64.3,97.53,72.55,4,No,0,75,75,Not Placed,0.0
3721,21,Male,ECE,7.86,79.98,60.96,51.0,2,No,2,68,97,Not Placed,0.0
3722,20,Male,ECE,9.34,98.27,67.09,84.67,4,No,3,63,42,Placed,5.49
3723,24,Female,ME,7.37,89.66,60.32,94.16,1,No,1,86,49,Not Placed,0.0
3724,22,Female,ME,9.64,66.65,96.5,98.84,3,No,2,50,77,Placed,4.6
3725,23,Female,EEE,6.06,73.62,50.47,91.53,1,No,4,80,66,Not Placed,0.0
3726,21,Male,IT,7.77,60.03,79.19,51.59,1,No,2,54,57,Not Placed,0.0
3727,20,Male,IT,5.63,50.79,93.54,82.59,2,No,3,61,84,Not Placed,0.0
3728,22,Male,EEE,7.24,64.49,59.32,74.78,4,Yes,1,66,50,Not Placed,0.0
3729,21,Male,IT,7.85,68.47,79.5,96.89,4,Yes,2,91,75,Placed,13.53
3730,21,Male,ECE,8.03,78.22,52.53,95.11,4,No,1,73,79,Not Placed,0.0
3731,22,Female,EEE,6.83,97.2,90.73,99.4,1,No,0,99,74,Placed,10.07
3732,20,Male,EEE,5.38,97.39,63.72,93.1,3,No,4,96,83,Not Placed,0.0
3733,20,Female,IT,8.28,53.5,99.44,77.34,3,Yes,5,72,52,Placed,12.03
3734,24,Male,CSE,7.44,80.73,96.1,85.75,1,No,5,60,95,Placed,7.46
3735,23,Female,IT,5.68,52.12,86.63,98.23,0,No,0,63,94,Not Placed,0.0
3736,22,Male,CE,9.68,82.4,74.84,78.91,1,Yes,5,59,62,Placed,10.29
3737,22,Male,CSE,9.78,55.89,88.33,92.0,4,No,4,88,82,Placed,11.94
3738,22,Male,EEE,9.28,97.32,56.53,97.11,1,No,0,43,48,Placed,9.44
3739,20,Female,CSE,9.22,93.22,65.51,78.53,0,No,1,76,43,Placed,11.6
3740,23,Female,ECE,5.49,51.12,51.34,57.96,1,Yes,1,76,82,Not Placed,0.0
3741,24,Male,ME,9.97,89.11,82.25,57.78,4,No,0,99,79,Placed,12.55
3742,21,Male,CSE,7.0,81.79,90.28,55.77,2,Yes,3,85,89,Placed,10.02
3743,21,Female,CE,5.82,74.77,97.31,73.82,3,No,0,72,70,Not Placed,0.0
3744,22,Male,ME,9.06,80.13,84.33,74.01,0,Yes,2,70,42,Placed,13.69
3745,23,Male,ECE,6.13,83.91,86.6,80.87,2,No,3,73,75,Not Placed,0.0
3746,20,Female,CE,7.63,94.22,94.77,74.14,3,Yes,1,61,96,Placed,14.57
3747,23,Female,ME,5.64,88.37,96.82,98.65,2,No,0,81,56,Not Placed,0.0
3748,23,Male,ECE,7.37,78.77,74.56,64.57,1,No,3,69,55,Not Placed,0.0
3749,20,Male,ME,7.79,91.23,55.49,93.69,1,No,2,44,78,Placed,13.36
3750,22,Female,ME,7.23,99.35,73.32,55.02,3,Yes,4,80,41,Placed,3.63
3751,23,Male,IT,5.35,65.01,77.8,80.1,3,Yes,1,84,44,Not Placed,0.0
3752,21,Male,CE,7.42,55.92,81.58,82.42,1,Yes,3,62,72,Placed,6.25
3753,20,Female,CE,7.34,86.57,99.46,88.61,1,Yes,5,100,93,Placed,3.68
3754,24,Female,CSE,6.31,98.93,95.88,75.15,3,Yes,3,92,52,Not Placed,0.0
3755,22,Male,CE,9.61,55.84,69.82,59.86,3,No,5,52,51,Placed,10.04
3756,20,Female,CE,7.09,71.59,55.67,68.45,3,No,3,99,58,Not Placed,0.0
3757,24,Female,ME,9.32,53.11,60.74,63.61,4,Yes,0,99,100,Not Placed,0.0
3758,24,Male,EEE,5.55,88.83,58.69,70.96,4,Yes,1,48,61,Not Placed,0.0
3759,23,Female,IT,6.59,97.44,67.8,76.5,1,No,1,53,79,Not Placed,0.0
3760,23,Male,CSE,5.88,74.95,93.82,81.25,4,Yes,0,56,47,Not Placed,0.0
3761,23,Male,IT,7.04,70.48,71.9,92.26,0,No,0,74,83,Not Placed,0.0
3762,20,Female,CSE,5.56,95.39,78.36,95.5,1,Yes,5,57,43,Placed,6.37
3763,20,Male,ECE,7.21,56.67,58.96,73.13,0,Yes,5,51,46,Placed,3.93
3764,22,Male,ME,6.77,94.58,74.64,54.43,2,Yes,5,94,99,Placed,9.46
3765,23,Male,CE,6.12,69.61,93.68,89.85,0,Yes,0,80,87,Placed,7.39
3766,24,Male,CE,8.21,77.97,88.67,73.86,2,No,2,55,61,Not Placed,0.0
3767,21,Female,EEE,9.75,76.41,54.06,77.32,0,Yes,3,69,57,Placed,8.49
3768,22,Female,IT,6.04,80.8,93.1,79.79,2,No,2,52,45,Not Placed,0.0
3769,20,Female,IT,8.56,97.11,63.69,83.39,2,Yes,1,99,89,Placed,4.26
3770,22,Male,IT,8.71,97.56,83.29,94.51,1,No,0,57,100,Placed,9.28
3771,22,Male,CE,7.49,91.56,57.32,97.61,3,No,3,51,43,Not Placed,0.0
3772,22,Male,IT,9.49,59.58,83.73,97.01,3,No,5,93,92,Placed,5.55
3773,22,Male,ME,9.83,66.68,51.79,90.47,1,Yes,4,73,80,Placed,6.08
3774,21,Male,CSE,6.81,74.39,80.03,94.46,2,No,3,90,84,Placed,8.51
3775,23,Female,CE,8.26,95.27,82.3,52.48,3,No,4,72,90,Placed,8.93
3776,24,Female,ME,8.31,76.04,62.22,92.46,3,Yes,3,45,51,Placed,13.46
3777,22,Female,ECE,7.02,98.87,96.85,53.61,0,No,0,57,87,Not Placed,0.0
3778,22,Male,ME,6.58,99.19,52.3,87.31,4,No,4,42,76,Not Placed,0.0
3779,22,Female,ME,9.67,79.93,94.59,58.47,1,Yes,4,93,41,Placed,6.38
3780,23,Male,ECE,8.95,93.87,69.09,68.01,4,No,1,45,42,Not Placed,0.0
3781,20,Male,ME,5.57,99.96,85.7,59.21,2,Yes,3,75,84,Not Placed,0.0
3782,20,Female,CSE,5.6,92.49,82.58,72.17,0,Yes,2,88,60,Placed,12.58
3783,21,Female,CE,9.61,82.85,58.41,70.59,3,No,5,94,78,Placed,3.2
3784,20,Male,EEE,5.41,92.26,65.95,52.4,0,No,2,89,52,Not Placed,0.0
3785,22,Male,ECE,8.44,54.13,76.48,91.52,1,Yes,1,61,87,Placed,13.23
3786,22,Male,CE,6.13,81.74,92.33,92.71,2,No,1,46,93,Not Placed,0.0
3787,22,Female,IT,5.18,60.83,97.74,89.38,0,No,1,69,53,Not Placed,0.0
3788,21,Male,CSE,5.3,55.8,51.03,92.38,0,No,0,41,69,Not Placed,0.0
3789,22,Female,EEE,6.87,94.64,67.63,87.54,0,Yes,0,71,57,Placed,9.08
3790,20,Male,CSE,5.39,81.98,83.41,96.87,3,Yes,0,54,52,Not Placed,0.0
3791,23,Male,CSE,7.98,62.18,76.39,78.82,2,No,0,61,53,Not Placed,0.0
3792,23,Male,IT,8.24,69.34,97.15,79.13,3,No,1,88,80,Not Placed,0.0
3793,24,Male,EEE,6.87,98.66,50.85,93.0,0,No,1,77,79,Placed,14.06
3794,20,Male,CSE,8.71,93.11,71.89,67.47,3,No,0,47,96,Not Placed,0.0
3795,22,Female,IT,7.45,50.78,83.44,52.5,3,Yes,0,47,64,Not Placed,0.0
3796,23,Female,ECE,7.15,98.99,60.88,87.49,1,No,4,78,76,Placed,3.23
3797,20,Female,IT,7.03,68.43,86.29,62.73,4,Yes,3,75,66,Not Placed,0.0
3798,23,Female,ME,7.16,84.77,54.06,73.71,4,Yes,4,59,62,Not Placed,0.0
3799,22,Female,CE,9.84,85.63,72.55,62.02,1,Yes,3,76,46,Placed,7.53
3800,23,Female,IT,8.41,95.58,83.81,91.35,1,No,0,47,87,Placed,8.64
3801,24,Female,IT,6.58,94.25,63.34,97.91,3,Yes,0,53,49,Not Placed,0.0
3802,24,Male,IT,8.67,64.09,53.69,52.75,3,Yes,5,59,64,Placed,10.08
3803,23,Male,CSE,6.65,82.18,97.85,61.67,2,Yes,0,96,96,Not Placed,0.0
3804,20,Male,EEE,5.63,69.69,95.69,59.48,4,Yes,4,74,93,Not Placed,0.0
3805,20,Male,IT,7.38,76.28,96.32,83.66,3,No,1,64,74,Not Placed,0.0
3806,20,Male,IT,8.76,77.73,98.93,71.43,2,No,3,57,63,Placed,11.06
3807,23,Female,ME,6.89,69.82,59.23,72.81,4,Yes,5,93,88,Placed,9.31
3808,20,Male,ME,9.35,73.19,57.89,57.85,2,Yes,4,86,81,Placed,6.91
3809,22,Male,ECE,6.93,60.42,51.71,70.74,2,No,5,60,50,Not Placed,0.0
3810,24,Male,ECE,6.75,80.38,94.59,65.16,1,No,0,76,59,Not Placed,0.0
3811,22,Male,ME,9.99,87.95,87.64,80.56,0,No,1,86,49,Placed,7.5
3812,20,Male,EEE,7.41,71.49,81.66,60.86,0,Yes,4,98,89,Placed,10.7
3813,22,Male,ECE,9.03,98.88,96.38,80.74,0,No,3,70,60,Placed,14.04
3814,20,Male,CE,9.02,52.86,78.75,68.89,2,No,5,45,67,Placed,9.1
3815,23,Male,CE,9.63,79.46,56.49,67.31,3,No,5,81,67,Placed,11.67
3816,22,Female,EEE,5.42,79.18,58.84,65.28,0,Yes,5,94,94,Placed,8.48
3817,23,Female,ME,6.36,51.81,56.61,83.69,3,Yes,0,91,66,Not Placed,0.0
3818,23,Male,ECE,8.84,61.23,65.38,78.12,4,No,3,86,72,Not Placed,0.0
3819,21,Male,IT,7.81,95.28,68.97,92.59,0,Yes,5,59,43,Placed,4.64
3820,20,Male,ME,7.8,77.23,89.84,62.08,2,Yes,0,67,74,Not Placed,0.0
3821,24,Female,ECE,5.83,71.82,59.56,52.01,1,No,0,80,59,Not Placed,0.0
3822,20,Male,EEE,6.41,70.77,86.27,59.1,2,No,2,75,45,Not Placed,0.0
3823,24,Male,CE,7.61,94.41,74.56,67.17,3,No,3,79,97,Placed,13.39
3824,20,Female,EEE,6.39,68.35,99.98,58.98,4,No,1,65,45,Not Placed,0.0
3825,23,Male,ECE,6.05,92.96,88.83,54.18,2,No,0,52,99,Not Placed,0.0
3826,22,Male,EEE,5.44,65.46,98.45,72.27,1,No,1,88,56,Not Placed,0.0
3827,22,Male,ECE,5.78,76.58,67.12,83.85,1,No,4,43,58,Not Placed,0.0
3828,21,Female,ECE,8.84,57.19,56.15,87.58,4,No,0,73,88,Not Placed,0.0
3829,24,Female,EEE,8.59,91.25,75.29,69.94,0,No,5,98,100,Placed,10.3
3830,24,Female,CSE,5.23,86.8,56.21,73.9,2,Yes,0,97,56,Not Placed,0.0
3831,24,Male,IT,6.02,76.5,74.62,87.77,2,No,5,76,88,Placed,7.12
3832,23,Male,ME,7.8,51.3,63.5,67.64,1,Yes,0,73,42,Not Placed,0.0
3833,24,Female,CE,6.61,74.06,74.55,89.24,3,No,5,55,85,Not Placed,0.0
3834,22,Female,IT,9.12,61.26,97.48,98.37,2,Yes,1,62,73,Placed,11.62
3835,23,Male,ME,8.92,70.67,64.45,94.02,1,No,2,97,99,Placed,14.3
3836,20,Female,ME,9.46,92.82,99.67,72.68,3,Yes,3,62,43,Placed,12.36
3837,24,Male,CE,7.81,88.48,61.47,78.98,0,No,0,54,62,Not Placed,0.0
3838,24,Male,IT,6.76,62.1,60.41,85.82,0,Yes,3,64,98,Placed,12.11
3839,20,Female,CE,8.03,99.25,77.24,67.47,1,Yes,5,68,98,Placed,8.4
3840,24,Male,ECE,5.45,95.16,92.1,89.96,1,No,3,75,57,Not Placed,0.0
3841,20,Female,CE,5.05,76.43,87.48,71.85,0,Yes,5,54,73,Placed,13.64
3842,23,Male,EEE,5.09,76.51,86.18,92.34,1,Yes,3,76,68,Not Placed,0.0
3843,22,Male,CSE,7.04,95.06,64.13,62.74,4,No,5,74,99,Not Placed,0.0
3844,20,Female,CSE,6.14,81.81,51.13,50.57,2,No,1,85,83,Not Placed,0.0
3845,21,Female,CSE,5.79,76.83,58.09,81.63,4,Yes,5,78,54,Not Placed,0.0
3846,20,Male,IT,8.08,87.46,67.47,72.59,3,Yes,3,86,84,Placed,11.23
3847,24,Male,IT,9.98,61.75,98.58,52.99,1,No,4,76,50,Placed,12.0
3848,23,Female,ECE,5.89,93.92,95.99,74.38,1,Yes,5,80,78,Placed,7.15
3849,23,Male,CSE,7.73,76.57,60.03,58.43,3,Yes,1,67,99,Not Placed,0.0
3850,20,Female,ECE,5.6,80.17,86.28,81.49,2,No,1,84,48,Not Placed,0.0
3851,22,Female,CSE,9.67,54.5,78.95,72.25,0,Yes,4,69,98,Placed,3.88
3852,21,Male,IT,6.46,65.48,52.49,58.56,4,No,2,46,86,Not Placed,0.0
3853,23,Male,EEE,9.39,71.34,68.59,70.6,2,No,2,43,74,Placed,9.32
3854,24,Male,EEE,6.42,70.7,74.3,61.64,0,No,5,46,49,Not Placed,0.0
3855,24,Female,EEE,9.03,88.91,83.38,82.65,0,No,0,72,79,Placed,11.69
3856,22,Male,CE,6.05,64.12,64.75,64.76,1,No,2,86,77,Not Placed,0.0
3857,23,Male,EEE,6.46,59.11,96.69,91.1,3,No,0,86,68,Not Placed,0.0
3858,20,Male,ME,5.96,79.13,72.59,50.71,1,No,3,57,85,Not Placed,0.0
3859,24,Female,CSE,6.32,80.75,62.43,70.17,3,Yes,0,54,45,Not Placed,0.0
3860,22,Male,EEE,9.17,56.08,65.82,80.85,1,Yes,2,74,58,Placed,11.58
3861,23,Male,ME,8.2,50.12,87.59,51.13,4,No,0,76,65,Not Placed,0.0
3862,23,Female,ME,7.03,95.88,82.01,60.79,1,Yes,1,99,48,Placed,5.66
3863,23,Female,ME,9.86,53.98,87.11,66.37,4,Yes,2,44,80,Placed,12.91
3864,23,Female,ECE,7.32,94.89,64.62,51.09,2,No,0,87,91,Not Placed,0.0
3865,23,Male,ECE,9.85,69.96,66.34,77.33,2,No,2,62,87,Placed,9.9
3866,24,Male,ME,5.98,82.65,69.84,81.54,1,Yes,4,96,84,Placed,9.62
3867,22,Female,CE,9.52,59.28,59.43,61.38,2,Yes,2,49,52,Placed,10.02
3868,23,Male,EEE,5.07,91.2,84.55,77.17,0,Yes,4,64,65,Placed,3.83
3869,21,Female,CSE,7.73,59.01,66.47,99.96,4,No,0,61,83,Not Placed,0.0
3870,21,Female,CE,7.12,69.33,66.31,94.35,3,No,4,70,93,Not Placed,0.0
3871,22,Male,IT,7.63,61.9,63.47,52.93,4,Yes,2,62,92,Not Placed,0.0
3872,20,Female,ECE,7.77,91.88,72.64,56.39,1,No,1,67,59,Not Placed,0.0
3873,20,Female,EEE,6.95,92.92,88.6,74.72,2,Yes,4,84,41,Placed,7.67
3874,20,Male,EEE,9.99,68.6,91.78,62.26,2,No,2,54,43,Placed,12.39
3875,21,Male,IT,9.88,65.37,90.23,54.05,0,Yes,1,79,46,Placed,6.45
3876,20,Male,IT,9.81,88.68,81.06,62.73,2,No,3,91,58,Placed,13.28
3877,24,Male,EEE,9.9,93.93,64.02,53.06,1,Yes,5,46,74,Placed,8.03
3878,23,Male,IT,8.97,81.2,86.74,76.5,1,Yes,4,85,50,Placed,7.26
3879,21,Female,EEE,9.94,96.37,51.97,74.51,3,Yes,4,77,58,Placed,11.37
3880,22,Female,CE,9.46,69.15,89.91,50.32,4,Yes,0,79,71,Not Placed,0.0
3881,22,Male,IT,7.08,57.59,89.01,74.13,4,No,3,54,96,Not Placed,0.0
3882,23,Male,CE,8.92,58.98,83.5,75.99,4,No,0,88,53,Not Placed,0.0
3883,21,Female,CE,9.56,83.49,54.9,80.29,3,No,0,44,88,Not Placed,0.0
3884,20,Male,IT,8.56,70.38,99.87,98.5,3,Yes,2,51,44,Placed,12.27
3885,20,Female,EEE,7.11,57.82,87.82,99.13,3,Yes,0,52,64,Not Placed,0.0
3886,24,Male,ME,5.33,64.61,86.74,76.35,0,Yes,4,42,53,Not Placed,0.0
3887,24,Male,EEE,9.05,76.53,53.2,92.26,3,Yes,0,96,78,Placed,9.83
3888,20,Male,CSE,9.76,56.07,69.94,54.26,2,Yes,1,96,51,Placed,3.41
3889,22,Female,IT,6.81,50.17,54.31,76.56,0,No,4,58,99,Placed,6.49
3890,22,Male,ECE,5.76,95.86,68.05,83.95,2,Yes,5,65,88,Placed,8.39
3891,24,Female,IT,6.63,65.24,78.52,78.24,4,No,2,69,59,Not Placed,0.0
3892,23,Male,CSE,7.91,61.07,93.94,61.54,1,No,0,67,93,Not Placed,0.0
3893,20,Male,CE,6.58,84.92,64.15,53.13,4,Yes,1,54,92,Not Placed,0.0
3894,24,Male,ECE,8.05,92.67,81.17,69.33,3,No,5,57,57,Placed,5.43
3895,24,Female,ECE,9.83,81.61,58.23,82.38,1,Yes,1,92,40,Placed,12.11
3896,20,Female,EEE,8.35,62.72,67.7,99.59,4,Yes,4,91,82,Placed,10.51
3897,20,Male,ME,6.81,93.08,97.36,61.83,0,Yes,0,46,43,Not Placed,0.0
3898,22,Male,EEE,9.68,75.52,87.38,95.89,3,No,1,99,51,Placed,11.69
3899,23,Male,ECE,7.83,69.06,77.29,53.41,4,Yes,0,53,65,Not Placed,0.0
3900,23,Male,ECE,5.64,80.24,62.58,96.55,1,No,4,63,71,Not Placed,0.0
3901,20,Male,ME,7.49,85.03,68.99,91.62,2,Yes,3,91,76,Placed,3.74
3902,21,Female,IT,8.27,79.69,57.83,51.05,4,Yes,1,90,54,Not Placed,0.0
3903,24,Female,ME,9.19,96.01,67.67,64.91,0,Yes,2,96,91,Placed,4.17
3904,24,Male,CE,9.68,81.4,57.53,52.55,1,No,0,63,74,Placed,8.03
3905,20,Male,EEE,6.59,93.93,89.77,99.78,4,No,5,50,65,Not Placed,0.0
3906,21,Female,IT,5.78,79.35,54.04,71.39,2,No,4,98,54,Not Placed,0.0
3907,22,Female,EEE,5.37,66.48,59.47,83.11,3,Yes,4,78,47,Not Placed,0.0
3908,20,Male,ME,8.69,76.61,84.56,61.71,3,Yes,5,82,67,Placed,12.55
3909,20,Male,IT,8.98,54.32,95.13,96.69,3,No,2,79,69,Placed,5.83
3910,24,Male,ME,7.05,61.51,98.23,63.71,1,Yes,3,95,93,Placed,11.62
3911,20,Male,CE,6.98,88.31,91.8,63.01,2,Yes,0,49,82,Not Placed,0.0
3912,20,Male,CSE,9.77,83.07,60.57,65.73,2,Yes,3,95,83,Placed,5.12
3913,20,Male,ECE,9.58,58.33,64.29,73.12,4,No,4,82,42,Placed,7.45
3914,24,Female,IT,6.17,71.9,93.54,50.93,3,No,1,72,45,Not Placed,0.0
3915,22,Male,ECE,8.9,57.1,94.47,79.89,1,Yes,3,59,70,Placed,11.86
3916,22,Male,CSE,8.11,92.79,82.03,51.58,3,No,1,81,65,Not Placed,0.0
3917,20,Male,IT,5.77,55.46,65.68,76.96,3,No,2,78,47,Not Placed,0.0
3918,24,Female,ECE,6.78,82.71,61.2,72.89,4,Yes,4,61,78,Not Placed,0.0
3919,22,Female,ECE,5.89,80.35,92.61,62.13,4,Yes,1,74,68,Not Placed,0.0
3920,22,Male,IT,6.48,73.64,60.26,66.49,4,No,0,90,56,Not Placed,0.0
3921,22,Male,ECE,8.08,63.91,83.09,85.28,0,No,4,67,55,Placed,11.79
3922,24,Female,ECE,6.88,70.2,98.4,50.48,0,Yes,2,75,93,Placed,3.37
3923,24,Male,IT,6.97,90.32,85.26,65.83,1,No,0,69,88,Not Placed,0.0
3924,20,Male,ECE,7.7,88.08,62.88,84.01,1,No,4,97,84,Placed,10.56
3925,23,Male,ECE,5.44,86.94,64.13,57.61,4,No,3,45,43,Not Placed,0.0
3926,22,Male,EEE,8.69,87.49,54.64,78.02,2,Yes,5,40,49,Placed,7.92
3927,23,Male,CE,7.01,57.19,84.31,58.45,1,Yes,4,97,55,Placed,13.79
3928,24,Female,EEE,7.4,54.95,75.92,57.74,0,No,0,43,58,Not Placed,0.0
3929,24,Female,CSE,9.87,93.07,60.32,88.61,0,No,1,64,78,Placed,12.39
3930,24,Male,EEE,6.72,91.86,61.38,63.33,3,Yes,1,78,89,Not Placed,0.0
3931,23,Female,EEE,8.24,84.07,50.45,68.79,4,No,4,50,52,Not Placed,0.0
3932,24,Male,CSE,6.96,80.3,98.92,86.5,2,No,4,77,99,Placed,5.19
3933,20,Male,ECE,9.47,68.34,91.4,58.98,4,No,2,98,43,Not Placed,0.0
3934,24,Female,ECE,9.23,61.2,69.71,76.59,0,Yes,3,76,71,Placed,12.28
3935,21,Female,EEE,6.21,83.38,97.3,95.89,2,No,2,51,92,Not Placed,0.0
3936,23,Male,CSE,8.46,95.65,83.86,77.69,1,No,5,68,57,Placed,13.33
3937,21,Male,ECE,5.33,71.85,87.57,52.44,3,Yes,2,73,55,Not Placed,0.0
3938,24,Female,ME,9.82,65.16,84.0,79.48,0,Yes,1,57,64,Placed,4.51
3939,20,Female,IT,6.74,63.54,87.84,54.51,3,Yes,1,93,89,Not Placed,0.0
3940,22,Female,IT,9.16,51.19,58.55,64.11,4,No,0,48,55,Not Placed,0.0
3941,24,Male,CE,6.59,76.02,78.12,92.48,2,Yes,5,85,61,Placed,8.52
3942,20,Male,IT,8.16,99.41,92.47,50.55,4,No,5,51,99,Placed,8.16
3943,23,Male,EEE,9.92,90.76,50.98,53.85,3,No,2,48,63,Placed,9.63
3944,21,Male,IT,9.38,94.87,56.17,68.17,0,No,0,40,67,Placed,10.16
3945,21,Female,IT,5.8,81.06,62.28,99.97,3,No,4,46,62,Not Placed,0.0
3946,21,Male,ME,7.74,74.07,64.74,64.59,0,No,0,78,93,Not Placed,0.0
3947,23,Male,ECE,6.74,99.52,59.14,57.86,3,Yes,1,81,95,Not Placed,0.0
3948,20,Female,ME,7.17,72.36,81.22,77.47,4,No,2,73,60,Not Placed,0.0
3949,23,Male,EEE,6.68,95.84,64.7,75.96,3,Yes,1,71,97,Not Placed,0.0
3950,21,Male,IT,6.68,88.09,57.9,72.48,1,Yes,4,67,48,Placed,6.4
3951,24,Female,ECE,7.71,66.55,95.29,97.33,4,Yes,3,65,41,Not Placed,0.0
3952,22,Female,CE,5.96,75.15,84.75,64.01,3,No,5,75,77,Not Placed,0.0
3953,23,Female,CE,7.69,69.22,62.3,64.67,3,Yes,2,100,67,Not Placed,0.0
3954,23,Male,IT,6.39,56.81,68.05,57.01,2,No,1,79,65,Not Placed,0.0
3955,20,Female,IT,6.44,67.84,87.04,84.86,4,No,3,93,99,Not Placed,0.0
3956,20,Female,CE,8.69,94.45,89.55,66.07,2,Yes,4,98,99,Placed,4.09
3957,23,Male,CE,5.15,87.63,58.82,90.14,4,No,3,53,66,Not Placed,0.0
3958,21,Male,EEE,6.9,63.88,96.83,98.59,0,No,1,84,94,Placed,5.69
3959,22,Female,IT,7.04,68.4,89.26,52.18,4,Yes,1,70,64,Not Placed,0.0
3960,20,Male,CE,7.43,80.82,92.84,99.66,4,No,4,55,60,Not Placed,0.0
3961,21,Female,CSE,8.35,70.81,57.19,62.71,3,No,4,78,77,Placed,11.4
3962,24,Male,CE,6.85,75.15,57.17,71.01,1,Yes,3,81,64,Placed,5.03
3963,20,Male,ECE,6.07,84.91,65.27,88.89,4,Yes,3,50,97,Not Placed,0.0
3964,21,Male,ECE,9.42,73.36,53.23,83.27,2,No,5,50,77,Placed,5.59
3965,21,Female,CSE,9.91,59.55,54.55,88.92,1,No,5,77,85,Placed,5.83
3966,22,Male,EEE,5.1,76.03,57.16,73.32,4,Yes,1,96,50,Not Placed,0.0
3967,22,Male,IT,7.73,67.81,85.62,95.8,1,Yes,4,98,67,Placed,11.73
3968,24,Female,IT,6.71,64.54,51.51,89.5,0,No,0,51,88,Not Placed,0.0
3969,21,Female,CE,6.38,66.41,54.16,65.46,1,Yes,4,81,75,Placed,3.7
3970,21,Female,ECE,6.68,71.95,97.21,97.42,0,No,2,97,43,Placed,3.3
3971,22,Male,EEE,8.19,94.33,54.18,98.05,1,No,2,48,58,Placed,9.39
3972,20,Male,EEE,5.95,86.7,76.87,70.75,1,No,4,61,63,Not Placed,0.0
3973,20,Female,EEE,9.56,83.39,82.13,82.6,2,Yes,3,77,61,Placed,12.87
3974,23,Female,CE,7.33,73.56,97.93,90.74,2,No,2,48,94,Not Placed,0.0
3975,22,Male,IT,6.63,50.09,94.99,90.87,3,Yes,5,97,87,Placed,11.12
3976,23,Male,EEE,8.83,67.03,72.03,50.71,1,Yes,1,96,64,Placed,11.8
3977,22,Female,CE,5.08,90.66,97.11,81.45,0,No,1,42,47,Not Placed,0.0
3978,24,Male,CE,7.16,69.41,71.61,98.68,1,No,1,78,90,Not Placed,0.0
3979,21,Female,CSE,6.78,78.19,83.5,61.57,4,No,5,74,59,Not Placed,0.0
3980,24,Male,ME,6.69,60.24,62.98,89.78,0,No,4,91,40,Placed,10.77
3981,22,Male,EEE,6.69,95.79,81.83,76.71,4,Yes,2,69,43,Not Placed,0.0
3982,21,Female,ME,5.16,96.16,76.91,61.07,3,Yes,3,96,51,Not Placed,0.0
3983,20,Male,IT,5.76,57.3,80.34,52.55,4,No,5,65,64,Not Placed,0.0
3984,20,Male,CE,5.71,86.21,84.13,88.0,3,Yes,5,47,60,Not Placed,0.0
3985,23,Male,EEE,9.94,53.76,58.67,65.82,3,No,1,93,58,Not Placed,0.0
3986,22,Male,ECE,5.11,79.93,65.06,68.78,3,No,5,71,73,Not Placed,0.0
3987,22,Female,IT,5.84,58.93,86.81,74.26,4,No,5,61,45,Not Placed,0.0
3988,20,Female,CSE,9.87,57.29,58.19,75.36,3,No,3,47,91,Placed,8.03
3989,24,Female,CSE,8.14,50.21,67.21,60.31,3,Yes,5,84,93,Placed,7.69
3990,21,Male,ME,7.25,97.04,83.32,83.53,2,Yes,1,41,74,Placed,9.65
3991,24,Male,CE,5.39,91.46,96.88,84.63,1,Yes,5,53,42,Placed,4.12
3992,24,Male,ME,8.35,53.87,53.77,57.12,3,Yes,4,44,72,Not Placed,0.0
3993,20,Female,ECE,5.69,79.97,75.83,76.65,0,Yes,1,52,48,Not Placed,0.0
3994,20,Female,ECE,8.36,61.64,54.1,80.46,0,Yes,4,62,46,Placed,6.09
3995,20,Female,CSE,9.9,63.2,68.96,59.31,2,No,2,99,80,Placed,9.03
3996,23,Male,EEE,7.66,93.71,58.77,94.72,4,Yes,2,52,66,Not Placed,0.0
3997,24,Male,CSE,6.07,55.72,82.47,74.14,4,No,3,58,40,Not Placed,0.0
3998,22,Male,CSE,8.13,80.07,87.89,55.75,4,Yes,5,63,79,Placed,3.43
3999,21,Male,ECE,7.56,70.06,62.37,66.72,3,Yes,1,74,57,Not Placed,0.0
4000,23,Male,ME,7.67,59.54,85.64,73.85,4,Yes,2,53,74,Not Placed,0.0
4001,22,Female,ECE,7.39,72.6,72.34,50.51,4,Yes,5,43,56,Not Placed,0.0
4002,24,Male,CE,8.37,97.02,64.18,51.6,1,No,0,65,78,Not Placed,0.0
4003,20,Male,ECE,7.86,89.08,76.17,52.78,3,No,0,49,99,Not Placed,0.0
4004,24,Male,ECE,9.93,56.61,68.98,76.91,3,No,3,77,50,Placed,10.23
4005,21,Female,CSE,9.13,92.47,61.5,66.8,0,No,5,77,76,Placed,12.48
4006,23,Female,EEE,6.32,96.87,87.84,94.66,0,No,2,73,84,Placed,14.81
4007,23,Female,CSE,8.63,63.85,89.88,77.96,1,No,4,73,50,Placed,13.9
4008,21,Female,IT,6.07,66.67,90.02,87.99,2,No,5,58,42,Not Placed,0.0
4009,22,Male,ECE,8.91,56.32,69.11,84.36,3,Yes,0,42,52,Not Placed,0.0
4010,22,Female,ECE,5.74,67.25,58.48,76.02,0,No,5,91,91,Placed,4.84
4011,23,Male,IT,7.37,83.66,92.02,87.24,4,No,2,75,99,Not Placed,0.0
4012,23,Male,ECE,8.95,63.61,66.46,77.24,3,No,4,43,67,Placed,9.4
4013,20,Female,ECE,6.4,50.34,87.4,69.27,3,No,1,97,97,Not Placed,0.0
4014,22,Female,CE,9.19,66.93,90.87,71.79,3,Yes,5,65,77,Placed,11.52
4015,21,Male,ECE,8.22,72.66,88.41,91.93,0,No,2,50,93,Placed,6.66
4016,22,Male,IT,6.99,78.32,69.49,78.16,1,No,1,42,86,Not Placed,0.0
4017,20,Male,CSE,7.12,84.19,96.9,68.86,0,No,0,88,73,Not Placed,0.0
4018,23,Male,ECE,9.63,53.09,83.01,58.99,4,No,1,48,94,Not Placed,0.0
4019,23,Male,EEE,6.09,73.49,78.79,74.77,4,Yes,0,85,67,Not Placed,0.0
4020,20,Male,IT,8.47,63.32,84.9,62.62,2,Yes,3,41,100,Placed,3.59
4021,21,Male,ME,8.54,97.4,52.24,97.78,0,No,3,53,41,Placed,6.0
4022,23,Female,CE,9.61,67.99,69.53,74.55,0,Yes,0,42,96,Placed,11.67
4023,24,Male,IT,8.57,55.01,94.06,50.45,2,No,4,41,85,Placed,9.61
4024,23,Male,CSE,7.92,52.07,58.05,54.64,2,No,3,61,41,Not Placed,0.0
4025,24,Male,IT,9.51,63.27,70.72,64.22,3,Yes,4,93,76,Placed,7.92
4026,20,Female,ME,9.15,58.94,70.26,54.61,3,Yes,4,68,55,Placed,12.03
4027,20,Male,CE,8.58,82.49,67.8,94.7,4,No,4,72,47,Placed,14.46
4028,23,Male,EEE,5.16,92.35,78.12,92.72,1,Yes,2,75,79,Not Placed,0.0
4029,22,Male,ME,6.87,65.63,99.81,98.54,4,Yes,5,49,100,Placed,3.02
4030,24,Female,IT,8.16,78.89,62.79,85.32,0,No,2,86,50,Placed,5.62
4031,21,Female,ME,7.61,86.52,85.25,82.27,1,No,5,92,84,Placed,5.49
4032,23,Female,IT,6.6,69.92,87.9,96.17,3,No,5,83,54,Not Placed,0.0
4033,21,Female,EEE,5.72,53.32,79.22,97.32,2,No,4,77,43,Not Placed,0.0
4034,23,Female,EEE,7.76,61.46,54.87,93.87,2,No,0,60,62,Not Placed,0.0
4035,22,Female,CSE,6.43,94.15,78.62,93.07,4,No,5,70,47,Not Placed,0.0
4036,22,Male,EEE,6.17,91.22,97.67,83.59,0,No,3,74,55,Placed,12.33
4037,22,Male,ECE,6.99,54.33,67.1,50.08,0,No,1,42,55,Not Placed,0.0
4038,22,Female,ME,8.93,61.2,81.98,71.48,2,Yes,2,58,63,Placed,10.01
4039,20,Male,ME,7.44,88.46,97.97,81.78,4,Yes,2,61,92,Placed,9.5
4040,20,Male,IT,6.08,74.29,89.9,77.36,4,No,1,59,49,Not Placed,0.0
4041,24,Female,EEE,5.58,88.0,84.42,91.06,3,Yes,4,75,73,Not Placed,0.0
4042,21,Male,CSE,7.49,60.55,98.56,90.95,3,Yes,5,58,57,Placed,5.4
4043,23,Female,CSE,8.97,97.63,58.53,79.93,3,No,1,85,92,Placed,11.2
4044,23,Female,CSE,8.26,89.18,88.64,51.1,1,Yes,4,43,55,Placed,4.28
4045,20,Male,CE,6.16,59.87,70.34,68.47,4,Yes,2,71,75,Not Placed,0.0
4046,23,Female,ECE,7.18,77.92,68.02,61.44,4,Yes,1,47,91,Not Placed,0.0
4047,20,Male,EEE,9.28,55.65,76.03,66.94,3,No,5,90,90,Placed,3.15
4048,24,Male,CSE,5.89,68.07,51.69,80.86,2,No,0,65,96,Not Placed,0.0
4049,21,Male,ECE,7.66,82.98,65.63,53.32,3,No,3,90,47,Not Placed,0.0
4050,24,Female,ME,6.78,66.51,58.31,51.11,1,No,3,93,59,Not Placed,0.0
4051,22,Female,IT,5.62,82.84,56.93,71.84,2,No,3,40,62,Not Placed,0.0
4052,22,Male,EEE,5.25,62.24,66.87,89.68,4,No,1,65,79,Not Placed,0.0
4053,22,Female,EEE,7.78,86.06,90.11,51.53,1,Yes,5,93,53,Placed,6.05
4054,24,Male,CE,5.1,67.98,60.06,92.45,1,No,4,86,55,Not Placed,0.0
4055,23,Female,ME,5.52,89.52,76.57,69.19,2,Yes,5,82,77,Placed,7.98
4056,21,Male,EEE,6.74,56.83,87.43,55.91,3,Yes,5,48,57,Not Placed,0.0
4057,22,Female,CE,5.22,68.1,62.05,78.37,3,No,2,74,79,Not Placed,0.0
4058,22,Male,CE,7.0,73.2,96.21,97.62,0,Yes,3,57,90,Placed,9.77
4059,22,Male,CE,5.65,71.19,93.32,77.13,2,No,1,58,69,Not Placed,0.0
4060,21,Male,EEE,6.75,71.65,62.56,84.33,3,Yes,3,87,75,Not Placed,0.0
4061,22,Female,EEE,8.96,72.24,99.48,90.82,1,Yes,5,55,75,Placed,4.21
4062,21,Male,EEE,8.13,99.44,83.46,89.97,3,Yes,4,67,78,Placed,4.77
4063,22,Female,ECE,7.23,59.66,64.31,53.66,3,No,0,42,79,Not Placed,0.0
4064,24,Male,CE,5.46,88.43,84.05,87.05,1,No,0,57,80,Not Placed,0.0
4065,24,Male,ECE,8.1,77.59,83.31,97.47,2,No,5,52,40,Placed,11.44
4066,21,Male,IT,5.82,70.68,80.31,85.03,0,No,2,66,56,Not Placed,0.0
4067,24,Female,EEE,5.38,81.68,85.58,91.82,3,No,0,91,67,Not Placed,0.0
4068,21,Male,ME,8.32,92.68,63.42,74.28,3,Yes,0,79,46,Not Placed,0.0
4069,24,Female,CSE,9.56,73.33,98.95,65.95,3,No,1,78,59,Placed,13.82
4070,24,Female,IT,7.3,93.24,92.89,83.81,2,No,1,97,81,Placed,9.14
4071,21,Female,CSE,5.2,54.69,87.29,74.61,1,No,2,96,63,Not Placed,0.0
4072,23,Male,CSE,9.4,82.65,51.32,94.76,1,Yes,5,63,92,Placed,7.83
4073,24,Female,EEE,5.33,66.66,79.52,98.72,1,No,2,68,40,Not Placed,0.0
4074,22,Female,ME,9.34,69.34,85.32,90.99,1,Yes,5,94,57,Placed,5.03
4075,23,Male,CSE,6.96,78.55,92.7,99.63,1,No,1,61,65,Not Placed,0.0
4076,21,Female,CE,6.83,74.0,97.31,67.42,1,No,0,90,53,Not Placed,0.0
4077,23,Male,CSE,7.71,69.09,95.79,94.79,3,Yes,5,65,58,Placed,4.08
4078,20,Male,IT,9.79,65.42,70.3,66.5,3,Yes,4,59,57,Placed,5.2
4079,20,Male,ME,9.49,80.92,94.83,55.9,1,No,0,63,96,Placed,8.55
4080,24,Male,ME,7.35,75.28,50.04,81.07,1,No,0,51,84,Not Placed,0.0
4081,24,Male,CSE,8.48,66.17,67.57,72.75,2,No,4,57,46,Placed,10.65
4082,22,Male,ME,7.9,60.25,55.69,96.08,2,No,2,86,41,Not Placed,0.0
4083,23,Female,IT,8.47,88.72,94.15,74.61,4,No,1,51,46,Not Placed,0.0
4084,20,Male,IT,9.15,89.99,96.4,96.38,3,Yes,2,77,67,Placed,9.07
4085,24,Male,IT,5.17,60.69,62.8,53.93,1,No,2,71,67,Not Placed,0.0
4086,23,Male,CE,6.63,63.08,68.37,91.53,3,No,2,100,81,Not Placed,0.0
4087,24,Female,EEE,9.8,61.96,99.19,87.96,4,Yes,1,88,56,Placed,5.0
4088,24,Female,CSE,9.75,94.23,78.3,86.0,2,Yes,2,62,69,Placed,8.98
4089,20,Female,ME,5.06,88.71,74.85,67.76,4,Yes,2,43,60,Not Placed,0.0
4090,20,Female,IT,6.01,53.73,75.02,89.19,0,Yes,3,51,76,Placed,12.71
4091,24,Male,CSE,9.97,91.63,84.81,74.16,2,No,0,56,48,Placed,11.75
4092,21,Female,CSE,7.46,51.84,97.73,85.76,3,Yes,3,60,75,Placed,8.84
4093,24,Male,EEE,7.86,62.66,68.33,77.61,2,No,1,76,91,Not Placed,0.0
4094,24,Male,CE,5.83,95.95,58.63,57.87,4,No,5,68,61,Not Placed,0.0
4095,22,Female,ME,9.47,93.22,59.25,53.23,1,Yes,5,45,54,Placed,3.11
4096,22,Male,CE,6.16,89.07,51.02,68.31,4,Yes,4,86,53,Not Placed,0.0
4097,22,Female,ME,5.95,72.88,77.77,96.64,4,No,5,67,66,Not Placed,0.0
4098,21,Female,IT,6.14,66.07,96.46,76.49,1,Yes,4,47,57,Placed,4.74
4099,21,Male,IT,9.6,94.08,85.65,90.11,3,Yes,5,70,49,Placed,10.51
4100,24,Male,CSE,8.51,82.85,99.65,78.8,3,Yes,3,59,87,Placed,3.16
4101,22,Male,ME,8.84,64.78,95.48,97.9,2,Yes,3,55,61,Placed,9.88
4102,21,Female,ME,6.89,73.16,74.59,68.47,4,Yes,3,52,62,Not Placed,0.0
4103,20,Female,CE,9.55,94.08,74.33,52.85,2,Yes,0,99,91,Placed,12.46
4104,24,Male,IT,8.95,95.17,81.42,89.03,1,No,1,94,81,Placed,3.82
4105,23,Male,ECE,8.75,82.97,55.55,85.27,0,Yes,5,98,80,Placed,3.04
4106,24,Female,CSE,9.85,86.63,80.38,76.38,3,No,5,54,87,Placed,12.2
4107,23,Female,ME,6.83,51.96,73.2,66.32,1,Yes,5,91,44,Placed,6.48
4108,22,Male,EEE,8.05,80.23,82.14,59.41,3,Yes,2,52,90,Placed,13.65
4109,23,Male,EEE,9.55,84.45,78.26,74.11,2,No,3,86,64,Placed,5.22
4110,22,Female,ECE,8.95,51.02,65.52,83.31,0,Yes,0,41,40,Placed,10.03
4111,20,Male,IT,7.82,92.19,80.39,78.94,4,Yes,4,95,63,Placed,4.31
4112,23,Male,IT,5.38,96.41,68.3,71.87,3,No,4,92,72,Not Placed,0.0
4113,24,Female,IT,8.26,61.9,59.73,76.98,4,Yes,4,97,97,Placed,13.58
4114,22,Female,CE,7.63,92.29,83.75,55.4,2,Yes,3,59,95,Placed,10.3
4115,24,Male,EEE,5.92,83.28,65.32,84.79,3,Yes,4,67,76,Not Placed,0.0
4116,21,Male,IT,9.41,79.03,94.45,86.71,2,Yes,4,57,46,Placed,5.71
4117,22,Male,EEE,6.72,92.16,59.97,50.57,4,Yes,4,46,63,Not Placed,0.0
4118,23,Male,ECE,6.94,64.28,80.01,63.53,2,No,2,60,54,Not Placed,0.0
4119,22,Female,CSE,8.36,89.54,78.58,54.61,2,No,4,80,50,Placed,4.27
4120,24,Male,CE,7.44,65.73,59.89,99.91,2,No,0,78,83,Not Placed,0.0
4121,20,Female,ME,5.45,89.37,71.99,79.67,1,No,3,48,56,Not Placed,0.0
4122,22,Female,ECE,6.94,72.55,83.78,73.29,1,No,5,100,88,Placed,3.61
4123,23,Male,EEE,5.47,55.85,65.93,73.15,3,No,2,83,62,Not Placed,0.0
4124,21,Male,ECE,5.95,69.08,55.69,98.24,2,No,2,49,88,Not Placed,0.0
4125,20,Male,ME,5.04,61.67,80.76,82.99,2,Yes,3,70,43,Not Placed,0.0
4126,21,Female,CE,5.91,55.03,61.21,58.43,2,Yes,4,81,70,Not Placed,0.0
4127,22,Female,CSE,6.65,55.51,84.07,72.41,1,No,5,52,93,Placed,7.91
4128,24,Male,ME,7.69,89.0,91.97,88.71,4,No,5,44,73,Placed,5.86
4129,24,Female,CE,9.6,94.07,56.17,71.17,2,Yes,4,98,49,Placed,4.1
4130,23,Female,EEE,7.7,96.36,71.88,65.48,0,No,1,93,76,Placed,4.3
4131,24,Female,ME,8.53,92.7,72.25,99.56,3,No,4,79,49,Placed,10.19
4132,20,Male,ECE,6.79,91.51,81.63,96.78,1,Yes,5,81,81,Placed,7.76
4133,24,Male,IT,8.76,53.44,66.72,97.08,4,No,0,77,98,Not Placed,0.0
4134,23,Female,ECE,8.1,89.51,70.93,56.58,0,No,4,82,50,Placed,8.56
4135,22,Male,EEE,7.3,89.16,50.6,61.71,2,No,3,75,70,Not Placed,0.0
4136,22,Male,CSE,5.97,56.56,56.12,72.1,1,Yes,4,41,49,Not Placed,0.0
4137,24,Male,ME,6.52,83.1,78.49,91.61,2,Yes,3,45,82,Placed,9.02
4138,21,Male,CSE,8.1,72.63,60.79,86.84,3,Yes,2,52,77,Placed,9.02
4139,22,Male,EEE,7.13,95.0,57.23,92.48,1,Yes,1,68,92,Placed,7.36
4140,24,Female,ME,9.45,84.77,66.22,96.04,0,No,2,83,81,Placed,11.52
4141,23,Male,CE,6.17,97.55,58.18,89.04,4,No,3,53,47,Not Placed,0.0
4142,24,Male,CE,5.37,55.25,52.98,63.09,4,No,1,69,50,Not Placed,0.0
4143,22,Female,ECE,7.95,52.03,64.19,64.27,3,Yes,2,64,59,Not Placed,0.0
4144,23,Male,ECE,9.43,98.68,58.22,67.62,4,Yes,4,79,63,Placed,9.34
4145,24,Male,EEE,6.82,54.01,89.97,65.15,4,No,5,74,98,Not Placed,0.0
4146,20,Female,CE,8.24,69.31,53.13,62.45,3,Yes,5,76,90,Placed,7.96
4147,23,Female,ME,6.16,82.5,87.37,87.62,0,No,4,93,46,Placed,5.76
4148,20,Female,CE,7.79,94.0,69.14,51.7,1,No,1,46,99,Not Placed,0.0
4149,21,Female,ECE,8.93,62.73,83.77,86.42,1,No,2,89,60,Placed,14.25
4150,23,Male,EEE,9.34,51.45,52.63,91.18,3,Yes,0,77,83,Placed,11.32
4151,20,Female,CE,5.53,76.06,96.04,53.3,2,No,0,57,92,Not Placed,0.0
4152,22,Male,EEE,6.78,73.56,88.37,53.09,3,Yes,0,47,45,Not Placed,0.0
4153,22,Female,CE,8.2,65.34,57.01,64.27,3,No,2,46,70,Not Placed,0.0
4154,21,Male,CSE,5.17,93.69,60.94,60.42,3,Yes,5,73,51,Not Placed,0.0
4155,23,Female,CE,8.45,87.47,82.2,79.06,3,No,2,75,76,Placed,5.3
4156,23,Female,ECE,7.64,92.91,96.08,83.77,4,Yes,2,94,52,Placed,15.0
4157,23,Female,ME,6.44,58.09,72.29,81.71,4,No,3,80,88,Not Placed,0.0
4158,21,Male,ECE,9.07,84.62,74.28,67.87,0,Yes,5,87,70,Placed,11.56
4159,23,Male,ECE,6.45,98.76,61.89,74.92,3,Yes,0,90,48,Not Placed,0.0
4160,22,Female,ECE,9.96,80.6,69.15,82.0,1,No,0,49,66,Placed,11.15
4161,20,Female,EEE,9.08,58.57,64.3,55.97,2,No,0,97,91,Not Placed,0.0
4162,22,Male,IT,8.54,99.79,67.53,61.48,4,No,5,79,92,Placed,8.66
4163,22,Female,IT,5.31,76.42,51.03,94.52,1,No,3,68,56,Not Placed,0.0
4164,20,Female,CSE,9.52,92.0,52.05,67.12,4,Yes,3,55,90,Placed,7.29
4165,22,Male,ECE,8.95,57.47,84.03,90.06,0,Yes,2,64,90,Placed,10.71
4166,21,Female,IT,6.15,83.3,84.09,62.55,2,Yes,5,68,47,Placed,10.75
4167,20,Male,CSE,6.96,95.63,66.51,52.08,4,No,5,47,66,Not Placed,0.0
4168,22,Male,EEE,6.34,76.6,94.27,75.02,2,Yes,0,59,79,Not Placed,0.0
4169,24,Male,ECE,9.92,64.43,63.31,94.62,2,No,0,75,96,Placed,8.84
4170,22,Female,ME,9.27,56.37,69.79,90.96,1,No,5,98,97,Placed,11.74
4171,21,Female,EEE,9.65,64.8,86.57,62.65,4,No,4,94,54,Placed,13.23
4172,23,Male,CSE,8.94,67.74,87.18,95.5,2,No,5,91,78,Placed,4.04
4173,22,Female,EEE,7.28,85.5,93.06,73.99,3,Yes,4,66,45,Placed,14.11
4174,23,Female,ME,6.03,58.93,51.45,52.45,2,No,4,52,71,Not Placed,0.0
4175,24,Female,EEE,6.04,55.31,59.19,51.4,2,No,3,65,87,Not Placed,0.0
4176,22,Male,CSE,5.76,69.35,82.03,74.26,4,No,2,81,47,Not Placed,0.0
4177,20,Female,ME,7.73,72.93,66.91,77.32,3,Yes,1,94,74,Not Placed,0.0
4178,23,Male,ME,9.6,81.42,52.18,54.0,2,Yes,0,64,70,Placed,9.64
4179,24,Male,EEE,9.96,85.38,79.32,96.11,4,No,4,67,81,Placed,10.39
4180,20,Male,ME,6.44,94.46,69.65,85.91,4,Yes,0,48,65,Not Placed,0.0
4181,20,Male,EEE,8.49,64.45,68.2,90.06,2,No,0,96,81,Not Placed,0.0
4182,20,Female,ECE,7.99,76.43,63.22,79.2,0,Yes,0,65,63,Placed,4.15
4183,20,Male,ME,7.44,68.3,50.3,83.18,0,No,5,51,90,Placed,5.5
4184,22,Female,EEE,8.33,50.07,59.12,69.39,1,No,2,65,100,Placed,11.88
4185,22,Male,ECE,6.86,78.97,73.71,83.96,0,No,0,86,41,Not Placed,0.0
4186,22,Male,ME,9.72,90.79,63.79,98.91,0,No,2,61,80,Placed,12.96
4187,24,Female,ECE,8.53,51.82,93.72,82.39,4,No,1,40,40,Not Placed,0.0
4188,24,Female,CE,8.77,50.17,57.15,67.08,4,No,1,51,49,Not Placed,0.0
4189,24,Male,ME,6.21,86.39,93.77,64.26,2,No,3,63,97,Not Placed,0.0
4190,21,Male,CE,5.84,84.19,70.24,98.17,2,Yes,0,69,89,Not Placed,0.0
4191,24,Male,CSE,6.97,70.29,63.79,59.25,4,Yes,4,53,62,Not Placed,0.0
4192,22,Male,CSE,8.83,83.08,65.21,90.31,2,Yes,3,93,72,Placed,14.82
4193,22,Female,EEE,9.69,97.67,66.5,73.26,4,Yes,5,62,83,Placed,9.49
4194,21,Female,IT,7.14,62.39,75.33,72.19,0,No,3,41,76,Placed,5.29
4195,21,Male,CE,8.87,62.3,67.69,87.38,2,No,1,42,99,Placed,4.99
4196,24,Female,CE,7.35,59.31,82.36,57.4,0,No,4,45,96,Placed,13.34
4197,23,Female,CSE,6.48,86.2,71.26,73.31,1,Yes,0,58,96,Not Placed,0.0
4198,21,Male,CE,8.7,67.66,83.58,51.79,2,Yes,0,60,50,Not Placed,0.0
4199,20,Male,IT,8.99,99.43,80.22,83.52,4,No,1,84,59,Not Placed,0.0
4200,22,Female,ECE,6.01,85.73,62.22,52.92,4,No,5,59,65,Not Placed,0.0
4201,20,Female,ECE,6.53,68.37,90.64,54.36,1,No,2,60,85,Not Placed,0.0
4202,22,Male,IT,7.47,57.46,89.95,92.24,4,No,1,79,86,Not Placed,0.0
4203,22,Male,CE,5.93,79.6,99.45,72.15,0,No,4,43,41,Not Placed,0.0
4204,21,Male,CE,9.64,64.75,58.75,60.05,4,No,2,64,64,Not Placed,0.0
4205,21,Female,CE,7.96,95.28,92.39,79.63,1,No,4,90,98,Placed,8.28
4206,20,Male,EEE,5.61,72.07,93.6,75.96,3,No,0,99,43,Not Placed,0.0
4207,22,Male,ME,5.92,64.63,82.11,70.55,3,Yes,2,46,58,Not Placed,0.0
4208,20,Female,IT,9.77,79.43,75.32,95.27,0,No,4,46,52,Placed,6.24
4209,23,Female,IT,8.69,56.85,97.86,87.47,3,No,0,72,58,Not Placed,0.0
4210,20,Female,IT,8.67,78.08,98.63,57.58,4,Yes,4,90,52,Placed,14.64
4211,24,Male,IT,5.36,52.81,82.08,78.54,1,Yes,2,65,94,Not Placed,0.0
4212,20,Male,IT,9.48,80.34,67.98,54.44,0,No,0,56,51,Placed,8.96
4213,24,Male,CE,7.22,76.51,90.86,62.23,3,No,4,47,41,Not Placed,0.0
4214,24,Male,EEE,8.3,76.04,54.46,95.49,4,No,3,65,76,Not Placed,0.0
4215,24,Female,CSE,9.8,84.21,64.53,73.1,4,Yes,2,92,89,Placed,12.05
4216,23,Male,CE,5.5,52.22,99.28,94.61,2,Yes,2,54,62,Not Placed,0.0
4217,20,Male,CE,7.41,72.99,90.72,58.3,2,Yes,2,59,94,Placed,14.47
4218,20,Male,ME,5.25,72.2,96.98,60.27,1,No,5,58,58,Not Placed,0.0
4219,23,Male,CSE,7.5,72.99,79.74,67.64,0,No,0,46,42,Not Placed,0.0
4220,22,Female,IT,6.26,98.99,70.38,68.32,3,No,2,95,63,Not Placed,0.0
4221,21,Male,CSE,9.56,56.96,98.98,87.26,3,Yes,4,95,62,Placed,10.89
4222,20,Male,EEE,6.99,84.52,65.47,79.97,4,Yes,3,84,43,Not Placed,0.0
4223,21,Male,ECE,8.17,70.1,87.87,77.66,3,Yes,4,40,57,Placed,6.32
4224,23,Male,CE,9.3,75.59,77.91,80.12,1,No,4,78,51,Placed,6.76
4225,22,Male,CSE,9.92,88.12,61.43,86.61,2,Yes,2,76,100,Placed,7.33
4226,22,Female,ME,7.52,57.87,50.87,94.64,4,Yes,3,57,74,Not Placed,0.0
4227,22,Female,EEE,7.28,88.18,69.19,70.74,0,No,3,47,66,Placed,9.4
4228,23,Female,ECE,5.38,53.52,77.38,90.15,4,No,3,54,82,Not Placed,0.0
4229,24,Female,EEE,5.06,74.17,59.16,74.75,3,Yes,3,89,53,Not Placed,0.0
4230,24,Female,IT,8.04,87.1,70.73,86.1,1,Yes,1,45,98,Placed,13.99
4231,21,Female,ECE,5.33,59.63,80.76,93.74,0,No,3,99,70,Not Placed,0.0
4232,24,Male,ME,6.9,88.55,85.75,51.61,4,No,2,76,42,Not Placed,0.0
4233,24,Male,ECE,5.02,58.34,52.64,77.33,3,No,5,61,44,Not Placed,0.0
4234,22,Male,ME,8.08,89.96,83.21,99.47,4,Yes,3,50,68,Placed,13.52
4235,22,Female,IT,7.13,73.45,52.83,74.81,0,No,4,65,78,Placed,14.3
4236,21,Female,ME,5.64,84.23,51.41,93.22,3,No,1,47,91,Not Placed,0.0
4237,20,Female,EEE,6.48,95.87,57.62,59.29,2,No,4,48,56,Not Placed,0.0
4238,21,Male,CSE,7.85,70.42,82.68,80.21,0,Yes,2,52,58,Placed,7.65
4239,21,Female,EEE,8.28,61.65,52.64,93.52,2,Yes,2,42,74,Placed,14.7
4240,23,Male,CE,7.31,93.36,51.04,71.58,2,No,5,42,72,Placed,6.89
4241,23,Male,EEE,9.02,58.08,55.9,74.34,3,No,5,46,47,Placed,4.65
4242,21,Male,ECE,5.56,81.57,97.49,54.1,4,No,3,42,91,Not Placed,0.0
4243,21,Male,IT,5.42,96.16,95.36,52.11,4,Yes,5,50,76,Not Placed,0.0
4244,21,Male,CE,5.22,83.72,54.32,73.44,1,No,2,85,74,Not Placed,0.0
4245,24,Male,CE,7.68,59.78,65.2,92.17,0,Yes,1,97,59,Placed,14.21
4246,23,Male,CE,8.53,57.61,97.36,96.57,0,Yes,5,67,56,Placed,4.25
4247,21,Female,CSE,5.65,62.62,54.88,82.93,3,No,4,92,84,Not Placed,0.0
4248,22,Female,ME,8.19,69.57,54.73,91.32,3,Yes,2,81,52,Not Placed,0.0
4249,22,Female,ECE,7.38,57.96,54.3,86.74,1,Yes,5,70,43,Placed,5.37
4250,24,Male,IT,9.94,89.89,98.82,85.07,1,No,5,91,89,Placed,10.39
4251,24,Female,CSE,8.59,67.85,87.16,88.45,2,Yes,2,98,97,Placed,8.21
4252,20,Female,EEE,8.29,96.8,60.72,75.27,1,No,1,48,69,Placed,11.0
4253,20,Male,IT,7.85,92.12,52.3,72.9,4,No,0,66,45,Not Placed,0.0
4254,20,Male,CE,9.99,95.44,98.26,57.96,2,No,0,51,41,Placed,3.63
4255,24,Male,IT,9.9,64.72,71.27,92.19,1,No,1,47,54,Placed,5.3
4256,24,Male,IT,7.69,78.69,79.92,52.23,4,No,2,83,96,Not Placed,0.0
4257,24,Female,EEE,7.28,66.07,63.96,63.37,4,Yes,1,80,73,Not Placed,0.0
4258,22,Female,ME,7.31,62.85,87.92,76.0,2,No,1,61,91,Not Placed,0.0
4259,24,Male,ECE,7.14,80.35,59.84,98.58,2,No,0,57,100,Not Placed,0.0
4260,22,Female,CE,7.66,90.9,89.35,89.3,4,Yes,3,95,59,Placed,11.95
4261,20,Female,ME,6.37,54.68,61.53,68.43,3,No,5,69,55,Not Placed,0.0
4262,20,Female,CSE,9.63,63.79,54.9,85.7,2,Yes,2,88,99,Placed,3.16
4263,20,Male,CE,7.45,60.26,73.94,96.57,0,Yes,4,50,82,Placed,9.84
4264,21,Female,ECE,9.21,89.92,90.66,76.94,3,Yes,1,92,88,Placed,12.76
4265,21,Male,CSE,7.38,96.67,69.24,73.1,0,Yes,0,41,68,Placed,8.2
4266,23,Female,EEE,8.59,54.0,51.44,77.65,1,No,3,68,66,Placed,9.83
4267,23,Male,ME,6.68,68.96,77.67,65.58,2,No,2,94,94,Not Placed,0.0
4268,23,Male,CE,8.12,95.73,84.02,95.37,2,No,1,92,40,Placed,9.17
4269,21,Female,IT,7.49,67.23,87.03,89.86,4,No,0,65,52,Not Placed,0.0
4270,21,Male,ECE,6.84,85.63,70.1,85.27,2,No,1,90,79,Not Placed,0.0
4271,23,Male,CE,9.41,55.03,54.85,79.45,0,No,4,53,71,Placed,3.09
4272,23,Male,IT,5.56,72.22,79.22,98.47,3,No,2,94,42,Not Placed,0.0
4273,24,Female,CE,7.43,75.17,66.48,64.89,1,Yes,5,67,53,Placed,10.41
4274,23,Male,CSE,5.97,87.88,97.34,64.16,3,No,2,74,95,Not Placed,0.0
4275,24,Female,IT,9.31,64.44,75.14,62.11,0,No,2,45,95,Placed,13.81
4276,22,Male,IT,6.27,63.21,73.61,87.09,1,No,2,75,97,Not Placed,0.0
4277,21,Male,CE,8.17,65.15,65.46,89.86,4,No,0,51,67,Not Placed,0.0
4278,23,Male,EEE,5.83,77.78,66.94,79.86,2,No,4,97,85,Not Placed,0.0
4279,21,Male,EEE,7.02,93.8,75.64,82.6,2,No,1,73,65,Not Placed,0.0
4280,21,Male,ME,9.5,91.55,65.33,67.45,4,No,0,96,60,Not Placed,0.0
4281,21,Male,CSE,5.83,52.9,94.62,51.99,0,No,3,45,85,Not Placed,0.0
4282,22,Female,EEE,8.32,93.95,71.95,62.68,4,Yes,2,76,90,Placed,11.8
4283,20,Female,CE,6.02,54.76,64.6,79.22,0,Yes,2,100,50,Not Placed,0.0
4284,23,Male,EEE,7.08,70.77,57.77,90.65,1,No,1,76,66,Not Placed,0.0
4285,20,Male,ME,7.7,88.27,83.62,88.86,3,Yes,2,47,83,Placed,11.95
4286,20,Female,ECE,7.89,54.08,51.29,58.97,3,Yes,2,76,98,Not Placed,0.0
4287,20,Male,ME,8.01,52.02,72.5,52.57,4,No,1,95,96,Not Placed,0.0
4288,21,Male,IT,8.2,66.5,77.51,92.53,2,Yes,4,79,40,Placed,8.86
4289,24,Female,IT,6.36,86.5,66.99,53.78,4,No,0,72,72,Not Placed,0.0
4290,21,Female,EEE,7.01,76.09,87.49,69.67,2,No,4,91,85,Placed,4.18
4291,21,Female,EEE,5.19,70.85,83.78,54.71,4,No,1,80,57,Not Placed,0.0
4292,20,Male,ME,8.84,90.65,98.57,78.2,4,No,5,85,100,Placed,9.4
4293,21,Male,ME,9.19,88.34,75.44,68.17,3,No,5,70,97,Placed,10.13
4294,20,Female,CE,6.0,89.3,76.89,60.12,2,No,5,73,93,Not Placed,0.0
4295,24,Male,CSE,6.01,72.99,62.29,79.76,3,Yes,2,50,41,Not Placed,0.0
4296,23,Male,CE,5.21,50.97,69.27,68.17,2,No,2,75,43,Not Placed,0.0
4297,20,Male,IT,9.85,58.61,51.34,58.34,1,No,4,43,93,Placed,14.08
4298,24,Male,CE,9.04,87.07,84.46,85.0,1,Yes,3,56,89,Placed,13.36
4299,23,Female,ME,6.8,87.66,65.58,91.84,1,No,0,97,43,Not Placed,0.0
4300,22,Female,CE,7.41,98.61,77.02,63.69,0,No,2,97,94,Placed,10.13
4301,20,Female,ECE,6.46,59.51,62.75,59.32,3,Yes,1,55,56,Not Placed,0.0
4302,20,Male,CSE,7.99,56.15,81.05,53.76,3,No,4,69,87,Not Placed,0.0
4303,22,Male,ME,8.59,56.94,72.38,76.4,1,Yes,0,78,55,Placed,12.08
4304,22,Male,EEE,7.24,59.24,74.09,91.56,4,Yes,5,83,48,Not Placed,0.0
4305,20,Male,CE,9.37,76.42,97.13,62.54,3,No,3,88,65,Placed,7.21
4306,22,Female,ME,7.59,98.76,85.31,73.03,2,No,5,44,49,Placed,4.5
4307,21,Male,EEE,5.72,79.47,63.09,58.04,3,Yes,5,79,46,Not Placed,0.0
4308,23,Male,EEE,8.11,76.13,75.2,70.21,3,No,2,91,48,Not Placed,0.0
4309,23,Male,IT,7.31,83.67,73.33,50.77,2,Yes,4,76,94,Placed,6.43
4310,23,Female,IT,9.68,53.7,89.75,95.54,1,Yes,2,82,87,Placed,5.83
4311,21,Male,ME,6.96,90.77,91.67,83.83,1,Yes,4,65,66,Placed,12.63
4312,22,Male,ME,7.01,82.34,64.17,66.64,2,Yes,3,67,71,Placed,12.04
4313,24,Male,ECE,8.25,58.56,91.06,94.06,3,Yes,1,58,88,Placed,5.44
4314,22,Female,CSE,7.63,81.54,58.98,59.15,3,No,1,60,62,Not Placed,0.0
4315,20,Male,CSE,6.87,79.81,88.14,53.94,1,Yes,0,67,66,Not Placed,0.0
4316,23,Female,ME,9.95,53.24,62.44,97.13,0,Yes,2,58,64,Placed,4.31
4317,22,Female,IT,6.51,63.35,64.9,65.45,1,No,2,75,68,Not Placed,0.0
4318,24,Male,CE,6.39,69.55,92.62,96.8,2,Yes,2,50,63,Not Placed,0.0
4319,20,Female,ECE,9.32,62.24,71.0,81.88,0,No,1,58,55,Placed,11.35
4320,21,Male,CSE,5.02,62.16,99.53,99.0,0,Yes,0,44,55,Not Placed,0.0
4321,21,Female,ME,6.01,78.65,57.6,87.67,2,Yes,1,41,67,Not Placed,0.0
4322,24,Male,IT,7.95,73.54,73.17,55.27,4,No,5,64,59,Not Placed,0.0
4323,20,Male,IT,5.81,83.36,86.62,92.61,1,Yes,4,90,92,Placed,10.19
4324,23,Male,IT,9.93,97.82,50.27,57.39,3,Yes,2,65,58,Placed,14.85
4325,22,Male,CE,7.32,83.03,57.59,84.61,1,Yes,4,69,49,Placed,12.19
4326,20,Female,EEE,7.99,79.1,51.02,75.02,2,No,5,56,65,Placed,4.23
4327,21,Male,CE,5.8,92.38,99.64,85.39,3,No,3,60,99,Not Placed,0.0
4328,24,Female,IT,6.45,81.6,88.03,88.25,4,No,4,59,41,Not Placed,0.0
4329,24,Male,ME,8.07,58.28,68.68,90.18,2,No,4,57,42,Not Placed,0.0
4330,22,Female,ECE,7.75,65.74,57.81,91.75,1,No,4,86,78,Placed,3.23
4331,24,Male,CE,8.92,86.67,54.52,92.36,0,Yes,1,55,95,Placed,5.86
4332,24,Male,ME,6.35,86.92,76.6,70.63,2,No,4,67,41,Not Placed,0.0
4333,20,Male,IT,8.27,99.35,98.79,94.46,2,No,5,51,64,Placed,3.95
4334,23,Female,ECE,6.45,81.35,83.73,85.98,1,No,2,79,84,Not Placed,0.0
4335,22,Male,CSE,7.93,94.98,68.26,91.95,4,Yes,0,96,43,Not Placed,0.0
4336,20,Male,CSE,8.03,52.73,75.04,99.46,1,No,3,45,54,Placed,8.36
4337,23,Male,ME,5.61,78.31,99.95,55.82,1,Yes,2,63,57,Not Placed,0.0
4338,20,Female,ECE,7.74,95.99,75.94,68.53,4,No,0,89,46,Not Placed,0.0
4339,20,Male,ME,5.06,64.36,98.21,90.33,4,Yes,2,82,66,Not Placed,0.0
4340,24,Female,ECE,7.51,57.74,50.82,54.32,2,No,4,45,57,Not Placed,0.0
4341,23,Male,ECE,8.49,67.53,86.05,77.04,0,Yes,3,56,46,Placed,4.77
4342,22,Female,ME,5.36,89.61,81.36,92.92,1,No,2,81,95,Not Placed,0.0
4343,22,Female,ECE,9.69,54.24,84.27,50.95,0,Yes,3,58,68,Placed,10.88
4344,23,Male,CE,7.29,80.02,78.53,96.98,4,No,1,86,80,Not Placed,0.0
4345,24,Male,IT,9.69,56.78,52.21,98.91,4,No,1,87,99,Placed,7.17
4346,21,Male,ECE,5.54,71.78,57.48,66.11,1,Yes,4,94,83,Not Placed,0.0
4347,20,Male,CE,9.75,98.3,96.11,88.34,2,No,4,67,98,Placed,9.46
4348,24,Male,ECE,5.55,59.76,61.65,56.36,1,Yes,1,100,72,Not Placed,0.0
4349,23,Female,CE,7.31,51.7,99.65,88.64,2,No,2,68,41,Not Placed,0.0
4350,20,Male,ME,9.69,71.36,83.98,74.08,3,No,0,88,57,Not Placed,0.0
4351,22,Female,CSE,6.16,78.88,72.22,93.01,2,Yes,0,93,85,Not Placed,0.0
4352,21,Male,EEE,5.17,64.88,96.0,60.63,1,No,1,46,62,Not Placed,0.0
4353,22,Female,ECE,8.97,77.09,89.75,83.63,1,Yes,0,58,45,Placed,5.12
4354,23,Male,EEE,7.98,97.67,71.45,89.31,2,Yes,2,98,82,Placed,3.75
4355,20,Male,ECE,7.57,65.59,53.43,60.12,0,Yes,0,47,64,Not Placed,0.0
4356,23,Male,ME,5.17,65.47,93.42,90.91,2,Yes,5,47,58,Not Placed,0.0
4357,20,Male,ME,8.27,74.14,88.25,97.9,3,No,0,44,47,Not Placed,0.0
4358,24,Male,CE,5.86,75.77,89.54,80.8,3,Yes,5,82,92,Placed,5.7
4359,21,Female,ECE,9.66,50.07,87.24,89.24,0,No,1,73,76,Placed,7.6
4360,24,Female,ME,8.43,80.79,63.79,76.63,3,Yes,3,89,65,Placed,8.92
4361,24,Male,ME,8.54,99.87,92.94,79.91,1,No,3,60,68,Placed,8.4
4362,23,Male,ECE,6.16,64.6,50.11,50.67,0,Yes,2,43,98,Not Placed,0.0
4363,21,Male,CE,9.4,81.54,61.86,76.21,0,Yes,3,83,67,Placed,13.94
4364,20,Male,CE,7.69,50.23,52.33,78.78,0,No,4,75,92,Placed,6.6
4365,20,Male,CE,9.29,80.22,55.53,83.5,2,No,1,44,95,Placed,3.29
4366,22,Female,CE,6.35,72.35,76.62,58.47,2,No,5,88,46,Not Placed,0.0
4367,20,Female,CSE,8.78,76.51,51.86,62.07,0,No,5,62,98,Placed,14.75
4368,23,Female,ECE,7.87,77.2,59.07,87.8,3,Yes,3,58,99,Placed,8.2
4369,24,Male,CSE,5.24,58.85,61.64,58.38,1,Yes,0,81,94,Not Placed,0.0
4370,24,Female,ME,7.03,88.5,82.77,70.8,1,No,3,85,75,Placed,4.73
4371,24,Female,CSE,5.92,77.77,73.44,62.52,2,No,1,54,54,Not Placed,0.0
4372,21,Male,CE,6.8,63.51,72.92,77.26,4,Yes,0,97,93,Not Placed,0.0
4373,20,Male,ME,6.92,96.87,88.42,99.34,0,No,0,53,100,Placed,14.93
4374,23,Female,CSE,7.37,50.64,72.84,92.6,4,No,5,87,72,Not Placed,0.0
4375,21,Male,CSE,8.0,86.3,67.42,63.47,1,No,1,47,93,Not Placed,0.0
4376,22,Male,ECE,7.85,69.06,98.12,68.43,2,Yes,2,48,44,Placed,10.4
4377,23,Male,CSE,5.19,76.13,50.41,95.93,2,No,2,79,68,Not Placed,0.0
4378,23,Female,ME,8.75,64.58,65.27,94.91,2,Yes,1,50,56,Placed,8.69
4379,23,Male,CE,9.75,66.06,80.47,58.03,2,Yes,5,83,84,Placed,14.68
4380,24,Female,ECE,6.74,50.76,89.14,91.46,2,No,1,85,66,Not Placed,0.0
4381,23,Female,CSE,5.9,86.49,90.82,64.88,0,No,1,57,56,Not Placed,0.0
4382,20,Female,ECE,7.7,85.54,52.3,77.19,4,No,0,94,90,Not Placed,0.0
4383,23,Male,EEE,8.52,82.72,85.46,50.25,1,Yes,0,71,43,Placed,4.44
4384,24,Female,ECE,8.39,93.9,86.01,99.93,1,No,1,83,88,Placed,14.33
4385,23,Male,CE,8.06,95.06,60.7,88.05,2,Yes,5,75,51,Placed,4.54
4386,22,Male,EEE,5.73,77.82,55.64,62.09,2,No,0,84,97,Not Placed,0.0
4387,22,Male,EEE,9.18,84.24,87.48,84.19,2,Yes,4,60,62,Placed,8.35
4388,24,Male,ECE,7.13,50.55,62.48,64.67,3,Yes,1,66,89,Not Placed,0.0
4389,20,Female,ME,6.11,92.32,50.08,54.47,1,Yes,0,87,50,Not Placed,0.0
4390,20,Male,CE,5.43,90.82,61.18,71.27,2,Yes,2,81,75,Not Placed,0.0
4391,21,Male,ME,7.08,51.01,51.55,80.69,4,No,1,60,51,Not Placed,0.0
4392,24,Male,CE,8.09,77.14,62.46,54.49,3,No,1,50,48,Not Placed,0.0
4393,23,Female,CE,8.33,95.33,66.75,75.92,0,Yes,1,96,63,Placed,11.38
4394,24,Female,ME,9.81,59.07,63.57,75.74,3,No,3,83,57,Placed,7.11
4395,21,Female,IT,5.77,67.63,96.0,81.43,3,No,1,89,66,Not Placed,0.0
4396,24,Male,EEE,9.93,66.55,61.63,62.23,3,No,2,73,98,Placed,4.71
4397,24,Male,ECE,8.27,67.8,73.38,51.03,4,Yes,0,90,48,Not Placed,0.0
4398,21,Female,ME,7.27,52.09,97.87,66.24,1,No,1,44,72,Not Placed,0.0
4399,20,Male,ME,9.44,63.95,93.96,69.93,2,Yes,5,67,45,Placed,7.04
4400,23,Male,ECE,8.47,64.74,65.46,81.79,4,No,4,91,90,Placed,11.59
4401,21,Female,EEE,6.74,93.29,66.32,96.51,4,No,5,49,72,Not Placed,0.0
4402,22,Male,ECE,9.42,67.61,79.67,60.17,2,Yes,5,97,79,Placed,11.22
4403,20,Female,CE,8.33,72.36,95.89,84.37,3,No,0,87,45,Not Placed,0.0
4404,22,Male,IT,8.49,69.04,50.5,54.87,0,Yes,2,51,43,Placed,4.1
4405,20,Male,CE,9.48,56.03,69.66,59.53,3,Yes,3,80,42,Placed,7.64
4406,23,Male,IT,7.24,99.52,92.49,75.46,3,Yes,2,42,52,Not Placed,0.0
4407,23,Male,ECE,8.28,91.29,70.52,85.42,1,No,5,40,65,Placed,14.87
4408,24,Female,CE,8.72,77.05,86.0,92.93,3,No,3,76,73,Placed,7.43
4409,22,Female,EEE,7.27,73.82,84.6,87.2,0,Yes,0,79,52,Placed,3.66
4410,20,Male,CE,5.42,82.46,60.27,50.77,4,Yes,3,88,92,Not Placed,0.0
4411,23,Male,ME,8.86,66.32,72.48,84.2,3,Yes,0,40,86,Not Placed,0.0
4412,21,Female,IT,5.24,52.51,78.31,91.23,4,No,2,52,47,Not Placed,0.0
4413,23,Female,IT,8.59,70.22,85.77,76.28,1,No,5,77,51,Placed,6.42
4414,21,Male,EEE,9.55,99.2,91.12,98.28,0,No,2,54,47,Placed,7.7
4415,20,Male,IT,6.73,59.12,88.0,50.22,2,No,3,46,58,Not Placed,0.0
4416,23,Male,IT,5.51,76.39,51.42,90.93,2,No,4,69,80,Not Placed,0.0
4417,23,Female,EEE,6.16,50.43,83.53,66.74,1,Yes,5,63,49,Not Placed,0.0
4418,20,Female,CE,7.81,56.1,74.87,82.52,0,Yes,5,47,71,Placed,6.54
4419,23,Male,ECE,9.71,79.36,78.69,84.67,4,No,2,42,60,Placed,11.7
4420,21,Female,CE,7.56,64.87,68.65,65.31,1,No,3,54,62,Not Placed,0.0
4421,23,Male,ME,5.56,95.28,85.7,99.77,3,No,1,75,66,Not Placed,0.0
4422,22,Male,ME,8.14,70.31,83.69,55.16,4,Yes,0,80,64,Not Placed,0.0
4423,24,Male,IT,8.66,60.4,78.97,57.85,3,Yes,1,82,46,Not Placed,0.0
4424,21,Female,ME,6.97,77.28,93.08,94.61,3,Yes,1,92,81,Not Placed,0.0
4425,22,Male,ECE,8.61,89.75,55.1,55.96,4,No,1,53,74,Not Placed,0.0
4426,20,Male,IT,6.62,50.97,65.05,69.06,3,No,3,66,41,Not Placed,0.0
4427,21,Male,ME,8.95,75.28,74.76,86.66,2,Yes,2,69,67,Placed,13.87
4428,24,Male,CSE,6.71,88.67,97.93,89.57,4,No,5,80,46,Not Placed,0.0
4429,24,Male,CSE,6.28,55.18,53.6,97.73,1,No,1,83,81,Not Placed,0.0
4430,20,Female,CSE,9.4,95.14,66.85,89.48,2,Yes,3,76,79,Placed,5.02
4431,20,Male,CSE,7.74,63.23,96.29,92.23,1,Yes,2,92,51,Placed,13.25
4432,21,Female,CE,6.43,58.53,94.9,97.47,0,No,0,96,99,Not Placed,0.0
4433,23,Male,CSE,9.68,79.46,93.26,77.68,1,No,2,45,91,Placed,4.94
4434,20,Male,IT,8.45,58.75,65.42,67.17,4,No,2,58,56,Not Placed,0.0
4435,23,Male,EEE,6.1,83.99,92.34,88.08,1,No,1,99,61,Not Placed,0.0
4436,22,Male,CE,8.07,74.51,75.27,58.18,0,Yes,3,76,48,Placed,6.64
4437,24,Male,EEE,9.35,55.5,80.99,53.41,3,Yes,5,40,91,Placed,8.23
4438,23,Male,IT,8.48,95.62,61.94,89.27,4,No,4,64,42,Not Placed,0.0
4439,24,Female,IT,6.22,83.66,85.33,97.53,2,No,0,49,61,Not Placed,0.0
4440,23,Female,ECE,8.24,77.3,66.38,72.12,2,Yes,3,85,93,Placed,5.27
4441,22,Male,CE,8.1,68.72,67.19,58.06,1,Yes,5,65,75,Placed,3.4
4442,20,Male,EEE,9.1,56.74,81.84,74.85,2,Yes,1,98,78,Placed,13.83
4443,22,Male,CSE,5.89,85.38,61.99,69.67,0,Yes,3,62,98,Placed,9.89
4444,20,Male,IT,8.5,90.68,61.22,68.62,2,Yes,5,56,57,Placed,9.28
4445,20,Male,CSE,5.14,56.29,68.46,81.4,1,No,4,69,56,Not Placed,0.0
4446,24,Female,EEE,8.48,74.73,88.9,58.74,2,No,0,66,66,Not Placed,0.0
4447,22,Male,CE,9.8,74.24,61.23,69.02,3,Yes,2,50,93,Placed,5.07
4448,23,Male,ME,5.87,67.5,89.37,93.43,3,No,5,43,74,Not Placed,0.0
4449,22,Male,ME,6.56,89.47,84.78,86.48,2,No,0,57,71,Not Placed,0.0
4450,24,Male,IT,7.91,54.98,83.95,52.78,4,Yes,4,58,42,Not Placed,0.0
4451,20,Female,ECE,8.66,60.25,73.74,75.7,2,No,0,75,52,Not Placed,0.0
4452,24,Male,CSE,6.72,50.08,87.29,54.56,3,Yes,5,83,56,Not Placed,0.0
4453,21,Male,IT,8.32,68.65,50.68,97.87,3,No,0,85,100,Not Placed,0.0
4454,21,Female,ECE,9.5,64.56,65.28,62.23,0,Yes,1,89,57,Placed,8.92
4455,23,Male,CSE,8.63,93.35,83.96,96.63,1,Yes,2,65,90,Placed,4.53
4456,24,Female,EEE,8.56,87.29,99.36,91.7,0,No,4,40,56,Placed,7.95
4457,23,Female,ME,6.91,54.22,50.13,77.57,4,Yes,1,98,95,Not Placed,0.0
4458,23,Male,ECE,9.56,87.05,75.5,66.82,1,Yes,0,59,87,Placed,9.59
4459,21,Female,CSE,6.39,83.77,96.19,92.9,2,Yes,0,96,55,Not Placed,0.0
4460,23,Male,IT,6.03,64.09,93.18,57.64,2,No,3,50,61,Not Placed,0.0
4461,21,Male,CSE,6.82,50.77,51.16,59.0,4,No,1,98,64,Not Placed,0.0
4462,20,Male,IT,8.25,55.76,76.48,61.24,3,Yes,4,64,40,Placed,11.92
4463,24,Male,ME,9.31,62.5,50.21,79.88,2,Yes,4,99,66,Placed,13.63
4464,23,Female,ME,5.66,90.83,89.48,65.72,0,No,4,96,53,Placed,4.5
4465,21,Female,CSE,9.07,73.27,65.44,99.46,3,Yes,5,58,67,Placed,10.03
4466,22,Female,CSE,9.06,95.92,88.28,59.76,2,No,5,71,86,Placed,10.34
4467,23,Female,IT,7.93,89.46,97.24,90.28,3,Yes,5,40,75,Placed,6.27
4468,20,Male,IT,8.8,64.36,98.8,54.79,1,No,4,40,91,Placed,3.27
4469,20,Male,ECE,5.91,92.27,94.71,67.67,2,No,0,42,92,Not Placed,0.0
4470,22,Male,ECE,5.85,55.84,60.21,62.19,2,Yes,5,97,82,Not Placed,0.0
4471,21,Male,ECE,9.31,51.81,59.73,98.84,3,No,0,85,89,Not Placed,0.0
4472,23,Male,CSE,7.49,80.43,81.29,51.29,1,No,1,79,71,Not Placed,0.0
4473,21,Female,CE,6.23,67.09,77.2,86.08,0,Yes,2,71,68,Placed,11.5
4474,20,Male,CE,8.44,66.47,50.48,62.39,1,Yes,4,86,56,Placed,7.78
4475,21,Male,CE,9.46,84.36,69.59,90.56,0,Yes,0,75,67,Placed,3.79
4476,20,Male,CE,8.16,92.51,95.33,65.56,4,Yes,1,82,80,Placed,7.79
4477,21,Female,ECE,6.74,66.11,94.92,59.36,1,Yes,4,47,60,Placed,15.0
4478,22,Female,CSE,7.42,66.25,60.2,84.65,0,No,2,69,63,Placed,6.13
4479,24,Female,CE,8.76,76.69,69.1,62.88,3,No,4,78,85,Placed,6.18
4480,22,Male,ME,5.34,82.66,78.02,74.28,0,No,5,95,99,Placed,5.04
4481,22,Female,EEE,6.09,60.15,92.64,56.58,4,No,3,73,74,Not Placed,0.0
4482,24,Male,ME,7.31,95.63,76.6,86.23,0,No,4,47,59,Placed,9.9
4483,24,Female,CSE,8.02,82.72,98.41,70.34,1,No,3,64,91,Placed,14.58
4484,23,Male,CSE,6.7,81.26,89.95,57.03,0,No,2,65,61,Not Placed,0.0
4485,23,Male,EEE,6.49,95.21,97.65,87.08,1,Yes,3,66,43,Placed,7.92
4486,22,Male,IT,5.21,95.36,86.57,55.17,4,Yes,2,93,55,Not Placed,0.0
4487,22,Female,IT,5.16,56.78,93.88,78.74,0,Yes,1,58,60,Not Placed,0.0
4488,20,Male,IT,6.39,57.25,91.55,80.37,0,No,3,62,83,Placed,3.03
4489,20,Female,ECE,7.65,88.1,62.69,96.52,4,Yes,5,80,60,Placed,12.57
4490,23,Male,IT,7.78,97.84,61.48,57.55,0,Yes,4,55,79,Placed,8.88
4491,23,Male,ECE,7.47,83.33,93.22,82.67,1,No,4,47,80,Placed,3.4
4492,20,Male,ECE,7.05,70.57,54.23,69.04,2,No,1,69,50,Not Placed,0.0
4493,20,Male,IT,6.26,84.17,70.43,70.04,2,No,0,47,95,Not Placed,0.0
4494,21,Male,IT,7.0,61.44,91.03,75.09,1,No,5,50,99,Placed,12.4
4495,21,Male,EEE,5.69,99.9,90.66,61.69,0,Yes,5,46,76,Placed,8.21
4496,20,Female,CE,5.58,71.55,56.94,73.06,1,No,2,60,83,Not Placed,0.0
4497,21,Male,EEE,6.5,96.58,74.39,84.34,4,No,5,73,99,Not Placed,0.0
4498,24,Female,ECE,9.98,71.54,73.99,72.86,1,No,0,60,61,Placed,3.4
4499,23,Female,EEE,6.63,96.41,66.19,52.13,2,No,0,44,59,Not Placed,0.0
4500,23,Female,ECE,9.68,66.78,95.86,62.89,3,Yes,1,89,41,Placed,5.18
4501,20,Male,CSE,6.96,88.03,82.66,67.57,4,Yes,1,82,82,Not Placed,0.0
4502,22,Male,ECE,7.2,97.55,99.01,67.74,0,No,3,97,50,Placed,12.71
4503,20,Male,ECE,8.99,82.3,53.34,54.05,1,Yes,5,56,60,Placed,5.28
4504,21,Female,EEE,5.47,83.88,69.72,72.48,4,Yes,3,60,72,Not Placed,0.0
4505,22,Female,CE,5.91,55.14,91.76,84.6,2,No,3,45,88,Not Placed,0.0
4506,21,Male,CSE,9.87,73.71,71.13,52.43,0,Yes,3,84,56,Placed,10.65
4507,24,Male,ME,7.53,94.34,63.09,87.55,1,No,3,46,75,Placed,6.62
4508,21,Female,ME,5.22,62.05,99.89,97.76,1,Yes,4,50,53,Not Placed,0.0
4509,24,Male,CE,5.24,89.42,93.66,50.47,0,Yes,1,57,76,Not Placed,0.0
4510,24,Female,ME,9.54,83.79,77.32,59.68,3,No,2,77,70,Placed,7.85
4511,21,Male,CSE,9.37,61.15,78.09,77.17,3,Yes,2,51,43,Placed,9.86
4512,21,Female,IT,7.29,64.14,50.34,60.9,4,No,2,95,45,Not Placed,0.0
4513,24,Male,CSE,5.82,71.38,99.05,88.23,1,No,2,61,89,Not Placed,0.0
4514,22,Male,EEE,9.15,56.26,90.31,65.61,4,No,2,42,60,Not Placed,0.0
4515,24,Female,ECE,6.62,95.67,51.84,64.68,0,Yes,4,58,52,Placed,4.15
4516,23,Female,ECE,7.1,86.97,58.82,50.05,4,No,1,82,77,Not Placed,0.0
4517,24,Male,EEE,8.41,68.25,91.05,63.51,1,Yes,5,62,54,Placed,6.22
4518,22,Male,EEE,6.77,64.98,54.34,60.88,3,No,3,73,44,Not Placed,0.0
4519,23,Female,ECE,8.14,84.48,97.09,67.16,3,Yes,3,42,77,Placed,7.22
4520,20,Female,CE,9.43,71.21,99.99,57.38,0,Yes,3,62,63,Placed,11.63
4521,20,Female,IT,8.99,61.47,94.32,79.73,2,No,1,96,57,Placed,7.41
4522,22,Female,IT,6.91,71.51,86.95,61.94,4,No,1,88,68,Not Placed,0.0
4523,24,Male,IT,6.44,93.56,74.36,91.59,0,No,5,44,71,Placed,4.64
4524,21,Male,EEE,6.43,53.43,54.12,64.23,3,No,4,68,46,Not Placed,0.0
4525,22,Female,ECE,6.74,68.42,86.52,60.54,1,Yes,4,73,69,Placed,12.37
4526,23,Female,CE,7.47,98.12,69.84,52.84,1,Yes,5,83,77,Placed,7.82
4527,23,Male,ECE,7.08,50.74,78.51,87.0,2,No,3,44,65,Not Placed,0.0
4528,20,Male,ECE,5.67,94.53,64.67,75.41,2,Yes,5,68,47,Not Placed,0.0
4529,23,Female,CE,5.82,68.74,62.11,55.69,3,Yes,1,84,64,Not Placed,0.0
4530,22,Male,CSE,6.71,59.48,66.21,61.07,2,No,3,93,69,Not Placed,0.0
4531,23,Male,CE,7.81,50.75,90.69,99.94,2,Yes,4,63,63,Placed,3.23
4532,22,Male,CSE,7.96,53.53,71.32,90.3,1,No,5,78,69,Placed,11.05
4533,21,Female,ME,7.43,58.59,65.59,67.49,4,No,3,60,44,Not Placed,0.0
4534,20,Female,CSE,8.69,51.27,71.65,77.13,1,No,4,71,43,Placed,8.52
4535,23,Male,IT,8.69,66.79,51.61,70.8,1,Yes,0,82,90,Placed,12.7
4536,22,Female,IT,7.14,52.24,94.53,51.82,3,Yes,2,44,81,Not Placed,0.0
4537,24,Female,CE,5.62,84.61,77.59,88.93,3,No,0,57,48,Not Placed,0.0
4538,20,Male,IT,7.65,90.95,55.24,85.85,4,Yes,5,77,94,Placed,12.56
4539,21,Female,IT,6.91,94.37,64.42,70.44,0,Yes,3,74,72,Placed,11.74
4540,22,Male,ME,5.69,77.46,99.18,92.29,2,No,3,77,90,Not Placed,0.0
4541,21,Male,IT,9.91,97.33,79.65,76.74,2,No,1,55,68,Placed,7.95
4542,21,Male,EEE,6.85,50.28,64.57,53.26,1,Yes,2,74,70,Not Placed,0.0
4543,23,Male,EEE,8.13,56.7,71.32,62.97,1,Yes,4,89,83,Placed,3.22
4544,23,Male,EEE,7.45,64.66,62.92,73.09,4,No,3,63,58,Not Placed,0.0
4545,22,Female,CSE,5.71,89.45,51.59,55.17,2,Yes,4,75,84,Not Placed,0.0
4546,24,Female,CE,5.28,94.27,92.1,78.55,1,No,4,44,93,Not Placed,0.0
4547,22,Female,CE,8.13,80.91,64.62,56.03,1,Yes,4,48,86,Placed,11.41
4548,24,Male,ECE,6.24,69.16,91.92,60.03,3,No,0,43,100,Not Placed,0.0
4549,21,Male,ME,6.22,83.29,73.93,94.7,0,Yes,4,100,41,Placed,9.86
4550,20,Male,EEE,9.78,59.04,59.14,99.99,4,Yes,1,72,59,Placed,9.95
4551,22,Male,EEE,7.31,72.89,90.09,77.51,0,Yes,0,66,51,Placed,6.63
4552,22,Male,IT,5.15,75.38,68.86,80.98,0,Yes,0,61,89,Not Placed,0.0
4553,24,Female,EEE,6.7,55.24,85.39,89.87,4,Yes,3,98,60,Not Placed,0.0
4554,21,Female,IT,7.92,51.69,91.86,84.81,2,Yes,2,50,100,Placed,10.73
4555,21,Male,IT,6.64,87.51,98.15,59.12,1,No,2,44,70,Not Placed,0.0
4556,24,Male,ECE,5.13,76.74,54.29,70.58,4,Yes,5,49,75,Not Placed,0.0
4557,21,Female,CSE,7.22,66.61,50.42,76.76,1,No,3,42,59,Not Placed,0.0
4558,23,Male,IT,5.53,71.86,77.42,67.99,3,Yes,2,54,83,Not Placed,0.0
4559,20,Female,IT,8.1,97.89,63.21,58.81,0,No,4,98,59,Placed,13.16
4560,22,Female,CE,8.1,69.25,73.46,86.81,3,No,1,98,84,Not Placed,0.0
4561,20,Female,ECE,5.19,55.17,53.63,59.94,0,No,4,85,75,Not Placed,0.0
4562,22,Male,IT,6.45,73.18,75.08,63.02,2,Yes,2,76,85,Not Placed,0.0
4563,23,Female,ME,7.07,82.4,56.24,64.33,4,No,2,79,92,Not Placed,0.0
4564,21,Male,CSE,7.75,50.61,91.93,58.09,2,Yes,1,56,57,Not Placed,0.0
4565,24,Female,ME,6.48,66.62,87.97,92.48,0,Yes,0,59,45,Not Placed,0.0
4566,23,Male,EEE,6.44,69.68,53.7,80.53,3,No,0,90,72,Not Placed,0.0
4567,20,Male,CSE,9.92,73.19,91.82,91.74,0,Yes,1,43,49,Placed,4.11
4568,24,Male,EEE,5.21,65.08,66.25,74.69,2,Yes,0,73,57,Not Placed,0.0
4569,21,Male,CE,9.95,83.35,67.64,75.98,2,Yes,2,73,90,Placed,3.71
4570,23,Female,IT,5.24,97.24,58.99,80.81,3,Yes,0,70,73,Not Placed,0.0
4571,24,Female,ECE,6.44,95.7,91.77,68.55,3,Yes,2,73,54,Not Placed,0.0
4572,23,Female,ME,7.47,83.22,70.24,74.83,2,No,3,42,42,Not Placed,0.0
4573,23,Male,EEE,5.72,75.34,52.44,77.35,0,Yes,4,67,47,Not Placed,0.0
4574,21,Female,IT,5.67,91.29,98.31,97.68,0,No,0,80,90,Not Placed,0.0
4575,22,Male,ME,6.28,91.8,62.79,94.15,4,No,3,76,50,Not Placed,0.0
4576,24,Female,ME,9.87,91.48,96.81,56.46,2,No,5,91,85,Placed,10.69
4577,21,Female,CE,6.9,57.89,65.06,52.06,4,No,0,68,71,Not Placed,0.0
4578,23,Male,CE,7.83,51.27,91.57,84.02,2,No,3,54,87,Placed,14.81
4579,21,Female,EEE,8.52,99.16,83.21,52.46,4,No,1,75,81,Not Placed,0.0
4580,22,Male,IT,8.71,97.98,93.06,53.02,1,Yes,3,74,56,Placed,12.03
4581,24,Male,ECE,8.44,78.22,98.81,57.96,0,No,2,80,86,Placed,7.59
4582,22,Male,EEE,6.68,99.65,93.57,67.59,0,No,1,98,69,Placed,5.05
4583,20,Male,ME,5.56,88.53,70.18,71.75,1,No,1,49,82,Not Placed,0.0
4584,24,Female,ME,6.41,75.87,90.73,75.97,3,Yes,2,56,47,Not Placed,0.0
4585,22,Male,CSE,6.05,69.47,85.58,99.61,1,Yes,0,69,79,Not Placed,0.0
4586,23,Male,IT,5.68,79.64,53.08,69.26,0,No,1,93,46,Not Placed,0.0
4587,24,Female,CSE,5.12,75.79,96.49,62.14,2,No,0,91,59,Not Placed,0.0
4588,24,Female,CE,9.68,99.69,73.3,78.76,4,No,4,47,51,Placed,14.45
4589,21,Female,ECE,9.61,74.52,56.72,60.76,0,No,3,62,60,Placed,14.79
4590,23,Female,EEE,5.25,91.8,71.27,97.03,1,No,3,58,67,Not Placed,0.0
4591,20,Female,ME,5.87,90.68,80.16,62.96,2,Yes,2,76,67,Not Placed,0.0
4592,22,Male,IT,5.7,53.57,78.65,99.5,0,No,2,98,98,Not Placed,0.0
4593,21,Male,ME,6.41,54.35,78.74,70.93,1,Yes,5,82,55,Placed,7.27
4594,22,Male,CE,6.02,82.99,62.79,90.63,0,No,3,75,87,Placed,14.82
4595,20,Male,CSE,9.73,62.96,81.64,82.41,1,Yes,4,43,49,Placed,3.49
4596,20,Female,CSE,5.42,82.88,95.37,96.67,1,Yes,2,65,93,Placed,7.92
4597,24,Male,EEE,6.06,57.23,69.43,81.27,0,Yes,4,86,61,Placed,4.82
4598,20,Female,IT,5.4,69.85,81.53,79.06,2,No,5,79,46,Not Placed,0.0
4599,22,Male,CE,9.9,55.12,62.2,82.64,0,No,2,96,43,Placed,5.33
4600,23,Male,IT,9.59,64.1,52.41,89.32,0,Yes,1,66,63,Placed,13.62
4601,23,Male,EEE,8.58,54.41,79.29,94.94,2,No,5,52,73,Placed,7.49
4602,24,Female,CE,7.13,98.53,52.38,63.34,0,No,0,91,80,Not Placed,0.0
4603,22,Female,CE,5.95,69.75,86.18,60.04,4,No,3,83,86,Not Placed,0.0
4604,22,Female,CSE,6.11,95.06,83.52,51.72,4,No,0,73,93,Not Placed,0.0
4605,20,Male,CSE,7.22,98.56,68.47,68.5,4,Yes,5,72,53,Placed,10.48
4606,22,Female,CSE,8.84,95.48,70.56,92.31,1,Yes,3,85,83,Placed,4.8
4607,21,Male,ME,6.32,72.75,95.89,53.49,3,Yes,5,65,88,Placed,14.2
4608,20,Male,ECE,6.55,88.94,50.66,76.93,0,No,2,59,56,Not Placed,0.0
4609,21,Female,CSE,8.0,57.68,78.17,84.74,3,Yes,0,47,84,Not Placed,0.0
4610,24,Male,ECE,6.19,54.74,96.17,91.84,4,No,5,55,47,Not Placed,0.0
4611,23,Female,ECE,7.92,93.85,95.7,79.17,2,Yes,5,44,81,Placed,3.81
4612,24,Male,IT,6.94,51.56,79.23,59.32,4,Yes,4,73,97,Not Placed,0.0
4613,23,Female,EEE,5.17,98.62,69.06,98.23,0,No,5,86,52,Placed,4.5
4614,24,Female,ME,7.01,83.61,54.95,54.73,3,No,2,66,46,Not Placed,0.0
4615,22,Male,ECE,9.6,70.98,58.69,88.45,3,Yes,5,75,42,Placed,11.06
4616,21,Female,ME,6.47,57.07,83.98,54.33,1,No,1,43,63,Not Placed,0.0
4617,23,Male,IT,6.61,86.16,50.83,57.17,2,No,0,81,86,Not Placed,0.0
4618,20,Female,CSE,5.33,78.16,94.17,94.91,4,No,0,92,63,Not Placed,0.0
4619,21,Male,CE,8.08,85.56,79.4,87.65,2,Yes,1,89,100,Placed,8.96
4620,20,Male,ECE,9.25,70.9,52.26,68.28,0,Yes,3,46,46,Placed,14.02
4621,21,Male,EEE,6.76,53.31,61.99,81.94,1,No,2,76,69,Not Placed,0.0
4622,21,Male,CE,6.2,65.75,79.71,72.86,4,No,1,75,44,Not Placed,0.0
4623,24,Female,IT,9.78,65.75,51.78,53.33,0,No,5,63,79,Placed,4.84
4624,23,Male,ME,8.73,50.43,89.0,86.06,2,No,4,54,60,Placed,8.96
4625,23,Male,CSE,7.84,50.48,96.0,88.16,1,No,2,89,88,Placed,13.37
4626,21,Male,ME,6.53,66.54,98.06,94.12,4,Yes,1,88,47,Not Placed,0.0
4627,22,Male,EEE,6.1,86.38,86.68,77.03,2,Yes,1,45,46,Not Placed,0.0
4628,22,Female,ECE,8.58,81.2,92.84,83.66,4,Yes,0,65,78,Not Placed,0.0
4629,20,Female,EEE,7.61,61.95,80.54,71.9,1,No,0,65,41,Not Placed,0.0
4630,20,Male,ME,7.6,80.14,72.93,65.95,1,No,0,95,82,Not Placed,0.0
4631,24,Female,ME,5.37,82.37,85.66,70.58,2,No,2,94,51,Not Placed,0.0
4632,21,Female,CE,7.56,76.13,61.21,95.59,4,No,5,64,67,Not Placed,0.0
4633,20,Male,EEE,9.11,76.07,55.49,58.21,3,No,3,72,83,Placed,6.99
4634,20,Female,EEE,9.73,68.49,88.09,62.42,0,Yes,2,42,58,Placed,14.09
4635,21,Male,EEE,5.53,56.17,97.91,80.31,1,Yes,0,48,67,Not Placed,0.0
4636,24,Female,CSE,8.16,69.27,78.87,55.81,4,Yes,0,76,74,Not Placed,0.0
4637,20,Female,ME,7.84,67.27,74.13,94.59,2,No,2,77,51,Not Placed,0.0
4638,24,Male,IT,9.45,79.6,76.72,52.36,2,No,5,69,67,Placed,6.81
4639,23,Female,CSE,8.76,92.81,73.92,87.77,1,Yes,5,66,98,Placed,9.37
4640,24,Female,CSE,9.83,68.77,72.11,68.69,1,No,1,52,65,Placed,10.56
4641,22,Male,CSE,9.8,85.49,97.35,52.56,3,No,1,62,77,Placed,6.67
4642,22,Female,CE,6.13,90.59,73.99,92.15,2,Yes,0,42,45,Not Placed,0.0
4643,24,Male,IT,8.63,60.59,54.06,82.02,4,No,0,62,58,Not Placed,0.0
4644,22,Female,EEE,7.65,95.08,88.28,50.44,0,Yes,3,74,66,Placed,3.86
4645,23,Female,CE,6.07,53.52,69.58,63.38,0,No,5,93,92,Placed,5.42
4646,21,Male,ME,5.97,95.09,85.53,67.6,3,No,1,63,48,Not Placed,0.0
4647,22,Male,ECE,5.41,58.18,78.98,66.13,4,Yes,3,94,94,Not Placed,0.0
4648,22,Female,CE,8.98,66.86,85.66,74.92,0,No,0,76,80,Placed,7.99
4649,24,Male,ECE,6.62,80.26,53.1,76.34,0,Yes,5,51,89,Placed,4.08
4650,23,Male,ME,9.28,95.28,51.69,69.84,4,Yes,0,93,49,Not Placed,0.0
4651,21,Male,IT,8.04,62.79,68.93,66.59,4,No,3,59,49,Not Placed,0.0
4652,24,Male,ECE,8.37,88.18,84.66,75.22,1,No,3,57,72,Placed,5.13
4653,24,Male,CSE,6.46,85.52,61.18,51.68,0,Yes,0,46,57,Not Placed,0.0
4654,23,Male,CE,7.29,57.99,71.67,82.26,0,Yes,4,91,93,Placed,11.58
4655,21,Male,ECE,7.06,73.97,99.04,80.3,3,No,0,93,49,Not Placed,0.0
4656,23,Female,ME,6.18,74.08,60.74,63.96,1,Yes,1,65,46,Not Placed,0.0
4657,21,Male,CSE,9.16,65.23,92.4,58.98,1,Yes,5,51,79,Placed,13.13
4658,23,Male,ECE,8.11,89.0,91.27,53.65,0,Yes,5,73,71,Placed,7.55
4659,24,Male,ME,5.19,96.3,94.57,79.37,2,No,0,87,82,Not Placed,0.0
4660,24,Female,IT,9.1,85.83,95.76,78.45,2,No,2,71,93,Placed,10.0
4661,20,Male,ME,5.53,98.65,75.37,76.67,4,Yes,0,69,45,Not Placed,0.0
4662,22,Male,IT,7.02,52.52,84.1,99.28,1,No,4,41,58,Not Placed,0.0
4663,23,Male,CSE,7.86,51.86,80.94,76.58,0,Yes,1,93,80,Placed,3.63
4664,20,Female,ME,5.04,94.69,65.45,86.09,0,No,0,47,82,Not Placed,0.0
4665,22,Female,EEE,8.26,94.89,63.99,55.65,0,Yes,3,72,73,Placed,3.67
4666,23,Female,CE,8.3,55.36,67.08,64.95,3,Yes,1,85,82,Not Placed,0.0
4667,21,Female,EEE,8.26,67.87,60.92,63.77,2,No,1,81,44,Not Placed,0.0
4668,22,Female,EEE,5.82,91.77,87.87,78.8,3,Yes,4,94,58,Not Placed,0.0
4669,24,Male,EEE,6.28,56.43,98.23,66.54,0,Yes,5,93,88,Placed,5.98
4670,20,Female,CE,6.24,63.37,93.39,82.05,0,No,3,69,89,Placed,3.87
4671,22,Male,EEE,9.8,84.05,60.9,84.5,1,No,2,92,93,Placed,8.17
4672,22,Female,IT,5.34,99.09,52.6,51.68,1,Yes,0,84,53,Not Placed,0.0
4673,24,Female,ME,7.14,89.86,87.85,81.99,2,No,2,81,49,Not Placed,0.0
4674,23,Male,CSE,9.36,88.87,69.51,55.84,4,No,5,84,88,Placed,3.62
4675,21,Male,EEE,8.85,67.13,91.23,73.26,0,No,3,67,50,Placed,8.01
4676,24,Male,EEE,9.11,83.07,88.96,86.33,1,No,1,52,70,Placed,14.72
4677,21,Female,CSE,9.86,55.65,81.27,85.17,2,No,4,63,41,Placed,4.45
4678,23,Female,CSE,6.94,99.61,62.77,64.99,3,No,4,72,49,Not Placed,0.0
4679,22,Female,EEE,6.55,74.03,55.2,63.62,0,Yes,1,44,60,Not Placed,0.0
4680,21,Male,IT,5.15,81.94,62.63,72.01,4,Yes,4,99,40,Not Placed,0.0
4681,20,Female,CSE,5.75,93.81,75.49,59.43,2,No,2,87,85,Not Placed,0.0
4682,20,Female,ME,7.81,50.05,98.97,98.73,4,Yes,5,45,70,Placed,11.37
4683,24,Female,ME,5.79,98.8,53.18,67.25,0,Yes,1,43,50,Not Placed,0.0
4684,23,Male,IT,8.68,67.96,60.0,96.15,2,Yes,0,81,82,Placed,7.43
4685,24,Male,CE,5.19,66.98,81.36,95.41,1,Yes,0,82,49,Not Placed,0.0
4686,24,Female,ECE,6.3,57.25,65.22,68.24,4,Yes,3,99,59,Not Placed,0.0
4687,24,Female,IT,8.48,92.91,92.93,62.7,3,Yes,5,97,60,Placed,4.76
4688,20,Female,EEE,6.28,93.54,56.97,88.54,3,Yes,5,73,76,Placed,13.88
4689,20,Male,ECE,8.64,51.0,98.16,61.47,4,No,1,68,76,Not Placed,0.0
4690,24,Male,EEE,9.98,52.79,95.62,76.06,0,No,5,95,53,Placed,12.3
4691,20,Female,ME,8.99,95.92,94.38,55.53,0,Yes,2,60,97,Placed,10.49
4692,23,Male,CSE,6.71,56.14,58.65,69.3,0,No,5,65,96,Placed,6.51
4693,24,Female,EEE,9.5,81.05,66.47,53.91,3,No,1,71,96,Placed,14.22
4694,20,Male,ME,5.26,80.98,90.2,64.17,3,No,1,61,44,Not Placed,0.0
4695,21,Male,IT,8.63,93.49,90.39,83.26,1,No,2,80,45,Placed,6.37
4696,24,Female,EEE,5.12,78.63,85.26,99.57,0,Yes,4,53,63,Placed,7.39
4697,24,Female,ME,5.87,71.7,72.4,62.74,3,Yes,2,73,55,Not Placed,0.0
4698,23,Male,CSE,9.94,98.72,65.58,73.67,3,Yes,1,76,99,Placed,6.06
4699,22,Male,EEE,6.8,61.44,98.15,72.4,0,Yes,1,83,62,Placed,5.26
4700,22,Female,CE,9.1,63.14,56.96,59.21,0,Yes,1,40,86,Placed,4.63
4701,23,Male,ME,6.88,54.24,52.19,80.5,3,No,1,71,77,Not Placed,0.0
4702,23,Female,EEE,9.2,98.77,50.46,86.24,4,Yes,3,71,91,Placed,5.72
4703,23,Male,CSE,9.83,85.32,88.75,57.36,3,No,4,90,55,Placed,4.24
4704,22,Female,EEE,7.18,50.6,52.84,87.86,1,No,1,93,90,Not Placed,0.0
4705,23,Female,EEE,7.8,85.22,76.93,85.01,2,No,3,63,91,Placed,4.65
4706,20,Female,CE,8.14,70.21,68.36,59.87,0,Yes,5,83,52,Placed,5.43
4707,24,Male,ME,9.67,98.38,57.35,82.45,1,No,1,60,90,Placed,7.99
4708,24,Female,ECE,6.28,63.87,87.03,69.68,4,Yes,4,51,84,Not Placed,0.0
4709,21,Male,EEE,8.06,85.51,52.75,84.06,2,Yes,4,59,47,Placed,6.87
4710,21,Male,ECE,6.62,81.37,65.92,74.8,3,No,2,76,77,Not Placed,0.0
4711,24,Female,IT,6.08,50.6,78.11,52.41,0,Yes,3,59,71,Not Placed,0.0
4712,20,Female,EEE,5.42,94.26,70.12,89.35,3,No,5,41,61,Not Placed,0.0
4713,22,Female,ECE,8.1,56.98,62.96,77.78,1,No,4,53,56,Placed,11.9
4714,22,Male,IT,9.41,83.18,96.3,86.24,0,Yes,0,56,44,Placed,11.33
4715,20,Male,CE,6.76,88.78,96.55,56.3,3,No,1,63,47,Not Placed,0.0
4716,22,Male,ME,7.76,81.55,70.8,86.06,0,No,4,69,98,Placed,9.72
4717,23,Female,EEE,8.21,54.86,69.69,70.68,1,Yes,5,54,100,Placed,10.23
4718,24,Female,ME,7.07,98.76,65.37,89.96,3,No,5,100,89,Placed,7.22
4719,24,Male,IT,9.52,61.84,92.79,79.96,2,No,3,88,69,Placed,11.05
4720,20,Female,ME,6.81,81.39,78.4,67.75,4,No,3,73,58,Not Placed,0.0
4721,22,Male,ME,5.63,89.86,54.48,60.1,3,No,3,92,51,Not Placed,0.0
4722,21,Male,CSE,5.72,96.96,92.67,90.8,0,No,2,47,64,Not Placed,0.0
4723,21,Male,IT,9.45,80.2,76.74,78.01,3,No,5,81,83,Placed,7.19
4724,22,Male,ME,9.94,62.95,70.78,99.37,0,No,1,42,52,Placed,4.4
4725,21,Male,ECE,6.44,91.83,66.89,68.67,1,Yes,0,50,43,Not Placed,0.0
4726,20,Female,IT,5.72,58.16,54.97,84.29,4,Yes,3,66,98,Not Placed,0.0
4727,20,Male,CSE,7.41,51.11,97.84,81.14,0,No,1,48,49,Not Placed,0.0
4728,22,Female,EEE,8.55,95.41,87.06,81.88,3,Yes,3,54,87,Placed,14.22
4729,21,Male,CE,8.06,78.77,56.59,86.85,1,No,3,71,67,Placed,10.83
4730,20,Female,ME,9.76,53.48,75.56,56.96,2,No,5,93,44,Placed,9.22
4731,20,Female,ECE,9.09,78.99,77.78,77.48,3,Yes,0,50,67,Placed,3.12
4732,23,Female,CSE,9.34,57.25,58.39,75.46,4,No,1,42,83,Not Placed,0.0
4733,23,Male,IT,7.71,51.57,71.36,67.13,1,Yes,3,65,70,Placed,12.46
4734,20,Female,CE,6.64,55.83,82.29,71.81,3,No,5,46,55,Not Placed,0.0
4735,22,Female,CE,8.51,88.76,64.2,75.94,0,Yes,2,67,98,Placed,3.55
4736,24,Male,ME,7.2,87.78,66.58,66.05,0,Yes,3,94,62,Placed,12.91
4737,24,Male,CSE,6.44,80.22,56.1,64.66,0,No,5,78,68,Placed,6.63
4738,20,Male,CSE,5.76,60.47,70.66,86.91,3,No,1,43,86,Not Placed,0.0
4739,20,Female,ECE,7.64,86.95,79.19,53.35,4,Yes,4,69,60,Not Placed,0.0
4740,20,Male,EEE,7.97,70.4,55.83,65.65,0,Yes,3,77,41,Placed,3.19
4741,22,Male,EEE,7.84,75.54,80.74,82.69,3,Yes,2,90,62,Placed,11.66
4742,23,Male,EEE,5.58,94.88,69.89,60.44,3,Yes,2,53,55,Not Placed,0.0
4743,20,Male,CE,7.85,72.89,83.91,78.61,4,No,3,75,50,Not Placed,0.0
4744,20,Female,CE,5.84,81.32,65.74,65.11,1,Yes,1,70,93,Not Placed,0.0
4745,21,Male,IT,8.32,98.09,78.42,92.17,1,No,3,90,98,Placed,7.99
4746,22,Female,CE,7.15,72.57,80.64,67.5,3,No,2,58,48,Not Placed,0.0
4747,20,Female,CE,9.24,78.04,84.53,61.48,1,No,3,88,41,Placed,6.7
4748,21,Male,CSE,8.89,79.22,87.85,76.51,2,No,2,92,57,Placed,14.79
4749,24,Female,IT,8.62,62.04,56.82,56.78,4,Yes,4,99,52,Placed,10.76
4750,20,Male,CSE,8.5,86.85,98.26,89.87,3,Yes,3,90,84,Placed,10.53
4751,20,Female,ECE,7.8,86.33,92.18,84.0,1,No,0,51,47,Not Placed,0.0
4752,21,Male,ECE,5.31,60.68,78.12,88.53,1,No,3,88,49,Not Placed,0.0
4753,22,Female,IT,8.28,50.67,94.52,69.94,4,No,2,54,66,Not Placed,0.0
4754,20,Male,IT,7.33,99.95,69.12,91.75,0,No,1,48,56,Placed,6.16
4755,24,Male,CE,7.35,79.08,51.71,74.68,1,No,2,66,63,Not Placed,0.0
4756,20,Female,ECE,6.9,59.05,86.35,54.73,4,No,4,99,60,Not Placed,0.0
4757,24,Male,ME,9.65,64.18,97.17,61.2,0,No,1,59,40,Placed,13.06
4758,23,Female,EEE,6.25,80.89,58.09,85.55,3,No,0,67,55,Not Placed,0.0
4759,23,Male,CE,6.58,56.88,82.19,94.82,0,No,0,64,97,Not Placed,0.0
4760,24,Female,EEE,9.82,51.86,90.67,54.76,1,Yes,4,55,82,Placed,12.53
4761,22,Male,ECE,9.05,89.92,95.25,93.21,3,No,4,57,72,Placed,6.48
4762,20,Female,EEE,5.07,85.79,63.83,89.95,3,Yes,4,89,45,Not Placed,0.0
4763,20,Male,ME,9.53,65.48,56.44,67.83,0,Yes,5,75,51,Placed,4.27
4764,23,Male,ME,6.13,52.92,62.39,84.46,3,No,4,43,71,Not Placed,0.0
4765,24,Male,CSE,8.53,74.31,78.89,59.35,0,No,3,60,87,Placed,10.73
4766,20,Female,IT,7.77,63.81,95.94,90.67,0,No,2,66,97,Placed,3.99
4767,20,Male,EEE,7.68,69.89,79.13,82.87,0,Yes,5,40,50,Placed,4.86
4768,22,Female,ME,8.59,63.7,95.98,71.94,4,Yes,3,44,57,Placed,10.49
4769,21,Female,IT,6.04,58.76,88.5,93.23,1,Yes,1,83,41,Not Placed,0.0
4770,23,Male,IT,5.8,69.35,79.92,56.96,3,No,0,85,71,Not Placed,0.0
4771,23,Female,CSE,8.26,98.24,51.09,92.29,2,No,0,49,88,Not Placed,0.0
4772,21,Male,IT,6.45,63.31,66.65,51.19,1,Yes,1,89,88,Not Placed,0.0
4773,20,Male,IT,9.87,66.8,52.87,87.66,2,No,0,60,59,Not Placed,0.0
4774,22,Female,CE,7.26,66.46,66.11,78.67,0,Yes,4,49,60,Placed,7.56
4775,22,Female,ECE,5.56,74.01,53.12,84.84,3,No,4,65,75,Not Placed,0.0
4776,23,Female,CSE,8.43,92.18,58.39,70.62,1,Yes,5,55,77,Placed,3.16
4777,22,Male,CSE,6.53,70.11,70.53,93.22,2,No,4,77,95,Placed,9.69
4778,21,Male,EEE,5.74,90.31,75.74,65.66,2,Yes,1,42,66,Not Placed,0.0
4779,20,Male,IT,7.11,55.75,60.86,63.75,2,Yes,2,59,86,Not Placed,0.0
4780,21,Female,EEE,9.82,94.75,86.63,65.09,1,No,1,86,50,Placed,9.76
4781,24,Male,CE,7.06,59.27,79.52,88.72,4,No,2,44,57,Not Placed,0.0
4782,23,Female,ME,6.74,51.96,84.59,74.76,0,No,0,45,56,Not Placed,0.0
4783,22,Male,IT,7.22,57.92,86.64,76.85,3,No,5,64,73,Not Placed,0.0
4784,24,Male,ME,5.06,59.54,86.35,91.58,2,No,0,64,84,Not Placed,0.0
4785,22,Male,ECE,5.67,75.43,96.81,91.67,1,No,0,93,65,Not Placed,0.0
4786,20,Male,CE,9.25,72.5,61.86,58.09,2,No,2,51,98,Placed,3.21
4787,20,Male,IT,9.89,85.79,63.51,77.49,1,No,0,40,45,Placed,8.36
4788,20,Female,EEE,5.79,52.55,54.71,56.3,4,Yes,1,93,82,Not Placed,0.0
4789,22,Female,EEE,7.68,74.89,79.63,93.43,2,Yes,2,81,69,Placed,6.83
4790,24,Male,IT,9.83,66.62,69.76,91.85,2,No,4,42,91,Placed,9.24
4791,20,Male,EEE,5.78,81.54,74.81,92.47,3,No,2,60,78,Not Placed,0.0
4792,24,Male,IT,5.93,52.18,58.49,85.24,1,Yes,1,44,89,Not Placed,0.0
4793,22,Female,CSE,9.63,51.75,82.45,73.34,1,Yes,5,97,71,Placed,14.09
4794,24,Male,EEE,8.53,71.36,80.95,70.24,4,Yes,1,54,56,Not Placed,0.0
4795,22,Female,IT,5.76,90.57,63.24,69.76,2,No,1,43,52,Not Placed,0.0
4796,22,Male,IT,6.97,83.55,73.27,53.31,3,Yes,0,58,92,Not Placed,0.0
4797,23,Male,EEE,5.28,50.84,94.72,97.44,0,No,5,56,85,Placed,13.76
4798,22,Female,CSE,7.16,58.92,88.67,72.51,3,No,4,94,80,Not Placed,0.0
4799,22,Male,EEE,8.89,61.34,61.35,96.51,3,No,5,100,52,Placed,8.4
4800,21,Female,IT,7.77,71.15,93.94,93.96,3,Yes,4,47,45,Placed,10.16
4801,20,Male,CSE,8.24,79.34,53.37,91.43,3,No,3,76,61,Not Placed,0.0
4802,23,Male,ME,6.63,60.82,70.7,79.42,2,No,5,63,72,Not Placed,0.0
4803,23,Male,ECE,5.81,69.13,54.01,55.08,3,Yes,5,43,72,Not Placed,0.0
4804,23,Female,EEE,5.07,79.2,96.21,66.2,1,Yes,1,63,43,Not Placed,0.0
4805,21,Female,CE,9.11,69.17,52.04,80.18,1,No,5,58,53,Placed,3.31
4806,22,Male,IT,8.18,57.16,57.56,50.67,3,No,0,63,89,Not Placed,0.0
4807,20,Female,CSE,6.15,74.58,95.75,52.13,1,Yes,2,93,87,Placed,8.06
4808,24,Male,CSE,7.09,66.2,79.11,83.88,2,Yes,0,80,74,Not Placed,0.0
4809,22,Male,ME,9.01,93.21,89.76,94.41,0,No,1,84,66,Placed,13.01
4810,21,Male,EEE,7.69,88.78,50.82,92.76,3,No,0,60,45,Not Placed,0.0
4811,22,Male,CE,6.5,59.51,70.95,58.41,1,No,5,56,97,Not Placed,0.0
4812,22,Male,CSE,6.34,57.63,99.22,95.56,1,Yes,1,47,100,Not Placed,0.0
4813,21,Female,ME,6.09,67.38,78.99,84.82,2,Yes,5,70,40,Not Placed,0.0
4814,23,Male,IT,9.12,70.61,92.48,85.82,2,No,2,98,82,Placed,7.18
4815,23,Male,ME,7.91,96.6,98.18,65.2,0,No,2,58,67,Placed,4.18
4816,20,Male,EEE,8.55,65.08,84.25,85.8,4,No,4,50,68,Not Placed,0.0
4817,20,Female,ME,9.3,93.38,66.38,85.49,4,No,5,92,71,Placed,3.98
4818,23,Female,CSE,9.93,75.27,65.43,79.73,4,Yes,3,85,67,Placed,11.13
4819,24,Male,CSE,6.25,94.28,53.56,67.86,0,No,0,89,66,Not Placed,0.0
4820,22,Male,ECE,5.9,85.1,71.39,90.55,3,Yes,3,62,49,Not Placed,0.0
4821,24,Male,ME,7.31,85.42,95.77,96.88,4,No,0,76,57,Not Placed,0.0
4822,22,Male,IT,5.18,75.94,73.9,93.49,4,No,4,67,43,Not Placed,0.0
4823,23,Male,CE,8.96,92.02,95.55,62.15,1,No,4,62,77,Placed,6.53
4824,20,Male,CE,9.42,62.72,90.86,72.28,1,No,2,51,100,Placed,12.11
4825,20,Male,EEE,8.43,95.37,99.21,67.12,3,Yes,2,55,90,Placed,7.06
4826,24,Male,ECE,6.34,81.84,97.38,85.37,2,Yes,5,55,80,Placed,14.83
4827,20,Male,ME,5.62,71.94,85.32,91.57,0,No,2,53,81,Not Placed,0.0
4828,23,Female,IT,6.91,99.11,93.56,60.79,4,No,5,46,91,Not Placed,0.0
4829,24,Female,ECE,9.17,93.1,87.4,97.36,0,No,0,60,94,Placed,3.76
4830,22,Female,CSE,6.74,88.6,85.17,83.87,1,No,5,60,71,Placed,5.12
4831,20,Male,EEE,5.17,63.7,85.78,60.92,0,No,3,80,98,Not Placed,0.0
4832,21,Male,ME,6.37,98.69,86.05,68.55,1,Yes,3,74,44,Placed,11.06
4833,20,Male,CE,9.95,87.15,68.97,55.23,0,Yes,2,85,61,Placed,3.14
4834,22,Female,IT,8.38,80.26,71.18,79.85,1,Yes,4,63,96,Placed,12.68
4835,24,Male,CSE,9.5,96.09,64.7,58.46,0,No,3,40,87,Placed,9.56
4836,22,Female,ECE,8.87,58.11,57.41,84.65,4,No,4,53,96,Placed,9.8
4837,21,Female,EEE,7.7,56.95,72.92,86.86,4,Yes,2,59,61,Not Placed,0.0
4838,23,Male,ECE,5.74,78.19,95.0,73.97,3,No,0,67,41,Not Placed,0.0
4839,20,Female,CE,6.74,52.84,82.56,54.69,0,Yes,5,57,80,Placed,5.37
4840,24,Male,ECE,7.92,83.2,52.81,80.54,2,Yes,1,42,82,Not Placed,0.0
4841,23,Male,IT,9.35,62.04,90.56,68.61,3,No,3,66,73,Placed,8.85
4842,22,Male,CSE,6.34,55.95,96.77,97.48,0,Yes,5,45,89,Placed,11.13
4843,24,Male,ME,5.61,70.47,91.47,75.66,2,No,5,43,41,Not Placed,0.0
4844,23,Female,IT,7.79,73.3,86.38,53.61,4,No,2,40,85,Not Placed,0.0
4845,24,Male,CE,5.88,58.52,57.51,81.8,4,Yes,2,60,94,Not Placed,0.0
4846,21,Male,EEE,8.05,52.08,67.45,88.97,4,No,5,74,98,Placed,6.29
4847,21,Female,CE,6.32,70.7,78.26,58.03,2,No,3,100,75,Not Placed,0.0
4848,20,Female,CE,6.15,87.98,53.84,72.45,1,No,1,67,79,Not Placed,0.0
4849,20,Male,ECE,7.0,93.71,55.31,87.16,0,Yes,0,57,47,Not Placed,0.0
4850,21,Female,EEE,7.97,54.88,96.71,51.02,3,Yes,3,91,72,Placed,12.67
4851,24,Female,IT,7.73,76.23,85.13,51.45,3,Yes,5,100,72,Placed,14.9
4852,21,Male,CE,6.22,63.17,63.75,83.85,4,Yes,0,91,43,Not Placed,0.0
4853,20,Male,IT,9.46,68.73,66.37,86.26,1,No,2,74,57,Placed,13.97
4854,21,Male,ME,5.55,96.67,69.22,92.29,0,Yes,5,92,100,Placed,10.71
4855,21,Female,ECE,5.2,67.6,53.75,69.98,0,No,5,60,58,Not Placed,0.0
4856,24,Female,IT,8.01,68.27,86.96,69.49,3,No,3,55,49,Not Placed,0.0
4857,23,Female,EEE,5.62,60.47,58.84,77.62,3,No,0,95,89,Not Placed,0.0
4858,20,Male,CE,7.52,98.0,90.26,87.87,3,Yes,4,65,81,Placed,4.01
4859,24,Male,ME,9.76,72.82,92.29,82.05,0,Yes,4,78,80,Placed,8.31
4860,21,Male,EEE,8.49,78.52,81.92,66.37,3,Yes,4,98,69,Placed,9.74
4861,21,Male,ECE,8.09,72.66,88.49,67.33,0,Yes,5,48,61,Placed,9.11
4862,23,Female,ME,7.87,62.65,58.59,88.15,4,Yes,0,62,78,Not Placed,0.0
4863,20,Female,ME,5.9,90.52,78.8,76.73,1,No,4,41,77,Not Placed,0.0
4864,20,Male,ME,7.16,51.42,83.84,54.9,3,Yes,2,42,40,Not Placed,0.0
4865,22,Male,CE,6.71,84.51,83.08,57.65,0,Yes,5,93,69,Placed,7.99
4866,20,Male,CSE,9.77,79.71,55.86,92.56,4,Yes,0,72,44,Not Placed,0.0
4867,23,Male,ME,6.21,57.21,67.22,99.94,2,No,2,63,90,Not Placed,0.0
4868,22,Male,EEE,7.36,58.3,66.25,66.78,4,No,1,62,86,Not Placed,0.0
4869,22,Male,EEE,9.69,82.96,78.63,69.34,1,No,0,45,65,Placed,4.1
4870,21,Male,ECE,8.95,65.61,88.26,57.72,4,Yes,4,60,95,Placed,11.55
4871,21,Male,IT,9.82,63.29,78.53,61.79,3,No,4,86,85,Placed,9.57
4872,20,Male,IT,8.04,52.96,87.74,71.23,3,Yes,5,97,70,Placed,9.29
4873,22,Male,CSE,6.67,88.32,54.95,64.22,2,Yes,1,44,78,Not Placed,0.0
4874,21,Female,CE,9.13,94.13,93.91,85.07,0,No,5,52,80,Placed,10.42
4875,23,Male,CE,6.46,90.99,76.83,76.89,4,No,3,79,51,Not Placed,0.0
4876,21,Female,ME,5.82,73.3,51.87,91.11,2,No,1,95,56,Not Placed,0.0
4877,21,Male,CSE,8.53,76.7,82.16,86.23,3,No,4,52,57,Placed,4.22
4878,22,Male,ECE,8.19,62.11,75.87,56.41,0,Yes,4,58,41,Placed,3.1
4879,22,Male,ECE,9.39,58.64,61.02,56.17,0,Yes,3,48,88,Placed,8.22
4880,24,Male,IT,9.81,91.15,88.22,94.78,1,No,1,42,63,Placed,12.23
4881,23,Female,ECE,9.29,89.92,96.68,90.98,3,Yes,2,100,67,Placed,12.89
4882,22,Male,ME,5.3,88.87,66.13,73.4,0,No,1,70,91,Not Placed,0.0
4883,20,Female,EEE,8.32,73.17,74.7,56.52,1,No,2,97,78,Placed,8.37
4884,23,Female,ECE,8.92,93.23,56.41,94.93,1,No,4,85,49,Placed,12.0
4885,23,Male,CSE,9.91,96.31,96.49,61.54,3,No,4,95,86,Placed,11.63
4886,22,Male,ME,6.87,66.42,65.94,51.78,0,No,1,78,72,Not Placed,0.0
4887,23,Female,ECE,5.85,61.23,59.74,96.21,0,Yes,4,52,63,Placed,5.02
4888,22,Male,CE,9.26,73.21,73.92,90.45,4,Yes,5,80,50,Placed,10.46
4889,21,Female,ECE,6.59,58.97,52.16,84.67,0,No,5,50,47,Not Placed,0.0
4890,24,Male,CE,7.99,94.2,62.64,51.7,1,No,5,80,66,Placed,9.82
4891,21,Male,ME,6.95,66.9,53.38,76.42,2,Yes,3,50,65,Not Placed,0.0
4892,22,Male,ECE,7.01,78.81,56.37,82.68,3,No,0,85,51,Not Placed,0.0
4893,22,Male,CE,8.66,79.74,55.61,87.97,2,No,2,86,74,Placed,11.5
4894,21,Female,EEE,6.81,75.75,93.62,73.55,0,No,4,88,96,Placed,14.55
4895,20,Male,IT,8.47,57.83,96.52,97.67,1,Yes,2,40,54,Placed,14.34
4896,20,Female,ME,5.07,99.55,73.73,62.24,2,No,1,74,60,Not Placed,0.0
4897,20,Male,CE,6.62,58.63,81.52,53.49,3,Yes,3,94,76,Not Placed,0.0
4898,22,Male,CSE,6.6,87.58,84.8,66.64,4,No,2,74,99,Not Placed,0.0
4899,23,Male,ECE,8.74,89.57,69.57,83.09,2,Yes,4,42,69,Placed,13.33
4900,22,Male,CE,6.57,57.26,68.51,86.86,4,No,0,43,44,Not Placed,0.0
4901,23,Male,CE,8.17,96.66,83.78,86.92,0,No,5,63,56,Placed,12.38
4902,21,Male,CE,8.44,74.39,68.84,55.53,0,Yes,3,69,65,Placed,3.07
4903,24,Female,IT,8.29,81.44,79.05,94.25,3,No,1,71,73,Not Placed,0.0
4904,23,Male,CSE,8.02,82.11,75.76,64.04,4,No,4,88,72,Not Placed,0.0
4905,20,Male,CSE,7.07,75.25,76.22,60.5,4,No,3,59,57,Not Placed,0.0
4906,22,Female,EEE,6.87,57.1,91.47,80.72,3,Yes,4,75,64,Not Placed,0.0
4907,21,Female,IT,7.82,87.59,85.2,60.59,2,Yes,1,52,80,Placed,5.41
4908,20,Male,CE,5.32,79.09,98.03,75.4,3,No,1,95,100,Not Placed,0.0
4909,21,Male,ME,9.38,55.93,89.55,70.35,0,Yes,0,78,69,Placed,6.96
4910,24,Female,IT,9.13,85.02,57.29,61.6,4,No,3,43,76,Not Placed,0.0
4911,22,Female,IT,6.73,85.14,86.92,64.6,1,Yes,0,67,59,Not Placed,0.0
4912,22,Male,CSE,7.83,77.42,83.28,71.37,1,Yes,0,79,84,Placed,14.79
4913,24,Male,EEE,9.66,54.53,82.3,67.31,0,Yes,0,82,41,Placed,6.02
4914,22,Female,EEE,6.36,67.63,74.04,69.08,4,Yes,5,90,93,Not Placed,0.0
4915,23,Male,IT,8.71,52.55,53.12,86.77,4,No,2,97,52,Not Placed,0.0
4916,21,Female,IT,5.41,73.88,97.57,58.42,3,No,1,46,96,Not Placed,0.0
4917,20,Male,ECE,7.62,95.32,92.6,81.38,2,No,0,48,100,Not Placed,0.0
4918,24,Female,CE,9.42,50.11,74.34,83.91,3,Yes,2,61,79,Placed,9.01
4919,23,Male,CSE,7.76,63.33,57.93,90.1,1,No,2,43,81,Not Placed,0.0
4920,20,Male,CE,8.08,89.99,91.22,92.37,4,No,2,75,59,Not Placed,0.0
4921,20,Female,ME,9.54,50.49,71.53,57.93,2,No,0,72,45,Not Placed,0.0
4922,24,Male,ME,8.58,50.51,69.51,56.91,3,No,2,45,50,Not Placed,0.0
4923,23,Male,EEE,8.48,80.54,83.27,80.74,2,Yes,0,42,85,Placed,8.79
4924,20,Male,CSE,7.93,89.46,87.93,87.85,1,Yes,3,74,64,Placed,14.55
4925,20,Male,CE,8.16,88.83,53.14,63.62,2,No,1,72,81,Not Placed,0.0
4926,23,Male,EEE,9.02,88.98,88.38,76.29,4,No,4,46,49,Placed,3.43
4927,22,Female,ME,9.9,68.05,86.7,88.61,2,Yes,0,80,70,Placed,14.52
4928,20,Male,IT,8.98,94.14,79.46,88.38,2,Yes,1,74,82,Placed,11.4
4929,21,Male,CSE,8.54,50.64,66.92,82.69,3,No,0,94,43,Not Placed,0.0
4930,23,Male,CSE,5.68,65.61,58.24,53.94,2,No,5,96,64,Not Placed,0.0
4931,20,Female,CE,9.09,66.86,55.13,52.53,2,No,3,86,67,Placed,9.09
4932,24,Female,ECE,8.68,58.28,50.06,69.42,1,No,1,42,63,Not Placed,0.0
4933,21,Male,CE,8.85,66.81,60.32,51.33,2,Yes,1,96,74,Placed,13.1
4934,20,Male,IT,6.16,79.29,70.57,95.21,3,Yes,2,82,80,Not Placed,0.0
4935,21,Female,IT,9.52,76.01,62.18,51.01,3,No,0,57,100,Not Placed,0.0
4936,21,Male,EEE,5.49,65.97,65.45,51.48,4,No,0,42,99,Not Placed,0.0
4937,22,Female,CSE,6.27,87.47,69.52,58.27,1,Yes,4,98,44,Placed,10.17
4938,21,Female,EEE,8.32,85.74,65.41,81.35,0,Yes,2,91,72,Placed,9.1
4939,22,Female,IT,8.37,64.03,86.23,77.08,4,No,2,78,50,Not Placed,0.0
4940,23,Male,ECE,6.57,66.16,74.59,82.97,2,Yes,4,66,47,Not Placed,0.0
4941,22,Female,CSE,8.51,64.38,50.97,94.68,1,No,2,48,60,Placed,8.67
4942,24,Female,IT,6.94,56.44,61.33,72.75,4,No,2,100,71,Not Placed,0.0
4943,20,Female,ECE,5.0,87.64,85.48,52.19,3,No,3,56,44,Not Placed,0.0
4944,23,Male,CE,5.81,52.31,65.05,88.17,1,No,5,99,73,Not Placed,0.0
4945,23,Male,ME,9.41,57.53,96.01,90.6,1,Yes,1,80,48,Placed,3.3
4946,24,Male,IT,6.11,55.27,85.63,52.49,2,No,4,81,77,Not Placed,0.0
4947,22,Male,ME,5.56,91.27,64.5,62.14,1,Yes,3,84,82,Not Placed,0.0
4948,20,Female,EEE,8.41,52.2,75.82,88.53,1,No,5,44,71,Placed,8.25
4949,22,Male,ME,7.2,83.23,83.36,68.81,0,No,3,85,49,Placed,14.76
4950,21,Male,IT,8.98,52.22,59.67,73.63,2,Yes,3,43,51,Placed,3.12
4951,22,Male,ME,9.31,89.32,62.31,91.16,1,Yes,2,53,74,Placed,7.4
4952,23,Female,CSE,9.23,95.64,75.36,54.73,1,Yes,5,68,78,Placed,11.08
4953,20,Female,IT,6.57,74.34,96.24,83.86,0,No,5,50,57,Placed,4.91
4954,22,Male,ECE,7.53,90.23,67.2,60.75,0,Yes,4,99,62,Placed,9.73
4955,20,Male,ME,8.25,85.32,70.11,53.13,3,No,2,61,51,Not Placed,0.0
4956,20,Male,CSE,6.61,89.78,59.53,83.12,2,No,2,81,70,Not Placed,0.0
4957,21,Female,EEE,5.21,88.34,79.66,56.07,0,No,3,44,50,Not Placed,0.0
4958,21,Female,EEE,7.48,60.27,87.01,87.35,1,No,0,92,73,Not Placed,0.0
4959,23,Female,ME,5.06,74.98,72.03,60.14,0,Yes,4,51,66,Not Placed,0.0
4960,24,Male,EEE,9.75,98.02,87.51,52.43,4,No,4,60,60,Placed,5.04
4961,20,Female,ECE,8.98,67.18,65.13,54.96,3,Yes,3,54,49,Placed,6.41
4962,24,Male,IT,5.96,98.52,85.35,92.06,3,Yes,3,63,52,Not Placed,0.0
4963,23,Female,CSE,6.44,79.16,62.92,68.55,2,Yes,1,52,97,Not Placed,0.0
4964,20,Male,CE,9.91,73.08,89.03,65.11,3,No,3,71,84,Placed,10.69
4965,20,Female,ME,6.87,82.89,91.53,74.56,2,Yes,2,65,86,Placed,11.91
4966,24,Male,EEE,8.92,90.79,89.89,81.65,4,No,3,79,64,Placed,9.13
4967,22,Female,IT,7.23,69.71,60.77,51.86,1,Yes,4,65,52,Placed,10.33
4968,21,Female,CE,9.32,51.65,84.71,94.91,4,No,0,75,80,Not Placed,0.0
4969,22,Male,ECE,8.52,85.44,76.93,97.92,2,No,0,84,45,Not Placed,0.0
4970,24,Male,EEE,5.11,97.81,99.3,70.87,2,No,2,69,74,Not Placed,0.0
4971,21,Female,EEE,6.47,81.25,68.08,70.63,2,No,0,86,67,Not Placed,0.0
4972,22,Male,CSE,7.79,59.42,88.56,93.93,1,No,3,48,59,Placed,8.88
4973,21,Male,ECE,9.63,62.41,68.5,71.47,2,Yes,0,63,59,Placed,12.38
4974,20,Male,ECE,5.51,95.49,69.84,92.81,4,No,3,99,80,Not Placed,0.0
4975,22,Female,ME,8.01,50.68,55.55,51.42,1,No,5,77,43,Placed,13.61
4976,21,Male,CE,6.51,77.44,61.98,74.48,4,Yes,1,57,59,Not Placed,0.0
4977,21,Male,CSE,9.45,57.93,58.22,97.62,1,Yes,4,48,44,Placed,11.35
4978,21,Male,ME,8.83,64.14,57.96,62.64,2,Yes,5,61,61,Placed,8.6
4979,22,Male,CSE,6.85,65.35,50.45,63.31,1,No,2,95,63,Not Placed,0.0
4980,23,Female,ECE,5.84,60.96,89.69,81.51,0,Yes,1,77,83,Not Placed,0.0
4981,22,Female,CSE,5.06,89.62,73.4,96.31,4,Yes,0,60,56,Not Placed,0.0
4982,24,Female,CSE,8.11,66.61,90.21,59.94,0,Yes,2,46,44,Placed,8.69
4983,22,Male,CSE,7.03,67.27,80.63,96.08,0,No,3,51,96,Placed,3.98
4984,21,Female,IT,6.57,72.65,91.57,83.15,2,No,1,75,65,Not Placed,0.0
4985,20,Male,IT,9.93,95.11,75.19,99.65,2,No,4,97,75,Placed,14.15
4986,22,Male,CE,7.33,84.41,54.7,86.82,0,Yes,4,50,47,Placed,9.52
4987,22,Female,CE,8.75,53.09,80.84,83.39,1,No,1,42,48,Not Placed,0.0
4988,21,Female,ECE,5.89,51.96,83.89,90.75,2,No,1,66,56,Not Placed,0.0
4989,20,Female,CSE,5.07,78.32,81.33,58.76,4,No,1,99,95,Not Placed,0.0
4990,20,Female,ECE,7.09,94.35,90.07,97.3,0,No,0,46,47,Not Placed,0.0
4991,24,Male,IT,8.33,66.16,86.57,58.28,4,No,5,41,44,Not Placed,0.0
4992,22,Male,CSE,7.53,62.39,71.63,51.28,4,No,5,49,49,Not Placed,0.0
4993,20,Female,ME,9.45,87.41,90.96,84.89,4,No,5,42,89,Placed,5.26
4994,20,Male,IT,7.17,80.1,84.59,59.23,0,No,4,56,99,Placed,4.67
4995,23,Male,IT,6.56,78.25,56.02,87.94,3,Yes,4,82,94,Placed,6.82
4996,23,Female,IT,9.58,57.47,76.99,89.75,2,Yes,0,99,53,Placed,13.34
4997,20,Female,CSE,7.03,58.8,86.43,61.83,4,No,2,40,66,Not Placed,0.0
4998,24,Male,CE,6.35,64.09,77.66,54.34,0,No,4,73,66,Not Placed,0.0
4999,20,Female,EEE,5.49,60.34,97.45,75.04,3,Yes,2,52,44,Not Placed,0.0
5000,21,Female,ME,8.97,98.57,55.07,94.51,0,No,2,53,54,Placed,3.48
5001,22,Female,ME,9.13,50.93,86.12,92.36,2,Yes,2,56,67,Placed,10.22
5002,24,Male,ECE,5.17,81.3,91.22,55.85,0,Yes,4,73,44,Not Placed,0.0
5003,21,Male,CSE,6.79,75.88,85.13,98.24,1,Yes,3,56,61,Placed,13.09
5004,24,Male,CE,8.75,66.16,69.28,63.2,1,No,2,90,51,Placed,13.89
5005,21,Male,IT,9.73,94.38,69.27,67.47,4,No,5,96,81,Placed,6.44
5006,22,Male,EEE,6.89,83.51,79.33,57.45,0,No,3,80,47,Placed,12.41
5007,22,Male,CSE,9.36,99.92,69.85,68.89,0,No,0,95,98,Placed,6.72
5008,23,Male,CSE,6.97,58.43,94.16,81.78,4,No,5,64,40,Not Placed,0.0
5009,21,Female,CE,5.9,54.39,55.5,75.3,4,No,3,83,74,Not Placed,0.0
5010,23,Male,EEE,5.02,56.97,81.96,91.38,3,Yes,3,69,99,Not Placed,0.0
5011,21,Female,IT,6.65,63.46,56.71,82.07,0,No,1,87,55,Not Placed,0.0
5012,23,Female,CSE,6.89,70.84,77.01,63.18,2,Yes,2,75,94,Not Placed,0.0
5013,22,Male,ME,9.73,93.13,85.78,77.87,2,No,4,95,69,Placed,12.75
5014,24,Female,ME,6.03,64.18,58.28,53.21,2,No,1,50,82,Not Placed,0.0
5015,23,Female,EEE,6.91,95.76,85.2,79.04,4,No,5,60,80,Not Placed,0.0
5016,21,Male,IT,5.13,73.15,57.0,69.48,4,No,3,59,49,Not Placed,0.0
5017,21,Female,EEE,8.82,82.35,81.03,54.92,4,No,0,68,73,Not Placed,0.0
5018,22,Male,CSE,9.58,63.22,75.28,65.37,2,Yes,4,43,91,Placed,13.98
5019,21,Female,ME,6.19,57.8,64.9,94.9,3,Yes,0,73,50,Not Placed,0.0
5020,20,Male,ECE,7.14,93.47,55.58,79.3,1,No,3,81,59,Placed,12.53
5021,24,Female,EEE,5.61,55.48,86.79,95.16,0,Yes,0,80,82,Not Placed,0.0
5022,23,Male,ECE,7.28,88.7,69.09,70.54,1,No,1,100,46,Not Placed,0.0
5023,24,Female,ECE,5.67,79.05,54.33,98.95,0,Yes,0,96,60,Not Placed,0.0
5024,22,Male,CE,7.62,93.06,88.64,68.0,4,No,1,56,99,Not Placed,0.0
5025,23,Female,ME,8.67,85.89,61.64,87.84,2,No,2,51,50,Placed,9.11
5026,23,Female,EEE,7.77,64.08,86.82,65.27,1,Yes,4,43,76,Placed,13.18
5027,20,Male,ECE,6.23,78.72,78.24,55.3,4,Yes,0,80,62,Not Placed,0.0
5028,22,Female,CSE,6.77,50.65,59.73,91.65,0,No,1,53,83,Not Placed,0.0
5029,21,Male,CE,8.19,73.76,53.82,88.13,1,No,3,43,70,Placed,8.27
5030,20,Female,IT,7.95,54.3,79.66,91.03,1,Yes,5,73,57,Placed,9.46
5031,20,Male,CE,5.68,71.45,51.26,64.98,1,Yes,3,57,63,Not Placed,0.0
5032,24,Female,IT,9.22,55.48,53.27,85.18,1,No,1,52,61,Placed,14.62
5033,24,Female,ME,7.38,97.77,85.11,61.0,1,Yes,4,49,76,Placed,3.94
5034,24,Male,EEE,5.81,76.15,76.94,50.57,4,Yes,2,53,86,Not Placed,0.0
5035,20,Male,EEE,5.61,95.66,66.31,93.32,0,No,2,48,83,Not Placed,0.0
5036,21,Male,IT,9.83,51.12,76.96,76.18,0,No,4,82,40,Placed,8.34
5037,23,Female,CSE,6.41,81.88,79.58,99.18,3,No,5,59,89,Placed,9.85
5038,24,Male,IT,9.54,65.35,78.26,69.25,2,No,0,40,45,Not Placed,0.0
5039,21,Male,IT,7.05,71.59,82.13,97.84,1,No,1,83,77,Not Placed,0.0
5040,22,Female,EEE,6.93,93.65,97.01,80.75,0,No,2,68,68,Placed,3.48
5041,24,Male,ECE,8.5,99.0,69.44,75.61,2,Yes,4,56,82,Placed,4.65
5042,23,Female,CSE,5.05,62.32,65.06,65.14,2,Yes,2,88,96,Not Placed,0.0
5043,22,Male,EEE,6.69,97.41,51.92,91.26,4,Yes,2,47,50,Not Placed,0.0
5044,22,Male,CE,6.51,84.44,57.35,91.44,1,Yes,0,56,55,Not Placed,0.0
5045,23,Female,IT,9.34,97.57,55.31,70.85,3,No,2,60,45,Placed,6.02
5046,24,Male,ECE,7.65,78.12,66.77,86.36,2,No,1,64,40,Not Placed,0.0
5047,20,Male,CSE,6.82,98.04,80.5,72.36,4,No,4,59,99,Not Placed,0.0
5048,23,Female,ME,6.33,94.62,52.32,86.98,1,No,5,98,94,Placed,4.0
5049,23,Male,CSE,7.95,56.43,86.38,99.71,0,No,5,64,87,Placed,12.68
5050,23,Female,CSE,5.76,65.54,69.87,63.12,3,No,5,60,99,Not Placed,0.0
5051,22,Female,IT,6.23,62.15,98.18,81.7,1,Yes,0,52,74,Not Placed,0.0
5052,21,Male,IT,6.47,78.6,78.42,68.99,4,No,5,96,63,Not Placed,0.0
5053,20,Male,ME,8.04,90.14,88.57,77.42,4,No,0,52,77,Not Placed,0.0
5054,24,Female,ME,6.87,87.97,93.06,93.71,4,Yes,5,86,42,Placed,7.18
5055,24,Male,ME,7.53,86.34,94.44,67.38,4,Yes,4,89,90,Placed,5.48
5056,21,Male,EEE,8.25,68.76,75.92,53.62,4,Yes,1,69,100,Not Placed,0.0
5057,23,Female,EEE,9.78,56.98,69.84,89.95,3,No,5,52,79,Placed,14.36
5058,20,Male,IT,8.82,60.53,78.03,77.75,2,Yes,2,79,93,Placed,4.08
5059,24,Female,IT,7.03,87.08,70.1,72.47,2,No,2,46,41,Not Placed,0.0
5060,24,Male,ME,8.74,57.38,62.04,59.17,0,Yes,5,94,90,Placed,5.85
5061,23,Male,EEE,9.75,61.15,66.2,54.64,2,Yes,1,90,99,Placed,9.11
5062,21,Male,ECE,7.5,71.23,61.64,63.94,4,No,3,81,54,Not Placed,0.0
5063,20,Female,EEE,7.05,53.61,63.47,85.95,2,No,4,51,61,Not Placed,0.0
5064,21,Female,IT,5.39,60.63,54.68,70.59,2,Yes,1,41,85,Not Placed,0.0
5065,21,Female,EEE,9.46,57.49,71.32,78.51,4,No,2,98,85,Placed,9.87
5066,20,Male,IT,6.23,97.57,61.76,54.1,3,Yes,4,53,94,Not Placed,0.0
5067,20,Male,ME,5.32,59.58,72.42,56.16,4,No,5,81,43,Not Placed,0.0
5068,24,Male,ME,7.69,93.09,89.61,50.57,2,No,4,56,63,Placed,7.76
5069,24,Male,ME,9.23,55.74,72.42,83.66,2,Yes,2,52,58,Placed,3.15
5070,20,Female,ECE,7.03,93.48,97.73,63.22,0,No,1,40,69,Not Placed,0.0
5071,22,Female,ECE,8.92,79.97,57.39,98.35,4,Yes,3,94,61,Placed,3.42
5072,24,Male,IT,9.18,92.49,92.51,65.42,0,Yes,4,96,78,Placed,7.72
5073,22,Female,CSE,7.27,93.37,62.41,68.18,0,Yes,5,86,87,Placed,7.29
5074,20,Male,CE,7.95,79.82,96.7,73.47,1,Yes,4,40,79,Placed,4.18
5075,24,Female,ECE,7.67,95.88,61.36,65.96,0,No,4,86,66,Placed,12.06
5076,21,Male,IT,9.7,79.27,87.35,90.87,2,No,5,65,54,Placed,9.64
5077,20,Male,EEE,8.63,85.63,53.11,93.81,2,No,5,91,91,Placed,5.71
5078,23,Male,ME,9.63,70.8,81.49,50.55,1,Yes,5,86,76,Placed,12.11
5079,22,Male,ME,6.1,95.7,60.93,82.73,1,No,1,85,93,Not Placed,0.0
5080,20,Female,ME,6.55,91.21,83.51,84.3,4,Yes,4,52,40,Not Placed,0.0
5081,20,Male,IT,5.35,58.34,81.79,98.07,1,No,5,73,51,Not Placed,0.0
5082,24,Male,ME,7.5,78.82,96.18,68.52,3,No,2,79,48,Not Placed,0.0
5083,24,Female,ECE,9.37,94.84,81.33,59.76,2,Yes,2,48,58,Placed,12.26
5084,24,Female,EEE,6.63,89.65,70.41,76.03,2,No,5,90,57,Placed,14.62
5085,23,Female,ME,5.64,98.13,59.68,72.38,1,No,0,58,98,Not Placed,0.0
5086,24,Male,IT,5.34,61.57,82.87,89.59,1,No,4,62,78,Not Placed,0.0
5087,20,Female,EEE,7.24,68.37,55.82,95.2,2,No,3,80,50,Not Placed,0.0
5088,24,Female,ME,5.82,75.36,91.43,54.34,1,No,0,94,50,Not Placed,0.0
5089,21,Male,CSE,6.73,61.63,62.37,92.33,4,No,4,67,69,Not Placed,0.0
5090,24,Male,ME,9.1,69.7,76.21,95.45,1,No,4,69,59,Placed,10.69
5091,23,Male,CE,6.92,76.88,79.8,96.21,1,Yes,5,100,91,Placed,13.59
5092,21,Male,ECE,8.05,59.57,68.12,88.22,4,No,1,46,97,Not Placed,0.0
5093,20,Male,EEE,7.51,62.83,83.19,87.1,4,Yes,1,53,54,Not Placed,0.0
5094,20,Male,ECE,8.59,56.24,62.51,50.74,4,No,2,41,96,Not Placed,0.0
5095,22,Female,CSE,5.78,85.67,51.73,96.01,2,No,0,51,94,Not Placed,0.0
5096,21,Female,CSE,9.6,68.08,97.96,67.58,1,No,0,82,64,Placed,14.13
5097,22,Female,CE,8.22,61.01,66.0,52.06,4,No,5,88,88,Not Placed,0.0
5098,21,Female,ECE,6.35,75.37,85.67,70.65,4,No,0,41,42,Not Placed,0.0
5099,21,Male,EEE,5.62,53.41,75.38,86.64,2,Yes,5,67,97,Placed,5.43
5100,23,Female,CSE,5.75,96.17,83.45,72.1,3,No,2,93,82,Not Placed,0.0
5101,22,Female,CSE,8.91,64.72,55.55,87.9,1,No,3,67,65,Placed,13.83
5102,23,Male,ME,7.94,94.32,75.94,75.47,3,No,3,51,84,Placed,3.79
5103,21,Female,CE,6.9,74.88,69.61,64.97,3,Yes,5,69,67,Placed,9.26
5104,20,Female,IT,6.66,92.51,72.59,60.15,4,No,3,97,45,Not Placed,0.0
5105,21,Male,CSE,9.28,62.35,98.31,71.06,2,Yes,5,86,85,Placed,3.68
5106,23,Female,EEE,9.37,58.76,56.81,51.79,1,Yes,0,100,71,Placed,3.47
5107,22,Male,EEE,7.91,92.47,87.74,71.13,1,Yes,4,79,50,Placed,3.06
5108,22,Male,ME,7.62,60.65,66.52,53.43,1,Yes,0,79,52,Not Placed,0.0
5109,23,Male,EEE,9.08,87.31,64.52,93.85,3,Yes,5,61,56,Placed,8.57
5110,22,Female,ME,8.75,67.23,63.54,78.77,0,No,4,57,85,Placed,14.29
5111,24,Female,CSE,7.0,87.41,67.44,82.3,2,No,1,53,92,Not Placed,0.0
5112,20,Female,CSE,5.41,95.38,67.86,64.44,0,Yes,5,64,85,Placed,10.9
5113,20,Male,CSE,8.84,99.08,63.54,61.29,3,No,5,49,75,Placed,3.09
5114,20,Male,CSE,5.84,67.99,83.37,85.4,4,No,2,75,69,Not Placed,0.0
5115,22,Female,IT,5.08,68.38,52.39,83.58,0,Yes,3,87,43,Not Placed,0.0
5116,22,Female,CE,9.22,99.07,66.61,56.13,0,Yes,0,87,53,Placed,7.26
5117,21,Male,CE,7.89,93.08,64.01,61.93,2,No,0,100,85,Not Placed,0.0
5118,21,Male,IT,9.46,52.25,87.57,97.33,3,Yes,1,92,67,Placed,10.51
5119,20,Female,CSE,7.42,78.67,57.32,65.21,2,Yes,4,88,46,Placed,6.94
5120,24,Female,EEE,9.63,59.06,97.03,51.29,4,No,3,48,55,Not Placed,0.0
5121,21,Male,ME,6.77,99.7,58.53,53.19,1,No,2,50,53,Not Placed,0.0
5122,21,Male,CE,8.62,56.95,68.5,88.77,3,No,4,66,76,Placed,7.14
5123,22,Female,ECE,6.5,77.97,59.99,87.86,4,No,4,98,78,Not Placed,0.0
5124,24,Female,ME,5.01,83.26,64.33,69.09,4,No,5,97,88,Not Placed,0.0
5125,20,Male,ECE,6.9,96.85,88.05,57.66,0,No,3,52,66,Placed,10.0
5126,21,Male,ECE,8.69,92.36,73.82,74.91,2,Yes,2,40,69,Placed,3.12
5127,24,Female,CSE,5.75,62.29,58.13,66.59,0,No,3,78,54,Not Placed,0.0
5128,24,Male,ECE,7.52,78.63,52.33,68.7,0,No,3,50,96,Placed,14.43
5129,20,Male,CSE,6.06,97.68,61.5,63.05,1,Yes,0,96,95,Not Placed,0.0
5130,24,Male,IT,5.37,86.79,97.28,53.14,2,No,2,42,78,Not Placed,0.0
5131,24,Male,EEE,8.09,84.42,92.27,89.56,1,Yes,4,41,81,Placed,13.9
5132,24,Female,ECE,9.76,87.75,72.01,80.91,4,Yes,3,85,57,Placed,14.57
5133,21,Male,EEE,6.55,66.13,74.1,91.73,1,No,1,81,50,Not Placed,0.0
5134,20,Female,CSE,7.9,86.46,94.97,75.16,4,Yes,2,63,61,Not Placed,0.0
5135,24,Male,ECE,9.77,61.64,79.57,99.25,0,Yes,1,59,85,Placed,9.72
5136,24,Male,ME,8.25,71.41,94.04,98.13,1,No,4,88,43,Placed,7.04
5137,21,Male,IT,8.37,94.5,74.59,63.59,2,Yes,2,79,42,Placed,4.84
5138,20,Female,CE,5.89,50.95,60.0,69.35,1,No,0,54,100,Not Placed,0.0
5139,22,Female,IT,7.46,70.72,86.3,87.64,4,Yes,2,93,63,Not Placed,0.0
5140,21,Male,ECE,6.84,63.34,76.32,88.83,3,Yes,4,45,53,Not Placed,0.0
5141,20,Female,IT,7.35,59.93,83.42,95.53,2,Yes,0,59,91,Not Placed,0.0
5142,24,Female,CE,9.0,91.93,57.86,82.63,4,No,4,61,42,Placed,9.57
5143,20,Female,ME,7.3,84.82,82.38,73.76,3,Yes,5,41,98,Placed,7.87
5144,20,Male,EEE,5.31,55.63,69.11,68.88,2,No,2,93,70,Not Placed,0.0
5145,20,Female,ME,9.53,74.72,66.6,70.96,3,No,4,54,92,Placed,12.13
5146,22,Male,IT,7.72,73.35,83.57,92.52,0,No,2,87,100,Placed,9.52
5147,20,Male,CE,9.62,57.13,79.61,99.0,0,No,0,73,96,Placed,5.17
5148,22,Female,EEE,7.86,89.99,82.46,52.6,1,Yes,2,93,97,Placed,6.23
5149,24,Male,CE,5.35,68.33,98.27,79.01,1,No,4,85,74,Not Placed,0.0
5150,22,Male,ME,7.76,88.1,85.06,76.0,1,No,4,96,70,Placed,11.31
5151,24,Male,CSE,7.88,59.6,82.04,68.81,1,No,5,94,96,Placed,9.1
5152,24,Female,CSE,6.07,65.75,80.68,92.58,3,No,5,99,91,Not Placed,0.0
5153,22,Female,EEE,7.36,54.76,69.94,78.79,2,No,4,70,51,Not Placed,0.0
5154,21,Male,EEE,7.3,57.17,91.96,65.66,2,No,1,69,49,Not Placed,0.0
5155,23,Female,EEE,8.11,94.16,69.05,72.21,1,Yes,1,67,59,Placed,14.73
5156,20,Male,CSE,6.3,55.46,85.01,67.84,0,No,1,91,57,Not Placed,0.0
5157,23,Male,ME,7.91,54.79,64.66,71.5,4,No,3,72,83,Not Placed,0.0
5158,20,Female,EEE,6.2,97.02,57.39,53.56,1,No,5,80,95,Placed,5.97
5159,20,Male,CSE,7.23,82.3,56.49,55.6,1,No,2,88,75,Not Placed,0.0
5160,24,Male,EEE,5.61,55.05,81.73,81.18,0,No,1,60,90,Not Placed,0.0
5161,20,Male,EEE,5.19,98.59,66.4,84.2,4,No,4,85,100,Not Placed,0.0
5162,20,Female,CE,6.6,57.36,63.75,81.83,3,Yes,4,62,58,Not Placed,0.0
5163,22,Male,EEE,6.37,88.32,79.6,88.15,3,No,1,81,56,Not Placed,0.0
5164,23,Female,CSE,7.03,51.74,51.28,97.18,4,No,5,52,79,Not Placed,0.0
5165,22,Female,ME,9.81,81.23,62.31,93.03,4,No,1,84,100,Placed,12.65
5166,20,Male,CSE,7.61,77.34,67.03,70.93,3,No,4,65,50,Not Placed,0.0
5167,24,Female,CSE,7.77,60.4,85.42,60.88,1,No,1,93,44,Not Placed,0.0
5168,22,Male,EEE,9.71,82.16,77.25,65.59,1,Yes,5,58,76,Placed,9.56
5169,22,Male,CE,9.61,80.85,92.8,79.39,0,Yes,3,66,84,Placed,13.97
5170,21,Female,ECE,9.42,89.92,66.73,92.81,4,No,3,79,75,Placed,10.97
5171,20,Female,ECE,5.49,93.79,64.82,85.09,1,Yes,5,98,84,Placed,10.79
5172,24,Male,ECE,8.17,75.51,51.66,77.15,1,Yes,3,46,87,Placed,7.15
5173,22,Male,CSE,9.04,74.51,97.59,80.09,0,No,0,64,83,Placed,12.25
5174,22,Male,EEE,9.18,81.08,75.07,76.41,4,Yes,3,88,53,Placed,3.36
5175,24,Male,ECE,7.89,86.46,75.13,98.58,0,Yes,4,79,92,Placed,9.67
5176,20,Male,IT,5.09,67.81,96.17,90.8,0,No,5,75,67,Placed,3.39
5177,21,Male,IT,9.87,75.23,64.5,89.06,3,No,0,46,92,Placed,6.68
5178,22,Female,IT,7.36,79.26,66.61,75.87,0,No,4,94,48,Placed,4.16
5179,21,Male,ME,6.97,99.42,82.82,66.59,4,No,4,59,98,Not Placed,0.0
5180,23,Male,EEE,6.97,79.39,89.26,50.98,1,No,5,63,77,Placed,10.54
5181,20,Female,CSE,7.12,61.21,84.97,52.17,1,Yes,5,100,68,Placed,11.02
5182,23,Female,CSE,6.21,79.4,89.44,51.51,3,No,1,67,64,Not Placed,0.0
5183,23,Male,EEE,6.64,90.97,78.76,99.02,4,Yes,5,88,47,Placed,11.8
5184,23,Male,CE,9.93,92.87,93.14,55.72,1,Yes,2,44,87,Placed,4.49
5185,20,Female,CE,6.84,90.01,77.51,57.11,0,Yes,3,91,58,Placed,10.41
5186,20,Male,ME,7.63,94.41,61.47,74.21,2,No,5,75,41,Placed,14.74
5187,24,Male,EEE,9.24,66.74,77.09,74.07,2,No,2,70,45,Placed,5.57
5188,21,Female,CE,7.64,75.38,85.65,96.0,2,Yes,2,90,69,Placed,10.44
5189,21,Male,ME,6.62,88.98,82.68,53.68,2,No,1,72,100,Not Placed,0.0
5190,24,Male,ECE,7.62,63.22,62.15,97.86,0,No,2,92,41,Placed,7.7
5191,24,Male,ECE,5.57,68.58,52.05,60.82,1,Yes,3,63,90,Not Placed,0.0
5192,23,Male,ME,5.65,91.56,62.62,98.51,3,No,0,49,58,Not Placed,0.0
5193,24,Male,EEE,8.47,88.5,99.2,77.07,0,No,4,77,52,Placed,4.12
5194,22,Female,ECE,9.59,98.56,59.22,82.6,1,Yes,3,83,88,Placed,14.55
5195,21,Male,EEE,8.63,99.8,73.22,65.79,4,Yes,1,88,92,Placed,11.75
5196,24,Male,CE,5.37,62.04,81.92,80.59,1,Yes,0,44,47,Not Placed,0.0
5197,22,Male,ECE,7.01,95.02,93.97,85.54,1,No,1,93,48,Not Placed,0.0
5198,22,Female,CE,5.01,54.73,88.01,50.52,1,No,3,70,62,Not Placed,0.0
5199,22,Male,EEE,7.56,85.49,95.45,51.71,0,No,4,48,76,Placed,6.28
5200,22,Male,EEE,5.97,61.0,80.22,99.32,1,No,2,71,47,Not Placed,0.0
5201,23,Female,IT,9.34,65.02,93.27,72.88,1,No,5,80,48,Placed,5.58
5202,22,Male,ME,5.52,97.32,63.19,96.79,4,Yes,5,44,55,Not Placed,0.0
5203,23,Male,CSE,5.01,63.16,71.53,86.49,4,No,2,90,55,Not Placed,0.0
5204,23,Male,ME,7.26,83.66,92.19,68.65,2,No,1,93,51,Not Placed,0.0
5205,22,Male,EEE,5.78,58.91,66.28,57.54,0,Yes,0,66,64,Not Placed,0.0
5206,21,Male,EEE,8.69,54.67,93.56,98.91,1,Yes,5,95,96,Placed,14.0
5207,22,Female,ME,9.6,66.97,68.16,79.22,2,No,4,67,50,Placed,14.56
5208,22,Male,EEE,5.21,81.21,68.17,59.62,2,No,1,82,57,Not Placed,0.0
5209,22,Female,CE,6.98,62.4,65.45,84.08,0,Yes,4,99,52,Placed,13.19
5210,21,Male,ECE,9.98,65.01,77.35,54.6,2,Yes,5,51,74,Placed,7.77
5211,20,Male,EEE,8.66,85.44,56.45,93.4,2,Yes,1,44,57,Placed,7.7
5212,20,Male,ME,9.77,55.14,51.83,54.51,0,Yes,0,47,82,Placed,12.7
5213,23,Female,ME,5.82,72.35,94.87,61.81,3,Yes,3,56,69,Not Placed,0.0
5214,23,Male,ME,6.11,97.09,96.45,54.57,2,Yes,2,47,82,Not Placed,0.0
5215,21,Female,IT,5.77,69.85,53.81,55.19,4,Yes,4,73,76,Not Placed,0.0
5216,24,Male,CE,6.51,71.71,77.48,76.19,2,No,4,62,69,Not Placed,0.0
5217,20,Male,CE,8.62,86.91,76.98,84.35,0,Yes,0,57,99,Placed,10.77
5218,23,Male,IT,5.82,88.95,68.62,89.42,0,Yes,4,90,42,Placed,12.58
5219,20,Male,CE,7.62,88.48,78.45,84.75,3,Yes,3,92,68,Placed,3.29
5220,21,Male,IT,6.35,99.89,72.91,68.17,3,Yes,3,49,64,Not Placed,0.0
5221,21,Male,CE,9.15,53.57,74.48,77.86,4,Yes,0,78,41,Not Placed,0.0
5222,24,Female,IT,5.03,99.11,87.77,96.38,4,No,1,80,86,Not Placed,0.0
5223,24,Male,IT,6.12,97.51,76.3,69.38,2,No,1,83,44,Not Placed,0.0
5224,21,Female,CE,8.03,92.61,66.18,62.62,3,Yes,4,83,99,Placed,8.28
5225,23,Male,IT,5.48,72.71,79.07,75.97,4,No,4,44,70,Not Placed,0.0
5226,20,Male,CE,7.33,93.55,82.04,64.87,2,No,0,82,44,Not Placed,0.0
5227,22,Female,IT,7.18,61.04,83.12,63.09,1,Yes,3,56,60,Placed,6.88
5228,24,Male,ME,9.26,89.58,80.92,88.94,2,Yes,0,86,87,Placed,11.98
5229,22,Male,CSE,8.13,59.26,83.23,94.54,4,No,1,50,88,Not Placed,0.0
5230,23,Female,CE,8.2,90.77,65.5,75.12,2,No,3,86,65,Placed,13.15
5231,24,Female,IT,9.76,80.73,72.31,88.99,1,Yes,4,87,46,Placed,8.25
5232,22,Male,ME,9.91,54.9,83.44,59.35,4,Yes,1,58,69,Placed,8.39
5233,23,Male,CSE,8.27,94.77,87.72,77.38,2,No,2,60,73,Placed,12.26
5234,20,Female,IT,7.61,78.9,71.71,81.81,4,No,1,83,67,Not Placed,0.0
5235,23,Male,CSE,8.04,82.81,68.27,74.53,2,Yes,3,42,53,Placed,6.2
5236,24,Female,CE,6.91,64.18,85.79,55.84,0,No,3,79,57,Not Placed,0.0
5237,21,Male,CSE,9.94,93.58,61.11,86.71,4,Yes,0,95,96,Placed,10.44
5238,20,Male,ECE,8.53,77.26,50.47,91.95,4,Yes,3,82,83,Placed,10.74
5239,22,Female,EEE,6.46,71.06,73.56,81.76,4,No,2,40,56,Not Placed,0.0
5240,24,Male,ECE,5.29,76.71,58.67,58.46,4,No,2,63,64,Not Placed,0.0
5241,21,Male,CE,5.22,85.17,68.91,53.73,2,Yes,3,75,45,Not Placed,0.0
5242,23,Male,CE,6.02,84.75,64.56,65.08,3,No,4,98,44,Not Placed,0.0
5243,21,Female,CSE,6.16,67.88,88.86,51.85,2,Yes,3,45,92,Not Placed,0.0
5244,24,Female,ME,7.08,69.26,66.57,91.96,1,Yes,4,49,60,Placed,9.78
5245,24,Male,IT,6.07,78.11,82.03,85.15,0,No,3,86,93,Placed,6.43
5246,21,Male,EEE,8.15,96.22,83.7,78.18,2,No,1,79,78,Placed,11.27
5247,23,Female,IT,6.06,87.27,72.82,94.48,2,No,3,85,98,Not Placed,0.0
5248,21,Female,ME,5.94,69.52,54.05,55.5,4,Yes,1,73,96,Not Placed,0.0
5249,24,Female,CE,7.36,66.85,85.02,85.72,1,Yes,4,63,89,Placed,11.62
5250,24,Male,EEE,9.44,76.18,53.76,57.33,4,No,3,62,59,Not Placed,0.0
5251,22,Female,ECE,7.34,93.5,54.96,53.05,4,Yes,4,59,50,Not Placed,0.0
5252,22,Female,CE,7.07,50.43,59.8,56.65,3,Yes,2,99,44,Not Placed,0.0
5253,20,Male,CE,7.89,85.52,64.02,97.55,0,No,5,92,77,Placed,12.28
5254,24,Male,CSE,6.29,64.73,92.32,72.02,3,Yes,0,77,78,Not Placed,0.0
5255,22,Male,ME,6.77,60.42,83.75,52.45,4,Yes,4,74,74,Not Placed,0.0
5256,21,Female,CSE,6.07,50.61,69.36,79.18,0,No,1,73,74,Not Placed,0.0
5257,23,Male,CSE,7.86,94.83,98.93,59.99,2,Yes,0,85,96,Placed,11.58
5258,21,Female,IT,8.49,95.61,62.18,50.34,1,No,5,89,64,Placed,3.78
5259,23,Female,CE,8.37,53.07,80.49,87.92,3,No,3,86,69,Placed,8.73
5260,22,Female,ME,6.27,76.09,92.36,57.74,1,Yes,1,75,41,Not Placed,0.0
5261,20,Female,CSE,8.9,57.63,90.1,97.12,4,Yes,0,55,59,Not Placed,0.0
5262,21,Female,ECE,6.28,87.93,54.52,79.64,0,No,0,62,75,Not Placed,0.0
5263,21,Male,EEE,5.75,83.27,84.86,54.35,2,No,4,83,76,Not Placed,0.0
5264,21,Female,ME,6.75,64.86,62.89,60.89,0,No,3,88,41,Not Placed,0.0
5265,23,Male,IT,7.99,55.85,67.79,80.54,1,Yes,3,40,87,Placed,13.96
5266,22,Female,ME,5.71,91.56,74.45,66.91,1,Yes,3,91,83,Placed,7.85
5267,21,Male,CE,8.24,83.71,89.54,76.61,2,Yes,4,48,86,Placed,8.43
5268,21,Female,IT,9.32,50.34,58.31,89.98,2,No,4,51,66,Placed,12.4
5269,20,Female,EEE,6.47,81.39,55.43,89.63,0,Yes,3,99,71,Placed,10.73
5270,20,Female,ECE,7.25,90.51,57.67,84.9,3,No,0,76,98,Not Placed,0.0
5271,22,Male,CSE,6.14,79.54,60.91,94.3,0,No,5,56,43,Placed,6.12
5272,22,Male,ME,6.81,71.24,52.98,59.97,1,Yes,3,42,66,Not Placed,0.0
5273,24,Female,IT,5.11,79.2,96.32,58.86,0,Yes,4,98,69,Placed,9.95
5274,20,Male,EEE,9.77,80.99,65.95,89.97,4,Yes,3,77,42,Placed,10.57
5275,24,Female,CSE,7.08,82.0,58.85,66.04,0,No,4,68,85,Placed,10.26
5276,23,Male,EEE,8.94,98.35,81.89,75.61,0,No,3,70,84,Placed,10.41
5277,24,Female,ECE,5.71,58.93,89.35,87.2,4,Yes,5,74,66,Not Placed,0.0
5278,21,Male,CSE,9.06,81.15,87.66,69.8,1,Yes,0,98,77,Placed,9.74
5279,24,Female,CSE,9.3,59.4,85.94,56.51,2,Yes,0,93,75,Placed,6.46
5280,22,Female,CSE,8.58,60.5,52.53,83.97,0,Yes,4,77,40,Placed,4.9
5281,23,Male,IT,9.52,83.46,89.11,90.86,3,No,4,92,74,Placed,10.28
5282,21,Male,CSE,5.84,95.8,75.09,50.64,2,No,1,65,95,Not Placed,0.0
5283,24,Male,EEE,7.38,57.95,82.45,78.13,3,Yes,2,52,51,Not Placed,0.0
5284,23,Female,IT,8.1,98.12,97.82,73.47,0,No,1,92,74,Placed,5.97
5285,23,Male,CSE,7.98,65.97,90.53,62.98,3,Yes,4,96,94,Placed,5.33
5286,21,Female,EEE,9.31,69.57,91.27,58.05,2,Yes,5,58,57,Placed,7.49
5287,24,Male,EEE,6.08,57.68,59.07,59.4,3,Yes,4,71,85,Not Placed,0.0
5288,23,Male,ME,5.88,80.79,73.82,86.25,3,No,3,86,76,Not Placed,0.0
5289,23,Male,EEE,6.27,79.82,97.47,76.81,2,Yes,1,66,62,Not Placed,0.0
5290,20,Male,CE,9.46,72.11,79.13,99.06,2,Yes,2,97,72,Placed,3.05
5291,23,Male,ECE,9.71,73.8,55.13,62.16,2,Yes,1,78,53,Placed,7.21
5292,20,Female,CSE,7.85,81.15,86.59,97.85,2,Yes,0,52,98,Placed,12.56
5293,24,Female,CSE,7.51,79.17,52.15,75.76,4,Yes,0,91,83,Not Placed,0.0
5294,24,Male,CSE,8.03,68.71,87.11,57.3,0,Yes,1,73,40,Placed,10.72
5295,24,Female,EEE,8.08,94.21,93.99,57.41,2,Yes,5,97,66,Placed,4.18
5296,22,Female,EEE,5.85,83.38,71.26,80.43,1,Yes,1,58,63,Not Placed,0.0
5297,24,Male,CSE,8.43,60.27,70.68,91.57,3,Yes,5,58,41,Placed,8.98
5298,23,Male,CE,7.26,66.0,65.21,87.39,2,No,4,42,51,Not Placed,0.0
5299,21,Male,IT,7.59,89.39,93.85,82.78,2,No,5,42,52,Placed,5.3
5300,20,Male,IT,5.15,55.23,77.39,58.61,0,No,3,65,66,Not Placed,0.0
5301,22,Female,ECE,8.82,87.51,78.96,55.42,2,Yes,0,45,59,Placed,3.37
5302,24,Female,ME,9.18,67.94,83.09,50.01,4,Yes,2,52,86,Placed,12.57
5303,24,Male,ECE,8.1,77.58,65.01,55.09,1,Yes,3,85,87,Placed,6.62
5304,21,Male,CSE,8.74,64.03,71.64,88.32,1,Yes,5,77,90,Placed,5.63
5305,21,Female,CSE,7.61,99.32,87.08,94.76,2,Yes,1,66,76,Placed,12.66
5306,22,Female,CSE,8.09,95.29,99.27,62.02,0,Yes,0,80,73,Placed,3.47
5307,20,Female,ME,6.97,96.42,51.72,89.74,2,No,1,63,45,Not Placed,0.0
5308,24,Female,EEE,8.96,59.24,52.13,59.94,3,Yes,0,49,47,Not Placed,0.0
5309,22,Male,ME,7.34,92.08,71.4,62.46,1,No,2,55,60,Not Placed,0.0
5310,23,Female,ECE,8.4,76.77,82.98,61.21,3,No,3,62,78,Placed,3.14
5311,23,Female,EEE,8.11,85.39,69.32,52.59,4,No,2,86,60,Not Placed,0.0
5312,22,Male,EEE,8.51,60.88,99.98,59.7,1,No,2,51,84,Placed,13.37
5313,24,Female,ECE,8.93,85.6,59.77,68.68,1,Yes,3,67,45,Placed,7.97
5314,22,Male,EEE,7.56,95.71,50.4,70.27,4,Yes,5,52,80,Placed,8.35
5315,24,Male,IT,9.07,63.37,59.51,65.47,3,Yes,3,57,83,Placed,9.29
5316,21,Male,ECE,7.49,61.67,94.34,75.74,2,Yes,5,97,98,Placed,8.74
5317,22,Male,ECE,9.78,55.22,57.26,68.9,0,Yes,2,41,69,Placed,12.35
5318,24,Male,IT,8.76,63.34,73.95,98.52,3,No,1,85,49,Not Placed,0.0
5319,22,Male,ME,5.86,76.79,70.96,90.37,4,Yes,3,56,50,Not Placed,0.0
5320,22,Male,ME,9.15,91.64,83.29,96.55,4,Yes,2,62,40,Placed,4.4
5321,24,Male,ME,7.76,63.94,52.73,77.87,4,No,2,62,49,Not Placed,0.0
5322,24,Male,EEE,9.92,81.06,82.94,83.92,1,Yes,2,40,64,Placed,3.58
5323,20,Male,IT,8.59,73.98,67.74,58.33,2,Yes,1,93,55,Placed,13.77
5324,22,Female,ECE,5.42,64.43,96.3,87.64,1,Yes,4,82,58,Placed,11.29
5325,23,Male,ECE,6.97,75.52,92.44,61.8,1,No,4,53,49,Not Placed,0.0
5326,22,Male,ECE,7.59,58.4,69.98,57.29,1,No,3,51,86,Not Placed,0.0
5327,22,Female,EEE,9.2,81.98,99.64,52.09,4,No,4,94,53,Placed,6.73
5328,24,Female,EEE,8.65,55.78,52.6,73.61,3,Yes,0,53,42,Not Placed,0.0
5329,22,Female,CE,6.85,86.55,89.43,64.34,0,No,5,88,43,Placed,10.88
5330,22,Male,ME,8.27,58.89,71.69,99.34,0,Yes,3,83,79,Placed,11.3
5331,23,Male,CE,7.88,99.91,71.67,62.49,2,No,3,77,72,Placed,8.37
5332,24,Female,CE,5.63,91.18,58.51,93.33,2,No,2,97,59,Not Placed,0.0
5333,22,Male,EEE,6.17,67.19,75.74,65.82,4,No,5,80,54,Not Placed,0.0
5334,21,Male,ME,6.71,71.31,54.24,87.46,0,No,0,83,46,Not Placed,0.0
5335,20,Male,ME,5.98,62.96,80.83,82.99,3,Yes,4,88,83,Not Placed,0.0
5336,23,Female,ECE,5.75,88.36,62.08,78.09,4,Yes,3,55,42,Not Placed,0.0
5337,22,Male,EEE,5.29,69.04,86.24,70.84,2,No,5,73,94,Not Placed,0.0
5338,21,Female,ME,9.37,87.76,80.37,83.56,4,Yes,0,57,66,Placed,3.88
5339,22,Female,CE,6.44,50.92,87.32,70.36,2,No,1,87,76,Not Placed,0.0
5340,22,Male,IT,6.45,56.78,87.49,77.41,0,No,1,49,68,Not Placed,0.0
5341,24,Female,IT,6.03,68.25,59.84,79.49,4,Yes,2,58,65,Not Placed,0.0
5342,24,Female,EEE,7.38,55.45,50.03,63.37,1,No,0,69,66,Not Placed,0.0
5343,24,Female,ECE,7.57,80.06,68.29,66.99,2,Yes,3,43,64,Placed,13.12
5344,21,Male,ECE,6.04,52.54,95.95,50.9,1,Yes,1,46,79,Not Placed,0.0
5345,22,Female,ME,8.04,92.99,78.89,92.61,2,Yes,5,55,82,Placed,14.09
5346,20,Male,EEE,8.61,88.07,86.38,87.8,1,Yes,1,90,90,Placed,6.97
5347,23,Female,IT,6.87,60.81,93.98,59.18,0,No,5,94,69,Placed,3.56
5348,24,Male,CE,7.93,74.19,95.3,68.1,0,Yes,4,76,83,Placed,13.03
5349,24,Male,ME,7.51,72.59,76.45,71.05,3,No,4,44,59,Not Placed,0.0
5350,22,Female,CE,5.98,86.24,77.05,66.72,3,Yes,0,94,46,Not Placed,0.0
5351,22,Female,ME,8.65,70.08,92.55,89.91,3,No,4,94,68,Placed,12.65
5352,21,Female,CSE,9.01,51.65,90.37,86.27,4,No,0,78,85,Not Placed,0.0
5353,21,Male,CE,8.24,63.69,84.94,88.36,2,Yes,3,96,73,Placed,9.27
5354,24,Male,EEE,6.62,73.31,80.22,95.21,4,No,3,88,65,Not Placed,0.0
5355,22,Female,CE,9.63,98.72,80.86,79.76,3,No,3,72,66,Placed,6.44
5356,20,Female,CE,7.28,94.06,68.15,80.73,2,No,4,74,93,Placed,6.0
5357,23,Female,ME,6.33,59.07,92.05,86.1,4,No,4,87,96,Not Placed,0.0
5358,22,Male,IT,7.04,86.16,80.89,84.06,0,No,2,93,83,Placed,11.82
5359,22,Male,CSE,8.46,96.84,61.18,93.49,2,No,1,73,48,Placed,7.77
5360,21,Female,CE,9.23,50.44,61.99,88.51,3,Yes,5,96,61,Placed,7.8
5361,23,Female,IT,6.78,86.05,93.08,56.02,0,Yes,3,72,51,Placed,14.45
5362,24,Male,ECE,6.16,72.97,81.29,96.42,2,No,4,92,45,Not Placed,0.0
5363,22,Female,CSE,8.13,84.01,69.94,84.15,4,Yes,1,78,45,Not Placed,0.0
5364,24,Male,CSE,9.61,80.28,59.36,56.36,3,Yes,3,49,66,Placed,13.35
5365,22,Male,ME,5.92,99.23,80.51,88.6,4,Yes,3,42,97,Not Placed,0.0
5366,24,Male,CE,9.02,64.44,59.22,67.92,0,Yes,5,89,93,Placed,3.11
5367,23,Male,ECE,7.38,89.31,73.51,90.3,0,Yes,1,68,58,Placed,6.55
5368,21,Male,ME,9.0,61.73,83.88,97.77,0,No,1,74,91,Placed,8.01
5369,23,Male,EEE,7.53,71.78,78.27,62.76,2,No,4,70,45,Not Placed,0.0
5370,20,Male,IT,6.89,98.77,96.1,92.87,3,Yes,1,99,97,Placed,7.75
5371,21,Female,IT,8.48,88.31,51.99,88.68,0,No,1,78,88,Placed,12.93
5372,23,Male,ME,9.5,65.79,63.99,83.56,4,Yes,4,54,56,Placed,10.95
5373,20,Male,IT,6.6,80.97,52.85,69.25,3,Yes,3,40,68,Not Placed,0.0
5374,22,Male,CE,7.3,52.48,59.73,55.49,4,No,5,95,62,Not Placed,0.0
5375,22,Male,IT,6.15,63.32,56.2,74.19,4,No,1,58,56,Not Placed,0.0
5376,24,Female,CE,5.92,85.92,86.63,55.28,0,Yes,5,76,60,Placed,3.75
5377,21,Male,EEE,8.89,78.5,68.47,75.01,3,Yes,2,97,49,Placed,5.07
5378,22,Female,ECE,6.0,73.48,96.25,91.01,1,Yes,0,66,82,Not Placed,0.0
5379,21,Female,CSE,8.97,84.54,51.17,99.88,2,No,5,60,47,Placed,12.99
5380,22,Male,ME,7.15,69.92,82.65,59.9,1,Yes,1,93,93,Placed,10.53
5381,24,Male,ME,9.98,51.31,98.53,60.39,2,Yes,5,46,53,Placed,9.85
5382,23,Male,CE,5.99,72.05,58.79,90.54,3,No,1,82,70,Not Placed,0.0
5383,24,Male,EEE,5.46,95.11,72.12,73.45,0,No,0,72,90,Not Placed,0.0
5384,20,Female,EEE,5.38,92.83,85.09,95.79,3,No,2,93,57,Not Placed,0.0
5385,22,Female,CSE,9.18,70.45,81.66,88.45,1,No,5,41,86,Placed,13.11
5386,20,Male,ECE,7.19,51.11,78.3,86.82,4,No,3,53,69,Not Placed,0.0
5387,20,Male,ME,5.02,81.82,66.34,55.1,2,No,2,81,57,Not Placed,0.0
5388,21,Male,CE,9.37,87.06,86.41,51.79,2,Yes,0,42,91,Placed,12.44
5389,22,Female,EEE,9.38,64.71,82.66,65.84,1,No,5,53,96,Placed,5.39
5390,20,Male,ME,9.03,73.83,58.14,60.86,0,Yes,1,44,64,Placed,8.45
5391,23,Male,CE,6.24,99.59,98.2,85.62,3,No,3,56,88,Not Placed,0.0
5392,20,Male,IT,6.86,78.82,77.78,72.54,1,Yes,2,78,76,Placed,12.97
5393,23,Female,ME,8.72,67.55,76.27,76.16,3,Yes,2,40,64,Placed,3.29
5394,21,Female,ECE,7.45,81.37,92.41,90.69,0,Yes,3,95,69,Placed,5.68
5395,20,Male,CE,5.77,59.0,82.02,73.93,4,No,2,82,69,Not Placed,0.0
5396,24,Male,ECE,6.21,59.96,53.72,77.25,3,Yes,0,67,75,Not Placed,0.0
5397,21,Female,ME,9.86,96.25,75.33,92.12,0,Yes,3,77,50,Placed,6.13
5398,23,Male,IT,5.76,61.96,89.03,71.57,1,Yes,0,87,87,Not Placed,0.0
5399,21,Female,ECE,8.63,65.54,85.0,54.16,4,Yes,3,98,78,Placed,5.57
5400,20,Male,EEE,7.39,77.19,98.54,76.09,4,No,0,53,66,Not Placed,0.0
5401,22,Female,CE,8.74,94.98,51.25,78.97,4,Yes,1,56,55,Not Placed,0.0
5402,22,Male,ME,8.31,89.07,63.06,75.59,2,Yes,1,54,77,Placed,5.93
5403,23,Female,IT,7.2,52.19,77.46,62.9,0,No,2,85,71,Not Placed,0.0
5404,23,Female,EEE,6.77,84.65,80.97,61.18,3,No,3,46,68,Not Placed,0.0
5405,22,Female,ME,8.77,75.2,63.72,68.49,1,No,5,81,91,Placed,12.82
5406,23,Female,IT,6.62,73.78,91.34,58.31,4,No,3,90,49,Not Placed,0.0
5407,21,Female,EEE,8.94,84.58,58.22,83.3,4,Yes,0,46,69,Not Placed,0.0
5408,24,Male,ECE,8.4,59.81,50.04,80.73,4,No,5,86,50,Not Placed,0.0
5409,24,Female,ME,7.89,99.07,97.62,81.62,0,No,2,98,54,Placed,13.0
5410,21,Female,ME,6.84,82.27,69.58,61.24,1,No,2,63,83,Not Placed,0.0
5411,24,Male,ECE,6.03,68.28,97.87,62.33,0,No,5,65,62,Placed,4.12
5412,20,Female,CSE,8.55,80.01,63.9,89.37,1,Yes,3,53,87,Placed,3.19
5413,21,Female,EEE,5.46,60.82,53.17,84.51,3,Yes,1,86,62,Not Placed,0.0
5414,23,Male,ECE,9.85,81.69,88.63,93.76,2,No,3,58,89,Placed,5.36
5415,21,Male,ME,9.89,51.41,91.79,70.18,1,Yes,5,92,46,Placed,4.63
5416,22,Male,EEE,5.65,67.06,74.6,77.37,0,No,3,65,100,Not Placed,0.0
5417,23,Male,EEE,5.52,87.38,53.69,86.94,0,No,4,55,53,Not Placed,0.0
5418,22,Male,CSE,7.06,90.4,82.71,98.71,0,Yes,0,73,48,Placed,12.05
5419,23,Male,ME,9.82,62.65,59.11,99.48,2,Yes,0,41,93,Placed,11.51
5420,24,Male,IT,7.0,76.97,92.47,99.96,1,Yes,4,40,67,Placed,4.25
5421,21,Male,CSE,6.82,76.42,63.7,94.53,1,Yes,2,87,45,Placed,14.73
5422,20,Female,CSE,8.52,71.07,92.39,81.98,1,Yes,5,90,82,Placed,12.03
5423,23,Male,IT,5.89,61.42,71.35,50.35,1,Yes,0,75,84,Not Placed,0.0
5424,23,Male,IT,6.82,85.16,79.82,84.98,4,Yes,2,74,61,Not Placed,0.0
5425,22,Male,CSE,6.46,62.62,89.48,61.93,4,Yes,1,82,99,Not Placed,0.0
5426,24,Male,EEE,8.01,95.55,52.02,52.86,0,Yes,2,63,100,Placed,11.78
5427,22,Female,ECE,5.81,76.43,91.06,84.86,4,No,0,88,57,Not Placed,0.0
5428,22,Female,ECE,7.74,93.52,56.93,87.8,1,No,5,44,83,Placed,3.88
5429,24,Female,CSE,9.29,64.54,67.92,82.97,1,Yes,5,94,77,Placed,8.06
5430,20,Male,EEE,7.57,90.35,73.64,68.26,4,Yes,2,68,61,Not Placed,0.0
5431,22,Female,IT,8.42,55.68,94.77,75.55,3,No,1,80,48,Not Placed,0.0
5432,22,Male,CE,5.38,88.34,51.12,96.75,0,Yes,4,40,57,Placed,8.79
5433,23,Male,CSE,7.25,69.35,77.96,86.48,2,No,0,96,96,Not Placed,0.0
5434,24,Male,ME,5.47,73.5,82.13,75.23,0,Yes,5,98,60,Placed,8.15
5435,21,Male,EEE,8.0,58.34,65.83,79.67,0,Yes,1,48,54,Placed,7.31
5436,20,Male,ME,6.41,50.93,64.52,96.38,0,No,3,75,48,Not Placed,0.0
5437,20,Male,ME,6.44,83.31,74.52,69.69,4,No,4,55,81,Not Placed,0.0
5438,24,Female,CSE,5.38,79.39,59.36,55.09,0,No,4,54,97,Not Placed,0.0
5439,23,Male,EEE,6.55,81.12,73.41,66.29,1,Yes,0,49,41,Not Placed,0.0
5440,23,Male,ME,7.53,62.75,88.25,70.76,0,No,1,76,53,Not Placed,0.0
5441,24,Male,EEE,7.92,61.96,92.27,63.65,1,No,5,55,60,Placed,4.39
5442,23,Female,ECE,5.33,91.51,69.26,76.45,4,No,5,77,82,Not Placed,0.0
5443,20,Male,CE,8.26,88.06,80.87,65.24,4,No,3,87,84,Placed,3.29
5444,20,Female,ME,7.44,66.84,50.0,55.16,0,No,5,75,73,Placed,7.21
5445,21,Female,ME,7.68,81.89,77.52,59.4,1,No,1,93,92,Placed,5.56
5446,24,Male,EEE,9.16,91.41,98.76,95.91,1,Yes,5,92,46,Placed,13.71
5447,22,Male,CE,6.71,94.44,65.61,81.48,1,No,2,54,99,Not Placed,0.0
5448,22,Male,ECE,5.87,50.29,79.74,65.72,1,No,5,42,54,Not Placed,0.0
5449,21,Female,ME,7.76,90.67,88.11,68.35,2,No,0,58,78,Not Placed,0.0
5450,21,Male,CSE,9.73,67.52,80.45,74.67,4,No,2,80,51,Not Placed,0.0
5451,23,Male,EEE,7.59,85.92,70.92,83.66,1,Yes,5,76,98,Placed,9.29
5452,21,Male,EEE,9.16,68.57,57.63,79.11,2,Yes,5,87,46,Placed,13.18
5453,21,Female,ME,8.79,80.31,73.19,96.63,2,Yes,5,98,44,Placed,12.92
5454,22,Male,ECE,7.59,82.34,64.74,81.29,4,No,2,42,86,Not Placed,0.0
5455,23,Male,ME,8.24,70.25,84.8,95.54,3,Yes,5,47,78,Placed,6.67
5456,21,Female,IT,7.03,75.64,72.1,50.27,0,No,4,63,93,Placed,3.52
5457,21,Female,ME,7.65,86.32,92.49,94.53,4,No,5,53,62,Placed,4.25
5458,23,Female,CE,7.54,73.82,59.67,86.07,3,Yes,4,100,92,Placed,9.86
5459,24,Male,CE,8.55,50.7,70.89,58.61,0,No,2,74,67,Placed,9.36
5460,23,Female,IT,7.05,50.65,77.88,63.15,0,No,5,55,73,Placed,6.58
5461,22,Female,CE,5.5,83.07,56.3,77.14,0,Yes,1,46,64,Not Placed,0.0
5462,24,Male,CE,8.94,92.36,79.4,56.25,2,Yes,0,80,41,Placed,11.51
5463,20,Female,CSE,8.42,89.26,64.55,89.27,1,No,5,74,90,Placed,7.09
5464,23,Male,EEE,9.75,65.52,61.48,89.56,0,Yes,0,47,48,Placed,10.25
5465,22,Female,CE,7.14,73.56,57.1,65.05,1,No,1,99,73,Not Placed,0.0
5466,24,Male,EEE,5.39,61.71,67.49,53.49,0,No,2,51,100,Not Placed,0.0
5467,23,Female,ECE,5.61,99.46,96.45,99.44,2,Yes,0,88,85,Not Placed,0.0
5468,21,Male,ME,8.87,63.03,51.55,62.54,0,Yes,5,99,86,Placed,13.33
5469,23,Female,CSE,5.34,70.81,92.61,53.38,4,Yes,4,85,95,Not Placed,0.0
5470,20,Male,IT,9.54,84.06,69.87,66.5,3,Yes,3,55,71,Placed,12.95
5471,23,Female,ECE,6.41,93.8,78.08,98.45,0,No,4,90,100,Placed,13.04
5472,24,Female,CSE,9.49,52.57,75.64,89.65,3,No,1,99,51,Not Placed,0.0
5473,24,Male,CSE,8.87,65.05,96.29,74.02,3,Yes,3,43,100,Placed,10.55
5474,23,Female,IT,9.36,78.45,88.51,65.27,2,No,0,74,100,Placed,7.3
5475,24,Female,IT,6.07,80.92,99.24,71.17,3,Yes,5,84,58,Placed,13.1
5476,21,Male,EEE,7.98,53.5,89.72,50.87,2,No,0,80,86,Not Placed,0.0
5477,23,Male,ME,5.47,83.2,64.79,85.92,0,Yes,3,84,77,Placed,9.72
5478,21,Male,ECE,6.01,76.4,98.14,54.98,1,Yes,0,100,96,Not Placed,0.0
5479,21,Male,ME,6.55,91.38,99.18,75.95,2,No,3,71,49,Not Placed,0.0
5480,22,Male,ECE,8.7,61.11,56.15,78.29,3,No,2,51,49,Not Placed,0.0
5481,23,Male,CSE,5.12,59.75,95.05,50.08,3,Yes,1,97,74,Not Placed,0.0
5482,24,Male,CE,9.52,89.67,83.21,98.99,0,Yes,5,60,80,Placed,8.08
5483,21,Male,CE,5.35,85.19,96.1,65.11,2,Yes,4,54,94,Not Placed,0.0
5484,22,Male,IT,6.88,89.58,95.79,53.86,0,Yes,3,74,76,Placed,8.91
5485,23,Female,IT,5.41,89.1,94.57,92.72,2,Yes,3,42,71,Not Placed,0.0
5486,23,Female,CSE,8.84,55.2,94.26,57.6,1,No,2,98,95,Placed,10.26
5487,20,Male,CSE,5.71,63.93,55.88,51.25,4,No,5,41,93,Not Placed,0.0
5488,20,Female,ECE,9.42,63.0,57.18,74.73,0,No,5,97,46,Placed,13.19
5489,21,Female,CSE,7.65,96.73,55.89,56.5,3,Yes,4,45,90,Placed,6.76
5490,20,Female,ECE,9.74,74.37,54.55,99.12,0,No,2,96,100,Placed,13.32
5491,21,Male,ME,6.45,55.55,67.66,50.52,2,No,2,55,49,Not Placed,0.0
5492,24,Male,IT,7.27,64.48,84.2,52.56,0,Yes,1,62,82,Placed,3.03
5493,21,Female,IT,8.47,93.6,67.73,91.66,1,No,0,70,77,Placed,11.78
5494,20,Female,CE,9.16,92.35,86.02,61.99,2,Yes,5,89,66,Placed,13.53
5495,24,Female,CE,7.11,95.02,91.01,95.58,3,Yes,5,80,71,Placed,8.81
5496,20,Female,IT,9.46,69.43,83.31,65.56,3,Yes,4,69,90,Placed,8.46
5497,21,Male,ME,5.59,82.07,73.26,53.49,2,No,2,42,46,Not Placed,0.0
5498,22,Male,ME,8.54,63.91,64.78,50.53,1,Yes,0,94,87,Placed,13.62
5499,23,Male,EEE,6.74,59.04,56.22,64.13,0,No,0,97,65,Not Placed,0.0
5500,20,Male,ECE,5.51,51.1,74.68,73.69,4,No,0,94,61,Not Placed,0.0
5501,21,Female,CE,6.93,61.17,85.98,50.05,3,Yes,5,55,97,Placed,10.14
5502,24,Male,ECE,9.4,80.22,77.41,79.06,1,Yes,0,43,51,Placed,12.88
5503,20,Male,CE,9.9,95.21,86.07,66.68,1,No,1,85,63,Placed,9.38
5504,20,Female,EEE,6.96,56.67,66.76,69.51,1,No,1,75,95,Not Placed,0.0
5505,23,Male,IT,9.43,95.9,53.34,63.07,0,Yes,2,67,93,Placed,9.86
5506,21,Female,ECE,7.55,67.27,88.55,76.45,1,No,0,89,89,Not Placed,0.0
5507,22,Female,CE,8.59,71.34,60.99,61.51,1,Yes,2,89,85,Placed,5.3
5508,24,Female,ECE,5.23,68.25,80.81,56.74,2,Yes,3,89,97,Not Placed,0.0
5509,21,Male,IT,7.79,70.43,90.21,94.53,2,No,5,67,68,Placed,10.32
5510,24,Male,CSE,5.35,62.96,56.96,69.53,1,No,1,98,71,Not Placed,0.0
5511,20,Male,CE,6.34,84.93,79.92,53.85,1,Yes,1,92,55,Not Placed,0.0
5512,23,Male,CSE,7.83,87.91,84.47,61.52,2,Yes,5,42,65,Placed,5.68
5513,23,Male,EEE,9.04,91.16,87.33,65.5,0,Yes,4,65,45,Placed,6.73
5514,22,Female,ME,7.8,67.06,57.38,88.48,2,No,3,78,40,Not Placed,0.0
5515,23,Male,ECE,9.68,88.23,91.26,51.11,2,Yes,1,52,52,Placed,9.68
5516,20,Female,CE,9.05,81.88,54.71,73.91,2,Yes,0,46,77,Placed,7.16
5517,22,Male,ECE,5.78,97.9,75.98,70.38,2,No,5,93,45,Not Placed,0.0
5518,21,Female,EEE,6.94,71.24,72.17,98.42,4,Yes,0,52,77,Not Placed,0.0
5519,23,Female,EEE,8.34,99.62,61.09,59.0,3,Yes,5,95,51,Placed,9.88
5520,22,Male,ECE,9.69,87.02,65.1,81.39,0,No,0,98,48,Placed,13.67
5521,20,Male,CE,9.94,88.81,58.22,60.11,0,No,5,43,59,Placed,4.13
5522,24,Female,IT,8.82,51.29,71.29,77.42,1,No,2,55,98,Placed,7.73
5523,24,Female,IT,7.87,74.87,51.78,77.75,4,Yes,1,96,78,Not Placed,0.0
5524,20,Female,ME,8.78,76.42,94.45,53.77,1,No,2,67,66,Placed,7.63
5525,20,Male,ECE,6.37,52.03,58.17,72.82,0,Yes,1,99,42,Not Placed,0.0
5526,24,Male,ECE,6.42,65.61,94.3,73.06,0,Yes,4,86,63,Placed,4.83
5527,22,Female,CE,8.27,97.78,93.18,65.96,1,Yes,2,52,54,Placed,7.04
5528,24,Female,ECE,9.36,71.31,72.58,63.86,3,No,1,81,73,Not Placed,0.0
5529,20,Male,CE,9.85,59.34,74.89,61.21,1,No,4,49,89,Placed,11.24
5530,23,Female,ECE,6.71,75.67,65.1,50.3,3,No,1,44,71,Not Placed,0.0
5531,21,Male,EEE,8.98,51.69,99.84,50.09,3,No,3,75,60,Not Placed,0.0
5532,23,Male,CSE,9.26,75.8,83.54,79.49,2,Yes,5,58,40,Placed,14.72
5533,23,Male,ECE,8.12,79.71,97.59,64.57,0,Yes,2,69,72,Placed,13.79
5534,20,Male,CSE,6.74,67.88,70.74,58.39,2,No,0,86,50,Not Placed,0.0
5535,24,Male,IT,8.1,88.13,94.15,84.24,0,Yes,4,80,42,Placed,8.8
5536,22,Male,ME,7.92,56.79,72.41,76.45,2,Yes,4,87,61,Placed,8.87
5537,23,Male,IT,8.03,93.91,93.34,95.75,3,No,0,67,49,Not Placed,0.0
5538,24,Female,ECE,8.1,97.77,56.55,91.55,2,No,4,70,83,Placed,10.16
5539,22,Female,CE,9.24,50.06,81.84,86.34,4,Yes,0,75,77,Not Placed,0.0
5540,23,Female,IT,5.85,92.14,83.94,56.33,2,No,0,96,63,Not Placed,0.0
5541,22,Female,EEE,6.84,75.31,82.81,83.3,2,No,1,82,46,Not Placed,0.0
5542,24,Male,CSE,7.93,73.07,72.35,84.7,2,Yes,2,88,88,Placed,6.43
5543,21,Female,CE,6.42,61.93,84.2,88.17,4,Yes,3,92,88,Not Placed,0.0
5544,24,Female,CE,9.89,72.37,61.97,63.16,0,Yes,4,40,75,Placed,13.21
5545,20,Male,ECE,6.32,97.52,79.79,82.01,2,Yes,1,48,40,Not Placed,0.0
5546,22,Male,EEE,7.35,60.54,77.71,80.91,0,Yes,3,51,40,Placed,13.75
5547,21,Male,CSE,9.39,58.95,65.92,69.27,1,No,3,62,65,Placed,13.75
5548,22,Female,EEE,5.4,62.09,88.94,83.18,3,No,4,51,56,Not Placed,0.0
5549,22,Male,IT,9.1,77.59,54.04,54.33,1,No,4,81,50,Placed,8.38
5550,23,Female,ECE,7.86,96.51,58.57,82.18,4,Yes,1,48,42,Not Placed,0.0
5551,20,Female,CE,5.16,78.69,73.56,80.3,4,Yes,4,92,100,Not Placed,0.0
5552,22,Female,CE,9.51,62.17,94.59,60.53,0,No,3,65,49,Placed,8.59
5553,24,Female,IT,5.2,72.02,78.76,90.91,0,No,4,69,41,Not Placed,0.0
5554,24,Female,CE,7.58,69.52,92.1,93.72,2,No,5,96,71,Placed,13.18
5555,23,Male,ME,5.25,52.33,75.88,60.52,1,Yes,5,59,55,Not Placed,0.0
5556,20,Male,ECE,5.36,75.53,89.27,53.8,0,No,1,55,87,Not Placed,0.0
5557,20,Female,IT,9.44,56.3,66.29,80.18,0,Yes,1,52,98,Placed,11.01
5558,24,Male,ECE,8.83,92.11,90.76,74.0,0,Yes,1,74,65,Placed,10.64
5559,21,Male,CSE,5.98,77.45,70.08,71.38,3,No,4,89,79,Not Placed,0.0
5560,23,Male,ECE,8.1,92.23,77.94,88.05,0,No,2,43,78,Placed,11.35
5561,23,Female,ECE,8.97,97.8,58.79,98.48,3,Yes,1,90,49,Placed,5.61
5562,24,Male,CSE,9.45,97.16,96.02,73.88,4,No,2,64,100,Placed,6.49
5563,24,Female,IT,7.34,55.02,85.07,50.31,2,No,0,52,95,Not Placed,0.0
5564,21,Male,ECE,9.49,97.24,92.94,79.81,1,Yes,1,99,75,Placed,14.05
5565,21,Male,EEE,7.54,89.79,60.39,82.7,0,Yes,2,67,69,Placed,9.26
5566,20,Female,ECE,8.44,88.88,53.38,91.4,3,Yes,2,84,48,Placed,14.71
5567,23,Male,IT,9.9,54.51,66.86,59.97,0,Yes,3,51,44,Placed,8.39
5568,23,Female,CE,6.18,58.98,75.83,76.22,0,No,2,63,46,Not Placed,0.0
5569,24,Female,CSE,5.84,98.76,90.12,72.36,3,No,3,67,75,Not Placed,0.0
5570,20,Female,CE,6.71,60.67,69.89,83.22,0,No,5,40,40,Placed,12.57
5571,23,Male,IT,5.82,58.45,63.5,53.2,1,Yes,5,73,66,Not Placed,0.0
5572,20,Female,ME,6.42,68.12,68.63,94.2,4,Yes,5,42,51,Not Placed,0.0
5573,20,Female,CE,8.71,95.67,85.18,75.56,2,No,2,61,55,Placed,4.17
5574,24,Female,ECE,7.39,73.81,66.81,93.85,0,Yes,2,60,87,Placed,12.67
5575,20,Male,ECE,6.88,96.03,98.96,67.01,3,Yes,0,66,47,Not Placed,0.0
5576,21,Male,CSE,6.84,66.72,58.75,82.68,1,No,2,60,64,Not Placed,0.0
5577,21,Female,ECE,5.97,61.33,87.65,97.84,0,No,4,61,52,Not Placed,0.0
5578,22,Female,EEE,7.24,74.76,79.46,97.17,4,No,4,52,80,Not Placed,0.0
5579,24,Male,EEE,8.12,80.77,61.65,97.21,4,No,5,83,49,Placed,9.5
5580,22,Male,CE,5.7,69.57,87.68,52.15,3,No,4,55,79,Not Placed,0.0
5581,21,Male,IT,9.86,67.3,72.38,70.15,0,Yes,0,85,72,Placed,14.8
5582,22,Male,CSE,7.22,60.9,84.12,53.04,0,Yes,2,63,74,Placed,12.17
5583,24,Male,ME,9.74,63.75,83.11,65.47,0,No,0,85,76,Placed,4.36
5584,24,Male,CE,5.67,83.66,55.53,58.73,4,Yes,2,56,78,Not Placed,0.0
5585,20,Female,IT,8.84,68.49,92.0,81.01,0,Yes,3,44,67,Placed,7.15
5586,23,Male,CSE,8.09,53.99,84.07,89.04,0,Yes,0,77,55,Placed,6.78
5587,20,Female,CSE,9.1,56.91,89.03,75.67,0,Yes,5,98,47,Placed,12.43
5588,24,Male,CE,8.0,68.62,72.39,89.77,0,No,4,81,72,Placed,7.33
5589,21,Male,IT,9.81,96.23,59.75,50.64,3,Yes,4,66,92,Placed,8.91
5590,21,Male,IT,8.13,68.95,66.31,91.02,4,Yes,4,93,74,Placed,9.4
5591,20,Male,ECE,8.92,53.03,95.07,58.92,2,No,2,80,94,Placed,6.25
5592,24,Female,ME,9.39,70.9,96.9,73.05,3,No,2,71,77,Placed,6.87
5593,21,Female,EEE,8.57,83.44,74.09,72.13,0,No,0,65,51,Placed,12.36
5594,24,Male,ECE,7.62,79.68,64.94,93.66,2,Yes,5,46,54,Placed,13.4
5595,21,Male,CSE,6.36,63.94,86.52,98.3,1,Yes,1,75,56,Not Placed,0.0
5596,24,Male,ME,9.27,84.4,88.3,62.76,2,Yes,2,94,66,Placed,10.26
5597,22,Female,ME,7.4,81.53,90.77,53.37,3,No,1,46,89,Not Placed,0.0
5598,24,Female,IT,8.1,58.61,51.55,82.53,4,No,1,82,60,Not Placed,0.0
5599,24,Male,ME,5.4,58.11,50.49,75.14,3,Yes,2,66,60,Not Placed,0.0
5600,20,Female,CE,7.49,77.36,67.86,78.29,4,No,0,77,56,Not Placed,0.0
5601,22,Female,ME,8.49,82.97,57.62,52.31,4,No,5,87,66,Placed,3.94
5602,23,Male,CSE,7.92,98.1,90.25,88.77,4,Yes,1,87,51,Not Placed,0.0
5603,20,Male,CE,7.24,71.1,76.64,61.62,1,No,0,63,87,Not Placed,0.0
5604,23,Female,CE,6.12,88.25,91.27,66.75,2,No,0,63,83,Not Placed,0.0
5605,21,Female,ECE,6.55,55.83,58.85,61.42,3,Yes,5,100,75,Not Placed,0.0
5606,23,Male,ME,8.5,94.48,81.36,97.3,3,Yes,2,84,67,Placed,10.02
5607,24,Male,IT,6.12,81.66,79.01,58.44,4,No,5,97,64,Not Placed,0.0
5608,23,Male,ECE,8.11,81.45,67.02,86.62,1,No,1,83,48,Placed,13.21
5609,20,Male,IT,7.95,57.12,75.85,62.29,1,Yes,0,68,86,Not Placed,0.0
5610,20,Female,ME,9.85,51.98,79.45,71.25,0,No,1,93,76,Placed,5.66
5611,23,Male,ECE,5.3,85.07,94.47,99.8,1,Yes,0,66,62,Not Placed,0.0
5612,20,Female,ME,5.54,55.85,52.78,55.03,4,Yes,2,73,50,Not Placed,0.0
5613,20,Female,CSE,7.53,56.35,91.17,94.07,4,Yes,0,60,89,Not Placed,0.0
5614,23,Male,ECE,7.64,59.38,99.01,97.3,2,No,2,84,40,Not Placed,0.0
5615,22,Male,IT,5.2,54.89,86.59,84.91,4,No,2,40,55,Not Placed,0.0
5616,22,Male,CSE,9.13,81.27,86.87,50.5,2,No,1,49,99,Placed,8.61
5617,21,Female,EEE,7.47,71.1,60.9,91.04,1,No,1,97,89,Placed,9.99
5618,20,Male,IT,6.73,63.3,76.15,94.11,0,No,5,69,52,Placed,12.88
5619,23,Female,ME,6.59,72.04,85.3,99.05,3,Yes,1,67,59,Not Placed,0.0
5620,20,Female,IT,9.31,92.21,80.11,91.97,4,No,3,100,55,Placed,10.31
5621,24,Male,EEE,5.98,96.35,69.26,72.28,1,No,1,81,93,Not Placed,0.0
5622,20,Female,IT,5.8,74.37,97.01,84.43,4,Yes,1,69,55,Not Placed,0.0
5623,20,Female,CSE,6.07,78.34,75.7,74.26,2,Yes,5,67,74,Placed,5.82
5624,22,Male,CE,8.13,62.86,98.49,67.65,1,No,0,68,89,Not Placed,0.0
5625,23,Male,IT,9.05,75.68,78.19,81.32,3,Yes,5,70,71,Placed,10.22
5626,20,Female,ECE,6.65,87.41,89.67,88.49,2,Yes,3,82,100,Placed,3.6
5627,22,Female,EEE,5.87,74.61,87.1,81.8,1,No,3,80,62,Not Placed,0.0
5628,21,Male,IT,6.05,65.1,83.04,91.33,3,No,0,43,95,Not Placed,0.0
5629,22,Male,EEE,8.1,79.1,50.72,58.82,2,Yes,1,88,64,Not Placed,0.0
5630,22,Male,CE,6.23,97.33,53.87,68.68,3,Yes,5,58,82,Placed,8.77
5631,22,Female,CSE,9.39,94.4,79.07,65.63,1,No,4,49,67,Placed,13.96
5632,20,Male,ECE,5.52,88.46,95.59,59.71,2,No,2,84,97,Not Placed,0.0
5633,20,Male,ME,5.16,63.81,80.06,72.16,0,No,3,70,84,Not Placed,0.0
5634,21,Female,IT,5.44,62.08,61.8,97.39,4,No,0,73,95,Not Placed,0.0
5635,24,Male,CSE,9.23,91.93,66.01,76.9,0,No,4,80,41,Placed,11.69
5636,24,Female,EEE,8.26,59.07,81.16,64.32,3,No,2,78,42,Not Placed,0.0
5637,24,Male,CE,9.79,80.28,79.85,67.7,1,Yes,4,97,70,Placed,13.99
5638,21,Female,EEE,6.68,71.95,97.79,80.65,4,Yes,1,81,72,Not Placed,0.0
5639,24,Male,CE,6.06,73.4,76.45,67.64,1,No,0,83,72,Not Placed,0.0
5640,24,Female,CE,7.81,72.73,67.75,76.92,3,Yes,2,70,86,Placed,4.9
5641,22,Female,CSE,7.69,95.0,76.25,63.71,1,Yes,2,93,93,Placed,5.26
5642,20,Male,IT,7.96,54.35,89.31,67.3,2,Yes,1,91,74,Placed,12.82
5643,20,Male,ME,6.74,89.15,77.02,85.29,2,No,1,50,75,Not Placed,0.0
5644,22,Male,IT,5.03,91.75,66.3,79.23,3,No,1,75,65,Not Placed,0.0
5645,22,Male,ECE,5.18,97.14,66.93,54.67,1,Yes,0,83,51,Not Placed,0.0
5646,22,Female,IT,8.32,72.63,87.84,98.66,3,No,3,83,95,Placed,11.2
5647,20,Female,CE,7.62,75.0,53.32,52.47,4,Yes,4,71,92,Not Placed,0.0
5648,24,Male,CE,9.11,98.06,63.74,54.15,1,No,0,62,83,Placed,8.35
5649,22,Female,ECE,6.5,72.92,57.65,85.07,2,No,0,79,85,Not Placed,0.0
5650,21,Female,EEE,9.08,75.18,97.23,85.4,0,No,4,91,50,Placed,8.75
5651,22,Female,CE,7.13,66.61,54.5,50.95,2,Yes,2,85,45,Not Placed,0.0
5652,23,Male,ECE,5.48,51.58,87.91,82.14,1,No,4,78,64,Not Placed,0.0
5653,22,Male,CE,9.89,71.65,81.52,51.66,1,Yes,1,42,85,Placed,12.76
5654,20,Male,ME,7.56,82.75,81.64,98.04,1,No,2,99,98,Placed,14.63
5655,22,Male,CE,8.15,84.5,88.17,84.81,1,No,0,67,98,Placed,14.57
5656,23,Male,CSE,8.35,50.33,70.02,59.33,4,No,4,64,73,Not Placed,0.0
5657,21,Male,ECE,6.81,90.05,70.04,57.91,0,Yes,0,67,74,Not Placed,0.0
5658,24,Male,IT,8.74,74.62,64.44,78.48,2,No,5,58,60,Placed,11.15
5659,22,Female,ECE,9.35,76.04,79.89,81.68,4,Yes,0,85,57,Placed,12.6
5660,23,Male,EEE,6.94,98.09,96.49,91.56,3,Yes,4,58,47,Placed,13.15
5661,23,Male,CE,8.29,64.22,96.2,95.17,1,No,5,81,73,Placed,14.76
5662,21,Male,ECE,8.79,88.08,85.15,69.63,2,Yes,5,83,91,Placed,4.82
5663,20,Male,ME,5.95,78.74,95.31,92.2,3,Yes,5,68,87,Placed,12.24
5664,22,Female,ECE,6.66,85.04,98.18,77.12,0,Yes,0,89,53,Placed,11.81
5665,23,Male,ME,5.54,70.89,89.76,73.53,2,Yes,3,58,58,Not Placed,0.0
5666,21,Male,CE,8.01,63.96,70.39,84.95,4,Yes,3,95,59,Not Placed,0.0
5667,24,Male,IT,9.0,77.31,74.16,55.16,3,No,0,57,43,Not Placed,0.0
5668,23,Male,CE,8.05,68.75,96.56,63.27,2,Yes,2,84,77,Placed,13.96
5669,21,Male,EEE,5.9,61.15,83.5,90.84,4,No,2,88,71,Not Placed,0.0
5670,20,Female,CSE,7.73,91.96,91.03,75.2,1,Yes,2,92,65,Placed,10.37
5671,20,Male,IT,9.17,73.79,55.81,95.4,2,No,2,63,67,Placed,9.14
5672,23,Male,IT,6.51,92.37,59.7,54.44,1,No,3,77,51,Not Placed,0.0
5673,23,Male,CSE,9.16,73.7,67.21,65.67,3,No,2,55,97,Placed,12.48
5674,22,Male,ECE,8.92,77.84,59.41,67.78,3,No,4,57,49,Placed,3.1
5675,21,Female,CE,5.11,99.76,95.32,71.14,3,Yes,2,99,80,Not Placed,0.0
5676,23,Female,ECE,6.2,97.58,60.84,99.34,1,No,4,80,74,Placed,13.33
5677,22,Female,ECE,7.71,63.58,77.86,65.53,1,Yes,3,52,72,Placed,10.42
5678,22,Male,CE,8.59,93.43,54.27,75.93,4,Yes,4,43,53,Placed,10.62
5679,23,Male,EEE,9.4,69.52,57.75,76.8,2,No,5,52,79,Placed,3.85
5680,20,Female,IT,8.21,53.56,62.37,88.54,4,Yes,4,74,62,Placed,6.44
5681,21,Female,ME,6.9,78.79,99.14,75.89,1,Yes,0,43,57,Not Placed,0.0
5682,21,Male,CSE,5.92,98.85,89.85,80.29,2,No,4,58,92,Not Placed,0.0
5683,20,Male,IT,8.8,98.72,83.68,87.67,3,No,5,63,83,Placed,6.97
5684,23,Male,ECE,6.03,56.32,95.81,55.06,4,Yes,0,72,51,Not Placed,0.0
5685,21,Male,CSE,8.48,88.56,97.81,98.17,4,No,5,72,81,Placed,8.98
5686,23,Male,ME,5.91,90.14,72.68,92.32,4,No,2,48,75,Not Placed,0.0
5687,23,Male,IT,5.46,68.44,66.38,69.44,1,No,4,94,64,Not Placed,0.0
5688,22,Female,IT,6.26,82.93,65.77,86.42,2,No,4,96,91,Placed,9.56
5689,20,Male,EEE,6.42,74.41,51.79,88.12,3,No,1,42,76,Not Placed,0.0
5690,23,Male,IT,8.24,61.39,63.98,92.51,1,No,2,42,79,Placed,5.17
5691,24,Male,IT,5.8,88.06,67.75,59.42,3,No,4,69,90,Not Placed,0.0
5692,20,Female,ME,9.65,63.14,51.84,85.19,0,No,4,57,61,Placed,8.52
5693,21,Male,ME,7.77,67.02,94.13,51.67,0,No,1,41,45,Not Placed,0.0
5694,22,Female,CSE,7.45,59.5,92.39,55.78,3,No,0,71,55,Not Placed,0.0
5695,21,Male,ECE,7.17,85.96,62.58,88.8,0,No,2,82,62,Placed,5.1
5696,21,Female,ME,7.83,72.94,90.13,90.65,2,Yes,1,48,48,Not Placed,0.0
5697,20,Male,CSE,5.11,72.17,89.81,79.62,2,Yes,2,41,82,Not Placed,0.0
5698,21,Male,IT,9.95,80.23,66.75,79.08,1,No,2,59,74,Placed,7.31
5699,23,Male,CSE,7.79,57.86,84.85,87.48,3,Yes,0,66,68,Not Placed,0.0
5700,21,Male,CSE,5.18,94.91,64.49,95.3,1,No,0,75,53,Not Placed,0.0
5701,22,Male,CSE,7.95,73.26,53.51,71.06,2,Yes,3,80,44,Placed,4.88
5702,22,Female,CE,7.19,68.33,75.24,55.74,2,No,1,85,60,Not Placed,0.0
5703,24,Male,CSE,5.12,56.33,71.92,91.95,2,No,5,58,92,Not Placed,0.0
5704,22,Male,ME,9.62,58.4,56.91,67.08,4,No,1,55,45,Not Placed,0.0
5705,21,Male,CE,5.05,96.02,74.53,56.69,0,Yes,2,65,40,Not Placed,0.0
5706,22,Female,ECE,7.89,72.83,97.47,80.73,1,No,3,53,70,Placed,14.91
5707,20,Female,CSE,9.81,86.11,86.57,78.9,1,Yes,3,86,84,Placed,14.48
5708,22,Female,EEE,6.19,54.03,86.94,73.71,2,Yes,2,57,80,Not Placed,0.0
5709,23,Male,IT,6.27,82.17,87.88,92.99,4,No,0,67,67,Not Placed,0.0
5710,20,Female,IT,5.0,96.08,87.23,63.61,1,No,3,86,42,Not Placed,0.0
5711,24,Female,CE,5.33,65.0,51.0,50.66,1,Yes,1,58,77,Not Placed,0.0
5712,23,Female,IT,5.22,78.96,96.23,66.17,4,No,0,69,91,Not Placed,0.0
5713,21,Male,IT,9.11,97.01,91.51,50.49,2,Yes,4,80,62,Placed,4.33
5714,21,Male,CE,9.18,85.97,63.73,77.18,4,Yes,3,60,79,Placed,9.77
5715,21,Male,IT,8.63,53.12,77.64,68.91,0,No,2,60,43,Placed,4.91
5716,23,Male,CSE,6.76,68.94,80.75,90.7,1,No,1,87,97,Not Placed,0.0
5717,23,Female,ECE,9.11,54.29,56.6,89.88,0,No,3,94,45,Placed,8.18
5718,23,Male,CE,7.7,93.07,62.7,71.73,1,Yes,2,69,51,Placed,14.04
5719,20,Male,EEE,6.52,81.08,51.16,60.82,0,No,1,88,51,Not Placed,0.0
5720,20,Female,CE,7.19,97.82,93.2,71.12,1,No,3,81,97,Placed,11.33
5721,21,Female,ME,5.33,50.99,51.25,82.07,2,Yes,1,76,46,Not Placed,0.0
5722,22,Male,EEE,9.72,71.15,65.93,59.51,3,No,4,80,67,Placed,7.8
5723,21,Female,ME,8.1,55.22,53.91,88.65,4,No,1,85,65,Not Placed,0.0
5724,24,Male,CE,8.66,67.52,89.07,66.53,1,No,2,71,87,Placed,8.22
5725,20,Female,ME,8.38,58.09,96.25,96.61,4,Yes,3,69,46,Placed,5.38
5726,23,Female,EEE,8.34,66.44,78.14,75.59,1,No,2,61,96,Placed,14.72
5727,20,Male,CSE,5.09,90.96,56.98,92.36,3,No,4,99,95,Not Placed,0.0
5728,23,Female,CE,7.63,58.03,77.91,80.79,2,Yes,5,63,42,Placed,5.5
5729,24,Female,CE,9.11,73.68,88.52,77.73,2,No,0,49,52,Not Placed,0.0
5730,24,Male,IT,5.22,96.08,85.92,84.11,4,No,1,63,91,Not Placed,0.0
5731,20,Male,CE,9.78,99.94,87.09,90.57,3,No,2,40,80,Placed,9.14
5732,23,Female,CE,7.12,62.53,63.96,82.23,4,No,5,95,50,Not Placed,0.0
5733,24,Male,CSE,6.45,96.78,53.69,89.86,2,Yes,3,93,78,Placed,10.94
5734,21,Male,IT,7.66,63.07,57.45,59.52,0,No,3,91,62,Placed,4.48
5735,21,Female,ECE,9.01,70.68,97.78,63.88,4,No,0,74,86,Not Placed,0.0
5736,23,Female,ME,7.37,93.9,80.68,61.49,1,Yes,3,55,40,Placed,11.98
5737,20,Male,EEE,8.23,89.31,86.39,89.92,2,No,4,44,73,Placed,10.8
5738,24,Male,ECE,7.5,92.87,94.95,54.31,1,No,0,70,70,Not Placed,0.0
5739,20,Male,IT,8.16,90.01,92.64,89.79,3,Yes,4,84,72,Placed,6.78
5740,21,Male,CSE,5.69,61.75,60.92,69.45,2,No,1,76,86,Not Placed,0.0
5741,24,Male,EEE,5.19,77.94,52.9,53.98,2,No,4,94,75,Not Placed,0.0
5742,20,Female,ME,5.68,69.26,96.26,71.22,4,Yes,1,64,75,Not Placed,0.0
5743,22,Male,CE,6.43,72.99,99.08,65.03,4,No,4,82,53,Not Placed,0.0
5744,23,Male,CE,6.27,57.7,78.37,79.6,1,No,0,88,76,Not Placed,0.0
5745,23,Male,ECE,8.08,65.79,94.42,73.63,4,Yes,1,64,71,Not Placed,0.0
5746,22,Female,ME,7.28,92.88,61.59,64.84,0,Yes,5,42,92,Placed,10.93
5747,21,Male,IT,5.19,94.88,55.55,93.11,2,Yes,4,93,67,Not Placed,0.0
5748,24,Male,ME,5.17,80.51,74.99,70.34,3,Yes,4,77,40,Not Placed,0.0
5749,23,Male,CSE,5.45,74.91,90.56,73.53,2,No,3,71,86,Not Placed,0.0
5750,22,Female,ECE,6.77,85.64,82.73,92.33,1,Yes,4,87,46,Placed,11.0
5751,22,Female,ECE,5.03,80.44,81.87,54.45,4,No,3,59,55,Not Placed,0.0
5752,21,Male,CSE,7.47,99.18,50.87,69.49,2,No,4,69,93,Placed,10.03
5753,21,Male,ME,6.8,59.5,65.87,70.14,4,Yes,2,41,71,Not Placed,0.0
5754,20,Male,CSE,7.78,72.45,96.97,74.79,1,No,3,44,63,Placed,4.08
5755,23,Male,EEE,8.6,95.91,56.71,55.31,4,No,0,58,53,Not Placed,0.0
5756,20,Male,CSE,6.25,95.74,86.32,55.13,3,No,0,59,86,Not Placed,0.0
5757,22,Male,ME,5.79,74.77,87.97,70.82,1,Yes,1,61,54,Not Placed,0.0
5758,24,Male,CSE,6.39,56.74,86.64,51.65,2,Yes,5,50,91,Placed,11.22
5759,24,Male,IT,5.01,90.75,99.46,62.75,2,Yes,5,94,40,Not Placed,0.0
5760,21,Male,CE,5.6,79.26,70.46,60.06,3,Yes,0,57,67,Not Placed,0.0
5761,24,Female,CSE,8.75,88.66,84.11,74.47,0,No,1,66,58,Placed,5.2
5762,24,Male,CE,6.11,73.13,59.68,50.56,4,Yes,0,70,96,Not Placed,0.0
5763,24,Male,CSE,9.97,60.19,69.99,83.79,2,Yes,3,74,97,Placed,14.9
5764,22,Male,ME,5.84,51.2,74.58,92.78,3,No,2,83,46,Not Placed,0.0
5765,24,Female,EEE,8.94,77.96,60.74,85.34,4,Yes,1,94,57,Placed,3.71
5766,24,Female,EEE,8.53,58.05,95.34,90.9,1,Yes,2,84,86,Placed,13.79
5767,24,Male,CE,6.61,59.36,85.81,82.17,3,No,4,60,52,Not Placed,0.0
5768,20,Male,ME,6.65,71.82,64.19,75.37,1,No,4,91,90,Placed,7.84
5769,22,Male,ME,7.82,72.1,56.75,60.95,1,Yes,2,59,57,Placed,6.34
5770,21,Male,ME,9.26,63.72,64.39,63.98,1,No,3,48,43,Placed,14.57
5771,20,Male,IT,6.93,56.6,81.15,65.89,4,Yes,2,70,89,Not Placed,0.0
5772,23,Female,ECE,5.31,97.25,91.32,51.9,0,No,2,48,43,Not Placed,0.0
5773,22,Male,CSE,6.87,56.58,75.16,95.65,1,No,2,97,66,Not Placed,0.0
5774,22,Female,ME,6.04,67.54,55.12,95.02,2,Yes,1,46,55,Not Placed,0.0
5775,23,Male,ME,9.7,65.24,62.47,55.39,4,Yes,1,72,53,Not Placed,0.0
5776,23,Female,ME,8.49,93.32,67.26,77.83,4,No,2,40,53,Not Placed,0.0
5777,23,Female,EEE,5.25,70.5,81.81,73.38,1,No,5,58,46,Not Placed,0.0
5778,21,Male,ME,6.46,56.2,62.33,84.17,2,No,3,42,84,Not Placed,0.0
5779,24,Male,CSE,5.25,50.51,61.7,80.15,3,No,4,78,95,Not Placed,0.0
5780,22,Male,ME,9.15,86.1,64.31,56.22,4,No,4,51,53,Not Placed,0.0
5781,24,Male,CSE,9.53,85.73,79.63,83.0,1,No,4,69,81,Placed,6.95
5782,24,Male,IT,5.56,70.89,74.63,80.44,1,No,0,55,84,Not Placed,0.0
5783,23,Female,ECE,7.2,56.32,92.08,76.56,0,No,3,52,45,Not Placed,0.0
5784,21,Male,EEE,9.66,68.58,84.9,70.12,0,Yes,1,89,82,Placed,11.74
5785,20,Female,CSE,5.73,79.49,83.34,97.75,3,Yes,4,63,96,Placed,12.85
5786,21,Male,CE,6.46,85.2,57.73,92.47,3,Yes,1,56,77,Not Placed,0.0
5787,24,Female,IT,6.52,53.91,52.76,79.25,3,Yes,1,66,66,Not Placed,0.0
5788,21,Male,ECE,5.15,77.82,75.5,50.32,3,No,1,68,50,Not Placed,0.0
5789,23,Female,ECE,5.18,63.81,53.58,71.61,1,Yes,5,95,70,Not Placed,0.0
5790,20,Male,ECE,9.76,80.86,68.2,85.02,1,Yes,1,80,90,Placed,9.39
5791,23,Male,CSE,7.86,82.41,51.31,55.86,1,No,2,53,88,Not Placed,0.0
5792,20,Female,IT,6.53,95.53,58.84,70.33,2,Yes,1,44,96,Not Placed,0.0
5793,24,Male,ME,6.89,70.52,55.52,59.59,3,Yes,0,82,42,Not Placed,0.0
5794,20,Female,CE,8.57,76.88,90.05,66.91,2,Yes,1,91,40,Placed,4.95
5795,20,Female,IT,6.83,63.41,67.31,51.33,4,No,4,77,55,Not Placed,0.0
5796,20,Male,IT,6.14,64.33,53.94,56.34,4,Yes,1,45,83,Not Placed,0.0
5797,21,Male,IT,5.51,52.3,63.27,72.74,1,No,4,63,66,Not Placed,0.0
5798,21,Female,CSE,8.64,64.3,84.14,94.91,4,Yes,1,79,85,Placed,5.44
5799,24,Male,CE,5.9,53.19,87.28,74.53,1,No,3,72,89,Not Placed,0.0
5800,20,Female,CSE,5.35,98.2,55.99,72.65,3,Yes,2,48,99,Not Placed,0.0
5801,22,Female,CE,7.13,81.21,88.93,89.38,2,No,4,81,42,Placed,7.18
5802,24,Male,CE,5.2,58.66,68.53,63.39,1,Yes,0,88,95,Not Placed,0.0
5803,20,Male,CSE,9.82,55.84,83.97,54.75,0,Yes,1,42,47,Placed,8.29
5804,20,Female,CE,8.14,68.51,83.58,60.48,0,No,4,62,89,Placed,3.35
5805,21,Male,IT,5.76,65.38,89.68,89.57,3,Yes,5,60,55,Not Placed,0.0
5806,24,Male,CSE,5.86,63.96,84.86,83.85,2,Yes,2,61,86,Not Placed,0.0
5807,20,Male,CE,7.85,73.41,51.94,54.58,1,No,5,84,93,Placed,9.37
5808,20,Male,ECE,6.78,95.64,75.97,83.35,3,Yes,1,47,41,Not Placed,0.0
5809,24,Male,CSE,8.87,78.4,58.31,96.58,2,No,2,59,68,Placed,5.98
5810,22,Male,EEE,7.73,76.06,98.5,52.25,0,Yes,0,53,55,Placed,4.52
5811,24,Female,CSE,7.17,90.33,62.79,80.82,1,No,4,69,94,Placed,5.03
5812,24,Male,CSE,9.81,50.2,71.01,68.96,2,No,0,91,68,Placed,13.52
5813,22,Male,CSE,6.95,59.87,59.84,75.05,4,Yes,2,47,70,Not Placed,0.0
5814,24,Female,CE,7.0,74.81,56.73,76.41,1,No,3,58,81,Not Placed,0.0
5815,20,Female,CSE,8.33,85.27,80.05,88.55,4,Yes,3,84,98,Placed,6.06
5816,24,Female,EEE,9.05,74.25,74.66,77.85,3,No,5,77,50,Placed,14.39
5817,22,Male,ME,8.13,58.19,68.73,79.65,2,Yes,4,75,90,Placed,9.11
5818,23,Female,CSE,8.49,96.5,54.27,66.65,2,No,1,45,71,Not Placed,0.0
5819,24,Male,ECE,6.86,66.43,86.8,56.3,2,No,5,91,63,Not Placed,0.0
5820,21,Male,EEE,7.4,89.41,50.29,84.14,2,Yes,0,73,58,Not Placed,0.0
5821,20,Male,ME,5.99,94.57,72.88,50.02,1,Yes,3,49,71,Not Placed,0.0
5822,20,Male,CE,8.4,67.32,81.63,66.44,4,Yes,3,70,49,Not Placed,0.0
5823,21,Female,CSE,6.11,92.27,71.54,60.9,4,No,1,50,93,Not Placed,0.0
5824,21,Male,ME,5.01,85.54,56.31,69.43,3,Yes,0,82,88,Not Placed,0.0
5825,24,Female,ECE,9.67,95.21,88.91,65.56,3,No,2,74,95,Placed,8.32
5826,21,Female,EEE,6.53,62.57,66.2,85.21,2,Yes,5,50,71,Placed,13.8
5827,23,Female,EEE,5.98,96.56,56.74,63.01,0,Yes,3,79,62,Placed,12.22
5828,22,Male,CE,6.34,53.27,77.51,78.04,0,No,4,100,72,Placed,7.02
5829,21,Female,CE,6.65,89.68,50.96,72.79,2,No,4,71,69,Not Placed,0.0
5830,21,Male,CE,7.37,71.78,66.2,90.05,4,No,2,88,69,Not Placed,0.0
5831,23,Male,ME,5.35,58.89,87.53,71.4,3,No,1,98,46,Not Placed,0.0
5832,20,Female,CSE,5.26,53.97,95.64,93.19,1,No,1,65,55,Not Placed,0.0
5833,20,Male,IT,6.46,69.48,79.59,50.01,0,No,5,61,82,Placed,7.49
5834,24,Male,EEE,6.48,69.47,60.88,80.24,3,Yes,3,96,92,Not Placed,0.0
5835,23,Female,IT,5.59,61.5,61.0,50.49,0,No,5,40,89,Not Placed,0.0
5836,22,Male,EEE,7.02,60.78,80.19,85.7,4,No,3,87,40,Not Placed,0.0
5837,22,Female,CE,6.42,69.98,70.34,61.75,4,No,3,68,69,Not Placed,0.0
5838,23,Male,CSE,5.13,70.51,58.86,69.0,2,No,2,91,73,Not Placed,0.0
5839,22,Male,CSE,9.43,72.12,89.37,69.02,2,Yes,2,78,100,Placed,13.86
5840,20,Male,EEE,9.43,93.44,60.01,92.32,0,Yes,3,61,93,Placed,4.8
5841,22,Male,ME,6.05,80.56,66.08,55.1,0,Yes,1,93,73,Not Placed,0.0
5842,22,Male,CE,5.81,51.02,53.07,83.34,3,No,0,71,100,Not Placed,0.0
5843,23,Female,CSE,7.74,75.95,85.07,99.06,2,Yes,3,64,77,Placed,6.12
5844,23,Male,CSE,8.15,88.12,63.76,51.12,4,Yes,1,79,100,Not Placed,0.0
5845,22,Female,ECE,9.79,52.82,61.64,98.29,3,No,1,84,70,Placed,10.21
5846,21,Male,CSE,6.89,71.13,65.17,50.92,3,No,4,68,99,Not Placed,0.0
5847,23,Male,ECE,8.09,72.56,93.71,92.06,1,Yes,5,76,95,Placed,4.73
5848,24,Female,CSE,9.39,97.7,75.9,98.06,4,No,0,71,47,Not Placed,0.0
5849,24,Female,CSE,7.25,73.78,57.89,99.65,3,Yes,3,98,93,Placed,3.84
5850,20,Male,ME,5.61,87.5,88.72,72.96,1,No,0,69,92,Not Placed,0.0
5851,22,Female,ME,6.89,65.15,60.42,93.35,2,No,3,99,59,Not Placed,0.0
5852,21,Female,CE,5.68,88.97,70.62,56.12,4,Yes,5,98,85,Not Placed,0.0
5853,20,Male,CSE,5.08,66.13,78.4,71.27,2,Yes,0,57,93,Not Placed,0.0
5854,22,Female,CE,8.76,71.5,79.22,65.4,1,Yes,0,83,68,Placed,5.61
5855,23,Male,CE,6.19,73.97,53.45,69.76,4,Yes,1,87,70,Not Placed,0.0
5856,24,Female,CE,5.01,96.32,91.84,85.1,0,Yes,0,42,60,Not Placed,0.0
5857,21,Female,CE,9.36,52.67,73.97,54.37,0,No,0,51,65,Placed,10.9
5858,24,Female,EEE,7.22,59.84,99.46,99.91,0,Yes,5,97,70,Placed,12.54
5859,23,Male,EEE,6.19,85.29,85.87,81.75,3,No,3,90,59,Not Placed,0.0
5860,22,Male,CSE,6.31,78.88,99.63,93.68,0,No,1,59,61,Not Placed,0.0
5861,23,Female,EEE,6.2,62.58,72.67,91.48,3,No,0,89,96,Not Placed,0.0
5862,23,Male,CSE,5.97,64.46,57.04,88.3,3,Yes,1,47,96,Not Placed,0.0
5863,24,Male,ME,9.21,68.37,86.37,51.96,1,Yes,1,70,79,Placed,8.18
5864,21,Female,IT,5.85,72.52,88.89,75.82,0,No,2,63,65,Not Placed,0.0
5865,23,Male,ECE,7.81,90.9,92.64,66.41,4,No,3,52,56,Not Placed,0.0
5866,24,Male,EEE,5.39,50.69,65.07,55.65,3,Yes,2,99,64,Not Placed,0.0
5867,21,Male,EEE,9.75,94.9,75.53,67.15,1,No,1,47,76,Placed,12.67
5868,22,Male,ME,8.02,70.65,92.88,82.24,3,Yes,5,81,66,Placed,3.29
5869,22,Female,EEE,9.52,61.52,93.24,61.53,4,No,5,53,42,Placed,7.07
5870,20,Female,CSE,6.99,75.42,51.28,72.23,4,No,0,54,95,Not Placed,0.0
5871,24,Male,CSE,9.05,82.98,83.55,70.22,0,No,3,60,63,Placed,10.05
5872,21,Female,IT,9.27,52.24,80.08,52.62,3,Yes,4,54,64,Placed,5.28
5873,23,Female,IT,8.51,85.79,54.17,81.4,4,Yes,3,65,89,Placed,8.98
5874,22,Female,IT,5.46,88.04,96.51,80.94,2,No,2,77,49,Not Placed,0.0
5875,21,Male,CSE,5.08,58.31,72.27,98.32,4,No,3,85,75,Not Placed,0.0
5876,24,Female,CE,5.84,58.39,83.71,64.9,4,Yes,0,77,81,Not Placed,0.0
5877,20,Male,CE,5.59,60.19,94.14,70.95,3,Yes,3,94,57,Not Placed,0.0
5878,22,Female,IT,8.63,89.83,56.51,70.18,4,Yes,4,72,100,Placed,8.63
5879,21,Female,IT,7.79,63.6,92.79,95.99,1,Yes,5,49,84,Placed,4.61
5880,21,Male,CSE,7.63,89.8,86.22,70.43,4,No,2,58,93,Not Placed,0.0
5881,21,Female,ME,6.26,77.03,91.98,72.14,2,Yes,2,50,56,Not Placed,0.0
5882,24,Male,EEE,5.77,88.36,74.74,62.62,4,No,1,42,53,Not Placed,0.0
5883,24,Female,ECE,6.03,77.68,51.67,50.06,0,No,2,98,97,Not Placed,0.0
5884,24,Male,CE,7.0,66.79,83.53,55.52,3,No,4,62,58,Not Placed,0.0
5885,23,Female,CE,8.7,95.54,68.73,85.19,2,Yes,4,45,57,Placed,13.95
5886,21,Male,CSE,6.27,85.76,70.12,84.12,1,No,5,80,62,Placed,5.01
5887,22,Male,CSE,8.49,74.2,72.06,66.13,4,Yes,2,96,47,Not Placed,0.0
5888,24,Male,ECE,7.46,81.87,74.65,73.65,4,No,5,80,89,Placed,7.59
5889,24,Male,ECE,9.43,80.79,83.1,64.87,1,No,3,68,55,Placed,14.6
5890,21,Male,IT,6.16,67.91,86.34,86.55,4,No,4,43,64,Not Placed,0.0
5891,24,Female,ECE,7.25,71.19,88.84,92.12,0,Yes,2,42,82,Placed,12.09
5892,23,Male,EEE,5.48,65.91,83.58,94.96,2,No,2,59,71,Not Placed,0.0
5893,23,Male,EEE,6.68,99.98,90.17,58.69,4,Yes,3,90,88,Not Placed,0.0
5894,24,Male,CE,7.53,79.0,56.11,84.75,1,No,5,94,89,Placed,3.35
5895,21,Female,EEE,8.66,54.6,91.84,98.15,1,Yes,2,82,58,Placed,10.66
5896,21,Female,EEE,5.99,75.96,69.36,82.53,2,Yes,0,90,57,Not Placed,0.0
5897,21,Female,EEE,6.09,52.5,76.44,67.55,0,Yes,1,88,71,Not Placed,0.0
5898,20,Female,IT,8.16,64.43,71.69,81.8,2,Yes,4,47,85,Placed,10.64
5899,24,Male,CE,6.91,72.3,73.79,84.42,4,Yes,3,45,88,Not Placed,0.0
5900,21,Male,CSE,7.41,76.71,64.27,69.85,0,Yes,3,44,79,Placed,4.6
5901,23,Male,CE,9.18,98.81,58.5,55.2,0,No,1,47,54,Placed,14.02
5902,22,Female,CE,7.5,99.11,55.24,80.33,1,No,0,98,88,Not Placed,0.0
5903,22,Female,CE,8.26,54.9,72.57,90.11,0,Yes,1,47,60,Placed,4.14
5904,21,Male,ECE,8.28,76.91,56.26,99.88,4,Yes,2,74,50,Not Placed,0.0
5905,22,Male,CSE,9.02,90.86,62.25,61.15,4,No,5,58,68,Placed,8.91
5906,22,Male,ECE,8.19,61.89,56.68,85.02,4,Yes,3,87,71,Not Placed,0.0
5907,20,Male,IT,5.32,87.53,55.46,51.4,3,No,5,49,45,Not Placed,0.0
5908,23,Female,IT,6.71,93.93,94.12,98.49,0,No,5,94,94,Placed,14.11
5909,23,Male,ME,9.95,83.12,83.7,50.63,0,No,5,74,58,Placed,5.88
5910,20,Female,ME,5.98,66.39,96.19,67.94,4,No,5,48,55,Not Placed,0.0
5911,20,Male,IT,7.93,96.16,82.2,53.82,1,No,2,47,51,Not Placed,0.0
5912,22,Female,IT,9.21,94.18,92.2,81.05,0,Yes,3,47,54,Placed,7.51
5913,24,Female,ECE,7.93,85.79,77.76,66.97,3,Yes,5,96,50,Placed,3.02
5914,22,Female,IT,6.86,68.18,73.13,86.65,0,Yes,3,47,78,Placed,3.77
5915,20,Female,CSE,5.4,89.59,76.42,74.32,2,No,5,59,95,Not Placed,0.0
5916,23,Female,ECE,6.81,65.81,66.01,70.97,3,No,2,46,49,Not Placed,0.0
5917,22,Female,IT,5.91,62.65,82.9,67.43,1,No,1,85,90,Not Placed,0.0
5918,24,Female,ECE,9.8,75.75,94.86,54.31,3,Yes,5,61,76,Placed,12.59
5919,22,Female,ECE,8.58,99.86,89.12,60.24,3,Yes,4,56,88,Placed,12.74
5920,21,Female,EEE,8.75,90.22,73.1,81.96,0,Yes,4,83,96,Placed,8.73
5921,22,Female,ME,7.18,86.49,97.7,74.84,3,No,1,44,63,Not Placed,0.0
5922,20,Female,ECE,5.55,72.6,99.27,53.5,4,No,0,73,90,Not Placed,0.0
5923,23,Female,CE,6.33,65.6,74.66,77.2,3,No,1,64,75,Not Placed,0.0
5924,23,Male,ECE,6.3,92.8,93.23,52.71,0,No,1,86,40,Not Placed,0.0
5925,20,Male,CE,7.43,78.39,50.24,75.59,4,No,1,82,85,Not Placed,0.0
5926,21,Male,EEE,7.3,90.66,53.33,98.25,1,No,4,54,56,Placed,13.22
5927,20,Male,IT,7.17,74.39,51.12,65.37,2,Yes,3,70,53,Not Placed,0.0
5928,22,Female,ECE,7.48,87.7,88.66,86.18,3,Yes,0,84,77,Not Placed,0.0
5929,20,Male,EEE,9.94,93.39,53.99,87.28,4,Yes,0,58,93,Placed,10.96
5930,20,Female,CSE,6.49,69.57,50.85,70.24,4,No,0,83,64,Not Placed,0.0
5931,21,Male,EEE,8.08,50.68,57.37,79.66,1,Yes,2,70,99,Placed,3.99
5932,22,Male,ME,6.2,62.75,65.31,73.6,1,Yes,5,86,76,Placed,12.19
5933,24,Female,ME,7.33,95.75,73.24,64.17,2,No,1,51,74,Not Placed,0.0
5934,24,Female,IT,6.0,84.38,53.27,87.74,2,Yes,3,62,61,Not Placed,0.0
5935,23,Male,CE,7.79,86.86,74.95,85.14,0,No,3,89,95,Placed,9.43
5936,20,Female,IT,6.33,66.26,62.4,95.03,2,No,2,62,99,Not Placed,0.0
5937,23,Female,CE,5.18,85.06,63.72,80.91,2,No,4,100,86,Not Placed,0.0
5938,21,Male,CE,9.08,82.31,91.1,69.44,4,No,2,75,46,Not Placed,0.0
5939,24,Male,CE,5.64,58.92,99.35,85.7,3,No,2,50,50,Not Placed,0.0
5940,20,Female,CE,6.84,98.43,73.19,80.95,3,No,1,61,49,Not Placed,0.0
5941,21,Male,ME,7.39,67.7,66.09,80.83,2,Yes,4,86,53,Placed,14.15
5942,21,Male,ME,7.16,66.46,96.57,92.49,0,No,5,96,74,Placed,13.57
5943,20,Male,ECE,8.63,68.46,75.02,95.52,0,No,5,95,85,Placed,8.97
5944,21,Female,ME,7.98,54.59,86.52,59.01,3,Yes,2,96,88,Placed,5.16
5945,20,Female,IT,6.48,81.25,70.69,65.7,1,Yes,5,69,75,Placed,4.75
5946,20,Female,ME,5.26,61.93,60.13,82.52,4,Yes,3,44,45,Not Placed,0.0
5947,22,Male,IT,8.84,90.17,82.74,77.86,2,No,1,76,91,Placed,13.9
5948,23,Female,CSE,6.76,69.71,83.24,82.62,4,Yes,5,59,44,Not Placed,0.0
5949,21,Male,ME,9.45,72.93,73.01,71.65,2,No,4,96,81,Placed,12.65
5950,21,Male,IT,6.98,82.32,63.5,70.62,2,Yes,3,49,46,Not Placed,0.0
5951,22,Male,CE,8.59,88.09,91.59,55.88,3,Yes,0,95,54,Placed,10.31
5952,22,Male,EEE,9.7,61.56,63.77,81.18,4,Yes,1,61,60,Placed,10.32
5953,22,Female,CE,8.26,98.31,82.95,58.79,4,No,3,81,92,Placed,3.38
5954,24,Female,ECE,7.07,81.12,69.2,83.55,1,Yes,2,69,57,Placed,8.34
5955,24,Male,IT,7.84,50.28,73.62,98.35,1,Yes,2,69,40,Placed,13.37
5956,24,Female,CE,7.72,70.78,60.57,62.82,4,No,1,61,43,Not Placed,0.0
5957,20,Female,ME,7.92,71.84,82.47,57.11,1,No,4,77,50,Placed,8.22
5958,21,Female,ME,5.73,90.46,61.29,51.21,1,No,2,77,49,Not Placed,0.0
5959,23,Male,CSE,8.49,65.26,74.29,68.94,2,No,3,94,84,Placed,7.57
5960,20,Female,EEE,5.73,66.56,66.42,60.73,3,No,0,77,95,Not Placed,0.0
5961,21,Male,IT,5.07,53.52,98.18,74.59,2,No,4,95,58,Not Placed,0.0
5962,21,Female,CE,8.12,64.18,99.11,76.22,1,No,1,46,93,Placed,14.62
5963,22,Male,EEE,5.58,85.85,87.67,67.47,2,Yes,2,89,81,Not Placed,0.0
5964,22,Female,CSE,8.85,81.74,99.2,87.5,2,Yes,4,97,69,Placed,8.8
5965,20,Male,ECE,9.33,54.07,55.68,95.24,0,Yes,0,75,89,Placed,5.52
5966,22,Male,EEE,9.72,55.73,99.62,60.58,2,No,4,53,80,Placed,3.7
5967,21,Female,CSE,8.32,68.85,55.18,91.81,2,No,4,50,80,Placed,10.82
5968,22,Female,IT,7.41,87.19,70.77,56.56,3,Yes,1,46,59,Not Placed,0.0
5969,24,Female,ECE,6.76,91.65,61.95,61.44,4,No,0,71,99,Not Placed,0.0
5970,22,Female,ME,7.45,50.73,97.69,78.07,0,No,0,57,66,Not Placed,0.0
5971,21,Male,CSE,5.95,66.45,81.79,65.33,0,No,4,91,51,Not Placed,0.0
5972,20,Male,ME,6.74,71.21,79.86,52.09,0,No,2,73,95,Not Placed,0.0
5973,23,Male,ECE,8.59,95.56,99.87,64.74,0,No,4,41,53,Placed,9.38
5974,22,Male,CSE,6.09,75.07,80.62,95.24,3,Yes,3,46,73,Not Placed,0.0
5975,21,Female,CSE,6.32,63.49,82.31,58.71,4,No,2,82,81,Not Placed,0.0
5976,23,Female,ECE,8.75,69.5,52.24,88.19,3,No,1,70,89,Not Placed,0.0
5977,23,Female,IT,5.89,71.82,92.95,86.11,0,No,0,57,77,Not Placed,0.0
5978,24,Female,CSE,6.23,83.5,98.5,55.31,4,No,5,59,41,Not Placed,0.0
5979,23,Female,ECE,5.09,52.05,98.02,66.47,3,Yes,2,46,88,Not Placed,0.0
5980,21,Male,EEE,8.6,69.47,61.06,59.47,4,Yes,1,61,97,Not Placed,0.0
5981,21,Male,ME,8.09,82.33,61.3,51.16,3,Yes,4,91,71,Placed,6.35
5982,22,Female,CSE,8.47,64.17,68.3,58.65,4,No,1,96,57,Not Placed,0.0
5983,22,Male,EEE,6.07,79.59,65.51,60.08,3,No,3,76,89,Not Placed,0.0
5984,22,Male,CSE,8.44,67.86,65.28,58.3,0,No,5,73,60,Placed,14.39
5985,23,Male,IT,7.98,87.94,80.26,54.55,0,No,1,85,85,Placed,7.67
5986,23,Female,ECE,6.83,53.03,90.28,76.32,0,Yes,5,78,93,Placed,3.04
5987,24,Male,CSE,7.19,95.9,96.84,66.13,3,Yes,5,81,50,Placed,3.24
5988,22,Female,ECE,7.84,58.58,53.39,95.41,4,No,2,99,69,Not Placed,0.0
5989,20,Female,CE,7.47,57.93,63.9,59.36,4,No,0,89,58,Not Placed,0.0
5990,24,Male,CSE,8.21,92.03,62.75,80.14,1,No,2,79,87,Placed,12.49
5991,20,Female,IT,5.9,93.46,67.87,95.03,2,No,2,94,79,Not Placed,0.0
5992,23,Female,IT,7.7,54.65,71.22,52.36,0,Yes,0,55,89,Not Placed,0.0
5993,24,Female,EEE,7.25,95.44,69.46,75.81,0,Yes,3,53,69,Placed,11.86
5994,24,Female,IT,7.31,63.66,97.61,72.53,0,Yes,2,99,97,Placed,12.93
5995,21,Male,ECE,7.35,80.93,71.86,96.44,1,Yes,0,80,74,Placed,13.04
5996,23,Female,CE,9.41,53.43,77.58,83.19,1,No,0,71,43,Placed,7.94
5997,23,Male,IT,9.09,69.03,87.43,67.46,1,No,2,77,60,Placed,10.51
5998,24,Female,CSE,8.15,72.54,86.25,85.58,0,No,5,78,44,Placed,9.62
5999,23,Female,IT,8.58,79.99,79.15,79.13,4,No,0,65,93,Not Placed,0.0
6000,24,Female,CE,5.21,76.26,93.04,67.36,0,No,5,69,75,Placed,6.38
